"crash_record_id","rd_no","crash_date_est_i","crash_date","posted_speed_limit","traffic_control_device","device_condition","weather_condition","lighting_condition","first_crash_type","trafficway_type","lane_cnt","alignment","roadway_surface_cond","road_defect","report_type","crash_type","intersection_related_i","private_property_i","hit_and_run_i","damage","date_police_notified","prim_contributory_cause","sec_contributory_cause","street_no","street_direction","street_name","beat_of_occurrence","photos_taken_i","statements_taken_i","dooring_i","work_zone_i","work_zone_type","workers_present_i","num_units","most_severe_injury","injuries_total","injuries_fatal","injuries_incapacitating","injuries_non_incapacitating","injuries_reported_not_evident","injuries_no_indication","injuries_unknown","crash_hour","crash_day_of_week","crash_month","latitude","longitude","location"
"f05766163d1d22c35713219dfa1d5996fd167f64439032d33dc8ccd3eb60a0b56785102320c92aa739830b3c2027ca4f2ea1b7d892010d1cdd11f60298700997",,,"2022-03-22T15:59:00.000","35","NO CONTROLS","NO CONTROLS","CLEAR","DAYLIGHT","PARKED MOTOR VEHICLE","NOT DIVIDED",,"STRAIGHT AND LEVEL","WET","NO DEFECTS","ON SCENE","NO INJURY / DRIVE AWAY",,,"Y","$501 - $1,500","2022-03-22T16:04:00.000","IMPROPER OVERTAKING/PASSING","IMPROPER OVERTAKING/PASSING","7099","S","ELIZABETH ST","734",,,,,,,"2","NO INDICATION OF INJURY","0","0","0","0","0","1","0","15","3","3","41.765128396","-87.655183865","POINT (-87.655183865225 41.765128396198)"
"49d80bd20f8b0bb649a2c8fb6319c876ba7014b906d5896bac15bfc30fd6781b8bae499648812ab1032f1e2245e84cd040fd64cd5f334911b100c1a419612f5a",,,"2022-03-22T15:57:00.000","30","STOP SIGN/FLASHER","FUNCTIONING PROPERLY","RAIN","DAYLIGHT","ANGLE","NOT DIVIDED",,"STRAIGHT AND LEVEL","WET","NO DEFECTS","ON SCENE","NO INJURY / DRIVE AWAY",,,"Y","OVER $1,500","2022-03-22T16:17:00.000","DISREGARDING STOP SIGN","NOT APPLICABLE","2330","W","68TH ST","832",,,,,,,"2","NO INDICATION OF INJURY","0","0","0","0","0","2","0","15","3","3","41.770271047","-87.68201693","POINT (-87.682016930149 41.770271046843)"
"2c7bb9dd32f94974ccb322e4824b1d91c7da67ffa1a7520b871f38efbf1943a3b57b57340ee789033e6888ad061f41e0164796ff522364c8c54f47bee643141b",,,"2022-03-22T15:50:00.000","30","TRAFFIC SIGNAL","FUNCTIONING PROPERLY","CLEAR","DAYLIGHT","SIDESWIPE SAME DIRECTION","NOT DIVIDED",,"STRAIGHT AND LEVEL","DRY","NO DEFECTS","ON SCENE","NO INJURY / DRIVE AWAY","Y",,"Y","$501 - $1,500","2022-03-22T15:55:00.000","FOLLOWING TOO CLOSELY","FAILING TO REDUCE SPEED TO AVOID CRASH","7500","S","JEFFERY BLVD","414",,,,,,,"2","NO INDICATION OF INJURY","0","0","0","0","0","2","0","15","3","3","41.758783819","-87.576286649","POINT (-87.576286649151 41.758783819129)"
"ef299ccc4cb338ad7b4abaf0595f8294797c267970acca3bb9ec9ccf40e7565d381a67c8fd4140913e8b4fef12edd45e88a080521d202e54e83cc183434f8821",,,"2022-03-22T15:45:00.000","30","TRAFFIC SIGNAL","FUNCTIONING PROPERLY","CLOUDY/OVERCAST","DAYLIGHT","REAR END","NOT DIVIDED",,"STRAIGHT AND LEVEL","DRY","NO DEFECTS","NOT ON SCENE (DESK REPORT)","NO INJURY / DRIVE AWAY",,,"Y","$501 - $1,500","2022-03-22T16:30:00.000","FOLLOWING TOO CLOSELY","FOLLOWING TOO CLOSELY","3002","N","SACRAMENTO AVE","1411",,,,,,,"2","NO INDICATION OF INJURY","0","0","0","0","0","3","0","15","3","3","41.93581538","-87.702763009","POINT (-87.702763008531 41.935815379586)"
"f31028324f5659eb352a333c726497b6a862c646cc21cbaed261ce6bce3bd0973fe63d3f75181921c4ce683c4afbd0b6d027e401207616f121914426d3c7de25",,,"2022-03-22T15:44:00.000","35","NO CONTROLS","NO CONTROLS","RAIN","DAYLIGHT","TURNING","NOT DIVIDED",,"STRAIGHT AND LEVEL","WET","UNKNOWN","ON SCENE","NO INJURY / DRIVE AWAY","N",,,"OVER $1,500","2022-03-22T15:44:00.000","FAILING TO YIELD RIGHT-OF-WAY","FAILING TO YIELD RIGHT-OF-WAY","3244","S","WOOD ST","912",,,,,,,"2","NO INDICATION OF INJURY","0","0","0","0","0","3","0","15","3","3","41.834826669","-87.67065113","POINT (-87.670651130111 41.83482666907)"
"b25d7d07c1991acdfb8615275db4c0c23e63f7c646f726505833a53477013a1c86d89b36d1e0d6cbee7b1876264997a15a6eda46bb04f2fcb8f7468788b282d9",,,"2022-03-22T15:37:00.000","30","NO CONTROLS","NO CONTROLS","CLEAR","DAYLIGHT","ANGLE","DIVIDED - W/MEDIAN (NOT RAISED)",,"CURVE, LEVEL","DRY","NO DEFECTS","NOT ON SCENE (DESK REPORT)","INJURY AND / OR TOW DUE TO CRASH",,,,"$501 - $1,500","2022-03-22T16:14:00.000","FAILING TO YIELD RIGHT-OF-WAY","NOT APPLICABLE","1649","N","CICERO AVE","2533",,,,,,,"2","REPORTED, NOT EVIDENT","2","0","0","0","2","3","0","15","3","3","41.911109844","-87.745749459","POINT (-87.745749459302 41.911109844205)"
"a6973705f3400ebb3ee29daa3ca0ff92acde74ab2843367ea9033d09f6376c005bc80af2b1087a4fa0abde45dc423c763858ebb1a2a0353edb072cd4fd4fe6bf",,,"2022-03-22T15:35:00.000","55","NO CONTROLS","NO CONTROLS","CLOUDY/OVERCAST","DAYLIGHT","REAR END","DIVIDED - W/MEDIAN BARRIER",,"STRAIGHT ON GRADE","WET","NO DEFECTS","ON SCENE","INJURY AND / OR TOW DUE TO CRASH",,,,"OVER $1,500","2022-03-22T15:45:00.000","FOLLOWING TOO CLOSELY","DISTRACTION - FROM INSIDE VEHICLE","9750","S","CHICAGO SKYWAY OB","432",,,,,,,"2","NONINCAPACITATING INJURY","1","0","0","1","0","1","0","15","3","3",,,
"27ae4e76f582bea6e98ae85e3a29e2c09ab82f3ded6a5bae22222440b84b07c77f387a7a3307b3f1b9538654312d6ef45aa4cd06085b4ce26240aa841bc1d432",,,"2022-03-22T15:30:00.000","30","TRAFFIC SIGNAL","FUNCTIONING PROPERLY","CLEAR","DAYLIGHT","REAR END","DIVIDED - W/MEDIAN (NOT RAISED)",,"STRAIGHT AND LEVEL","WET","NO DEFECTS","NOT ON SCENE (DESK REPORT)","NO INJURY / DRIVE AWAY","Y",,"N","$501 - $1,500","2022-03-22T18:52:00.000","FOLLOWING TOO CLOSELY","NOT APPLICABLE","6060","N","CLARK ST","2433",,,,,,,"2","NO INDICATION OF INJURY","0","0","0","0","0","2","0","15","3","3","41.992505162","-87.670227045","POINT (-87.670227045154 41.992505162424)"
"9625c1ea9f484ca58a0783e8808b3b8e45bad7a2434b970bc8f5625c623f41f2156cf3b75ef72c5ab641773cbedb874339f7db56a4d5f2ba7412555cd49ae9cf",,,"2022-03-22T15:28:00.000","30","NO CONTROLS","NO CONTROLS","CLOUDY/OVERCAST","DAYLIGHT","REAR END","NOT DIVIDED",,"STRAIGHT AND LEVEL","DRY","NO DEFECTS","ON SCENE","INJURY AND / OR TOW DUE TO CRASH",,,,"OVER $1,500","2022-03-22T15:29:00.000","FOLLOWING TOO CLOSELY","UNABLE TO DETERMINE","7427","S","ASHLAND AVE","734",,,,,,,"2","NONINCAPACITATING INJURY","1","0","0","1","0","2","0","15","3","3","41.758690279","-87.663478952","POINT (-87.663478952021 41.758690279445)"
"1f54163c0afc4a724a8254f7fb04b655f6a26b3344fce742c3e2b443d0d327bad7c1da9b83c36d46adf12f35058ac51ef2a8e81a1c3ea0ca54c86ad300823126",,,"2022-03-22T15:16:00.000","30","NO CONTROLS","NO CONTROLS","CLEAR","DAYLIGHT","REAR END","NOT DIVIDED",,"STRAIGHT AND LEVEL","DRY","NO DEFECTS","ON SCENE","NO INJURY / DRIVE AWAY",,,"Y","$501 - $1,500","2022-03-22T15:17:00.000","FAILING TO REDUCE SPEED TO AVOID CRASH","NOT APPLICABLE","2407","W","65TH ST","832",,,,,,,"2","NO INDICATION OF INJURY","0","0","0","0","0","11","0","15","3","3","41.775503529","-87.683857776","POINT (-87.683857776317 41.77550352893)"
"83c13b4b240d11354573a980ac520f5d39120d0851320b4fdc45ab39ea243877679ca955a31c4573d5ac7e3a70258004909c11db4e6bca2c691a95bb2499c3e3",,,"2022-03-22T15:11:00.000","30","STOP SIGN/FLASHER","NO CONTROLS","CLEAR","DAYLIGHT","TURNING","DIVIDED - W/MEDIAN (NOT RAISED)",,"STRAIGHT AND LEVEL","DRY","UNKNOWN","ON SCENE","NO INJURY / DRIVE AWAY",,,,"OVER $1,500","2022-03-22T15:11:00.000","UNABLE TO DETERMINE","NOT APPLICABLE","7130","S","STONY ISLAND AVE","324",,,,,,,"2","NO INDICATION OF INJURY","0","0","0","0","0","3","0","15","3","3","41.765182268","-87.586451194","POINT (-87.586451193683 41.765182268)"
"29f83ffea89ef16238ec5f6d0c3dd5297e9a4c1b7c9e730c8edc04d4d74c962427d34d941ed43e37e555add78ec9926e9a6b9481cbce8742622243791d519efd",,,"2022-03-22T15:00:00.000","30","NO CONTROLS","NO CONTROLS","CLEAR","DAYLIGHT","SIDESWIPE SAME DIRECTION","NOT DIVIDED",,"STRAIGHT AND LEVEL","DRY","NO DEFECTS","NOT ON SCENE (DESK REPORT)","NO INJURY / DRIVE AWAY",,,,"OVER $1,500","2022-03-22T16:15:00.000","IMPROPER LANE USAGE","IMPROPER LANE USAGE","2400","W","55TH ST","923",,,,,,,"2","NO INDICATION OF INJURY","0","0","0","0","0","2","0","15","3","3","41.793981347","-87.684141741","POINT (-87.684141741284 41.793981346574)"
"519824af39ee4e448a5d7dc2255559829f2bef784b26f91e3b9587f1cdce8aad7be857b13fa9b95570aa0766821e7ad3a277924407a92e6845e79299b1b8acbb",,,"2022-03-22T15:00:00.000","30","TRAFFIC SIGNAL","FUNCTIONING PROPERLY","CLEAR","DAYLIGHT","TURNING","NOT DIVIDED",,"STRAIGHT AND LEVEL","DRY","NO DEFECTS","NOT ON SCENE (DESK REPORT)","NO INJURY / DRIVE AWAY",,,"Y","OVER $1,500","2022-03-22T15:57:00.000","NOT APPLICABLE","NOT APPLICABLE","2110","S","WABASH AVE","131",,,,,,,"2","NO INDICATION OF INJURY","0","0","0","0","0","2","0","15","3","3","41.853887989","-87.62566805","POINT (-87.625668049718 41.853887988688)"
"6fc45cd1125e9def58f9fcf42518466914d33a57efb14ff3bf6a09bed35dbfd60bd5666e86db3d07b401143b56e3278a6b1641d7fb5ddf9992202193a0714eca",,,"2022-03-22T15:00:00.000","30","NO CONTROLS","NO CONTROLS","RAIN","DAYLIGHT","SIDESWIPE SAME DIRECTION","DIVIDED - W/MEDIAN (NOT RAISED)",,"STRAIGHT ON GRADE","WET","NO DEFECTS","ON SCENE","NO INJURY / DRIVE AWAY",,,,"OVER $1,500","2022-03-22T15:03:00.000","DRIVING SKILLS/KNOWLEDGE/EXPERIENCE","UNABLE TO DETERMINE","12959","S","HALSTED ST","523",,,,,,,"2","NO INDICATION OF INJURY","0","0","0","0","0","4","0","15","3","3","41.658247641","-87.641104626","POINT (-87.641104626472 41.658247640704)"
"f837469faf7c3d99303ba9183b4d5f86a48c94dee7f44726242759bcb272c1f09925d1dcebd401cbd2e9f35f96a21ea3aa144dbe09c44b17ba10dbedfc5e607d",,,"2022-03-22T14:59:00.000","30","NO CONTROLS","NO CONTROLS","CLEAR","DAYLIGHT","REAR END","NOT DIVIDED",,"STRAIGHT AND LEVEL","DRY","NO DEFECTS","NOT ON SCENE (DESK REPORT)","NO INJURY / DRIVE AWAY",,,,"OVER $1,500","2022-03-22T16:09:00.000","DRIVING SKILLS/KNOWLEDGE/EXPERIENCE","NOT APPLICABLE","8059","S","STONY ISLAND AVE","411",,,,,,,"2","NO INDICATION OF INJURY","0","0","0","0","0","2","0","14","3","3","41.748120009","-87.585309303","POINT (-87.585309303259 41.748120008663)"
"a640cfd96782b67c296b94aadf9665a7b7c3001ed593e41ff3587a92acdbd03bdf48f6ab34f33ede7a800db9571b6115e0515be1d21c8308cf6cf99fd73bfa0e",,,"2022-03-22T14:45:00.000","30","TRAFFIC SIGNAL","FUNCTIONING PROPERLY","CLEAR","DAYLIGHT","TURNING","FOUR WAY",,"STRAIGHT AND LEVEL","DRY","NO DEFECTS","ON SCENE","INJURY AND / OR TOW DUE TO CRASH","Y","Y",,"OVER $1,500","2022-03-22T14:45:00.000","FAILING TO YIELD RIGHT-OF-WAY","NOT APPLICABLE","8253","S","DAMEN AVE","614",,,,,,,"2","NONINCAPACITATING INJURY","2","0","0","2","0","0","0","14","3","3","41.743173794","-87.672823262","POINT (-87.672823262487 41.743173794022)"
"e89cb16f5f20cd0d6b98fb591cf28a2d22d65f8bc1cc0dc439e83f3ec54f1d4c68e15cf88421609c7272c4759af72c5c823ef459abe6492735e14ac053dc6526",,,"2022-03-22T14:45:00.000","30","TRAFFIC SIGNAL","FUNCTIONING PROPERLY","CLEAR","DAYLIGHT","REAR END","DIVIDED - W/MEDIAN (NOT RAISED)",,"STRAIGHT AND LEVEL","DRY","NO DEFECTS","NOT ON SCENE (DESK REPORT)","NO INJURY / DRIVE AWAY",,,,"$501 - $1,500","2022-03-22T15:00:00.000","FOLLOWING TOO CLOSELY","NOT APPLICABLE","200","S","RACINE AVE","1231",,,,,,,"2","NO INDICATION OF INJURY","0","0","0","0","0","3","0","14","3","3","41.879010723","-87.657200592","POINT (-87.657200591996 41.879010723339)"
"5a0656e12872a8158d8911d6ccbacb9868f474b28008e11602a6c036b43fa713c0f97ede0b620e7aba4134dac78a18bfb53f8ccf87fa3e816b5f917bf7b5860f",,,"2022-03-22T14:30:00.000","30","NO CONTROLS","NO CONTROLS","CLEAR","DAYLIGHT","SIDESWIPE SAME DIRECTION","DIVIDED - W/MEDIAN (NOT RAISED)",,"STRAIGHT AND LEVEL","DRY","NO DEFECTS","ON SCENE","NO INJURY / DRIVE AWAY","Y",,"Y","OVER $1,500","2022-03-22T15:03:00.000","UNABLE TO DETERMINE","UNABLE TO DETERMINE","4132","W","OGDEN AVE","1013",,"Y",,,,,"2","NO INDICATION OF INJURY","0","0","0","0","0","2","0","14","3","3","41.850135345","-87.727799227","POINT (-87.727799226811 41.850135345427)"
"b4a3802b01e37217b35da6c21d8beceb62fd15307954a540d7b2bb17c0d142d58e2349b3759d85c43e7468879ea9ecfb128bd0775443125876dc110934a0c89a",,,"2022-03-22T14:30:00.000","30","TRAFFIC SIGNAL","FUNCTIONING PROPERLY","CLOUDY/OVERCAST","DAYLIGHT","SIDESWIPE SAME DIRECTION","CENTER TURN LANE",,"STRAIGHT AND LEVEL","DRY","UNKNOWN","ON SCENE","NO INJURY / DRIVE AWAY","Y",,"Y","OVER $1,500","2022-03-22T15:05:00.000","UNABLE TO DETERMINE","NOT APPLICABLE","4357","N","NARRAGANSETT AVE","1624",,,,,,,"2","NO INDICATION OF INJURY","0","0","0","0","0","3","0","14","3","3","41.960077876","-87.786653299","POINT (-87.786653298794 41.960077875528)"
"32b8564871c27097432fb64af2170529ee6163419b3d0535b23231ca53dd66aa79181b87b6e2b6f707851b45282470ac01c07192f329a806bcde2443f9db8fc3",,,"2022-03-22T14:14:00.000","40","NO CONTROLS","NO CONTROLS","CLEAR","DAYLIGHT","FIXED OBJECT","DIVIDED - W/MEDIAN (NOT RAISED)",,"STRAIGHT AND LEVEL","DRY","NO DEFECTS","ON SCENE","NO INJURY / DRIVE AWAY",,,,"OVER $1,500","2022-03-22T14:28:00.000","UNABLE TO DETERMINE","UNABLE TO DETERMINE","13000","S","STONY ISLAND AVE","434",,,,,,,"1","NO INDICATION OF INJURY","0","0","0","0","0","1","0","14","3","3",,,
"35cc0598e83498d8d519b1564fb7255f045479eef98aed644102ddce303d1106376a2290d9d3d1da3364d628ee00453d426ce04f2c75a247363b6d665e5be251",,,"2022-03-22T14:00:00.000","30","NO CONTROLS","NO CONTROLS","CLEAR","DAYLIGHT","TURNING","NOT DIVIDED",,"STRAIGHT AND LEVEL","DRY","NO DEFECTS","NOT ON SCENE (DESK REPORT)","NO INJURY / DRIVE AWAY",,,,"OVER $1,500","2022-03-22T15:00:00.000","IMPROPER LANE USAGE","IMPROPER TURNING/NO SIGNAL","1556","E","76TH PL","411",,,,,,,"2","NO INDICATION OF INJURY","0","0","0","0","0","2","0","14","3","3","41.756136283","-87.586059876","POINT (-87.586059876177 41.756136283091)"
"c4cfd8fe7633ee86d0fdcaec26166c22ffdfb71b3155b5125eb15999fcb359b866b0a50f7dcd779e745a2bef4a379c4ae534602700d8d112b3f2c52297b1712a",,,"2022-03-22T14:00:00.000","30","NO CONTROLS","NO CONTROLS","CLEAR","DAYLIGHT","PARKED MOTOR VEHICLE","PARKING LOT",,"STRAIGHT AND LEVEL","DRY","NO DEFECTS","NOT ON SCENE (DESK REPORT)","NO INJURY / DRIVE AWAY",,,,"OVER $1,500","2022-03-22T15:10:00.000","IMPROPER BACKING","IMPROPER BACKING","6718","S","RACINE AVE","724",,,,,,,"2","NO INDICATION OF INJURY","0","0","0","0","0","1","0","14","3","3","41.77173175","-87.65444208","POINT (-87.654442080273 41.7717317496)"
"9b975f9505560cf62d04e4d6f6e38ee09baad1aca92021295cd19f98bd5b713d5eb89898ec5dc6c448f0131a7d613512f86419f813231a73178b4c0216488867",,,"2022-03-22T13:55:00.000","30","NO CONTROLS","NO CONTROLS","CLEAR","DAYLIGHT","TURNING","NOT DIVIDED",,"STRAIGHT AND LEVEL","DRY","NO DEFECTS","NOT ON SCENE (DESK REPORT)","NO INJURY / DRIVE AWAY",,,,"OVER $1,500","2022-03-22T15:11:00.000","IMPROPER TURNING/NO SIGNAL","NOT APPLICABLE","8630","S","COTTAGE GROVE AVE","632",,,,,,,"2","NO INDICATION OF INJURY","0","0","0","0","0","2","0","13","3","3","41.737525128","-87.604994335","POINT (-87.604994334961 41.737525127752)"
"ad4d1e700c7ba676323e4a87b791717d6bdea1c5a1d2b06a86152044fa6380882937bc423755836f1f9d5bca56d9cbddd4e71e4a38f3459de88b3b9b5db3c3f7",,,"2022-03-22T13:41:00.000","30","NO CONTROLS","NO CONTROLS","CLOUDY/OVERCAST","DAYLIGHT","PARKED MOTOR VEHICLE","ONE-WAY",,"STRAIGHT AND LEVEL","DRY","NO DEFECTS","ON SCENE","NO INJURY / DRIVE AWAY",,,,"$500 OR LESS","2022-03-22T13:41:00.000","FAILING TO YIELD RIGHT-OF-WAY","NOT APPLICABLE","7639","S","COLFAX AVE","421",,,,,,,"2","NO INDICATION OF INJURY","0","0","0","0","0","6","0","13","3","3","41.756076136","-87.561318777","POINT (-87.561318776827 41.756076135668)"
"6134e6481ac8140677d33f24cdf1fee5181312cb5ffd5645fb084ad2f427b2662cef969d85ed2bcb778aec1916e658784d803d1eb1a8c9db0d92ec08c866eab9",,,"2022-03-22T13:37:00.000","30","NO CONTROLS","NO CONTROLS","CLOUDY/OVERCAST","DAYLIGHT","REAR END","DIVIDED - W/MEDIAN BARRIER",,"STRAIGHT AND LEVEL","DRY","UNKNOWN","ON SCENE","NO INJURY / DRIVE AWAY",,,,"OVER $1,500","2022-03-22T13:37:00.000","FOLLOWING TOO CLOSELY","UNABLE TO DETERMINE","759","S","ASHLAND AVE","1231",,,,,,,"2","NO INDICATION OF INJURY","0","0","0","0","0","4","0","13","3","3","41.871694538","-87.666386041","POINT (-87.666386041197 41.871694537644)"
"c301af6885fb8ee0984d6bf56e1896adc966e6b5741abf6b25e9fe0ddd52ef68a40a6b00f070a18b7d9aeaa355dd1ef7e00c615dfd9351a5d1a18cc6152f89b8",,,"2022-03-22T13:30:00.000","25","NO CONTROLS","NO CONTROLS","CLEAR","DAYLIGHT","PARKED MOTOR VEHICLE","NOT DIVIDED",,"STRAIGHT AND LEVEL","DRY","NO DEFECTS","NOT ON SCENE (DESK REPORT)","NO INJURY / DRIVE AWAY",,,"Y","OVER $1,500","2022-03-22T17:00:00.000","FAILING TO YIELD RIGHT-OF-WAY","FAILING TO REDUCE SPEED TO AVOID CRASH","232","E","47TH ST","215",,,,,,,"2","NO INDICATION OF INJURY","0","0","0","0","0","4","0","13","3","3","41.809444339","-87.619677059","POINT (-87.619677059338 41.80944433866)"
"64e968843cd14331d875aa6cafe9dc5a279352c3ee36b40c26689e3dec090c2cd66546d4e77b01af1c910808afd163c5428af89ea1b92b45715bb6fe7123671d",,,"2022-03-22T13:25:00.000","30","NO CONTROLS","NO CONTROLS","CLEAR","DAYLIGHT","SIDESWIPE SAME DIRECTION","ONE-WAY",,"STRAIGHT AND LEVEL","DRY","UNKNOWN","NOT ON SCENE (DESK REPORT)","NO INJURY / DRIVE AWAY",,,,"OVER $1,500","2022-03-22T15:15:00.000","IMPROPER OVERTAKING/PASSING","NOT APPLICABLE","333","W","OHIO ST","1831",,,,,,,"2","NO INDICATION OF INJURY","0","0","0","0","0","2","0","13","3","3","41.892256427","-87.637003761","POINT (-87.637003761424 41.892256426719)"
"2f806e85924a49a62d18846f3e3c046e63bc41a3c08c3ecc198a1ef556a5bc5c8dc9f2c66374e7c5d73e78fd874d3e7b282530929f09f36e873035f98509728e",,,"2022-03-22T13:20:00.000","30","STOP SIGN/FLASHER","FUNCTIONING PROPERLY","CLEAR","DAYLIGHT","REAR END","FOUR WAY",,"STRAIGHT AND LEVEL","DRY","NO DEFECTS","ON SCENE","INJURY AND / OR TOW DUE TO CRASH",,,,"$500 OR LESS","2022-03-22T13:22:00.000","FOLLOWING TOO CLOSELY","UNABLE TO DETERMINE","1901","W","47TH ST","931",,,,,,,"2","NONINCAPACITATING INJURY","1","0","0","1","0","2","0","13","3","3","41.808419527","-87.672312421","POINT (-87.672312421485 41.808419527165)"
"b2a29f9a82e58816660c2b7f2f5db75dcc613ca8640dedf964154d4303556c6637330942b9a228a6a032d85de86f52a04e5219e6e47de3d24079f8ae8add0a21",,,"2022-03-22T13:17:00.000","30","TRAFFIC SIGNAL","FUNCTIONING PROPERLY","CLEAR","DAYLIGHT","REAR END","NOT DIVIDED",,"STRAIGHT AND LEVEL","DRY","NO DEFECTS","NOT ON SCENE (DESK REPORT)","NO INJURY / DRIVE AWAY",,,,"OVER $1,500","2022-03-22T14:00:00.000","FOLLOWING TOO CLOSELY","UNABLE TO DETERMINE","9480","S","EWING AVE","432",,,,,,,"2","NO INDICATION OF INJURY","0","0","0","0","0","2","0","13","3","3","41.723035124","-87.536792035","POINT (-87.536792034976 41.723035123693)"
"306eb7eaa728ae6511b3af4358d28a7a0fabc219617bd5694b9c597a1450154ff748a48c6dfd4237a553f8e2448246c5565665a40e8df4fb2cd8438279fd4a41",,,"2022-03-22T13:00:00.000","30","TRAFFIC SIGNAL","FUNCTIONING PROPERLY","CLOUDY/OVERCAST","DAYLIGHT","TURNING","DIVIDED - W/MEDIAN (NOT RAISED)",,"STRAIGHT AND LEVEL","WET","NO DEFECTS","ON SCENE","INJURY AND / OR TOW DUE TO CRASH","Y",,,"OVER $1,500","2022-03-22T13:04:00.000","FAILING TO YIELD RIGHT-OF-WAY","DRIVING SKILLS/KNOWLEDGE/EXPERIENCE","2954","W","DIVERSEY AVE","1411",,,,,,,"2","NO INDICATION OF INJURY","0","0","0","0","0","2","0","13","3","3","41.932172123","-87.702306203","POINT (-87.702306202718 41.932172123155)"
"d8f65120d7c59f9d79bb428b68ec3991f1fd98726cfe5b4594fecae6bc66f271cb4b57001120a9d6a6293edef8015b72c5507d7a6f6a9dcbcc6e1c167c1b8e0e",,,"2022-03-22T13:00:00.000","10","NO CONTROLS","NO CONTROLS","CLEAR","DAYLIGHT","PARKED MOTOR VEHICLE","PARKING LOT",,"STRAIGHT AND LEVEL","DRY","NO DEFECTS","NOT ON SCENE (DESK REPORT)","NO INJURY / DRIVE AWAY",,"Y",,"$501 - $1,500","2022-03-22T13:57:00.000","NOT APPLICABLE","NOT APPLICABLE","2555","N","NORMANDY AVE","2512",,,,,,,"2","NO INDICATION OF INJURY","0","0","0","0","0","1","0","13","3","3","41.926924806","-87.792751048","POINT (-87.792751048065 41.926924805601)"
"c0902cbb97bef744773b35a6378e81e1f2adb045f15cccefc493fa8088404ab9d8064bed5743723ed8db809732e75259c9d60382ee8c6af4d85d8820093c25e1",,,"2022-03-22T12:57:00.000","30","OTHER","FUNCTIONING PROPERLY","RAIN","DAYLIGHT","SIDESWIPE SAME DIRECTION","NOT DIVIDED",,"STRAIGHT AND LEVEL","WET","NO DEFECTS","ON SCENE","INJURY AND / OR TOW DUE TO CRASH","N",,,"OVER $1,500","2022-03-22T13:40:00.000","UNABLE TO DETERMINE","NOT APPLICABLE","97","E","CONGRESS PKWY","123",,,,,,,"2","NO INDICATION OF INJURY","0","0","0","0","0","2","0","12","3","3","41.87561297","-87.624343942","POINT (-87.624343942054 41.875612969826)"
"6cea997a08cdd6b6599689dccd5d0d82b5171a498fe15306963fa93e118a9809528a726d66114df8282393183ec092aa2af80eb6bb6b25a019e9a7141bd24a88",,,"2022-03-22T12:34:00.000","35","STOP SIGN/FLASHER","OTHER","CLOUDY/OVERCAST","DAYLIGHT","TURNING","NOT DIVIDED",,"STRAIGHT AND LEVEL","DRY","NO DEFECTS","ON SCENE","INJURY AND / OR TOW DUE TO CRASH",,,,"OVER $1,500","2022-03-22T12:34:00.000","FAILING TO YIELD RIGHT-OF-WAY","NOT APPLICABLE","1899","N","CLYBOURN AVE","1811",,,,,,,"2","NONINCAPACITATING INJURY","1","0","0","1","0","2","0","12","3","3","41.915565019","-87.655788914","POINT (-87.655788913997 41.915565018672)"
"53ace15f872c3499d9addd893c93119ce6f704b5b52f01fd33070b1a69c22f009542268c5dbc47f3306338d951ff2983f6571366b16033eea2cca2a287ec575f",,,"2022-03-22T12:30:00.000","30","NO CONTROLS","NO CONTROLS","CLEAR","DAYLIGHT","REAR END","NOT DIVIDED",,"STRAIGHT AND LEVEL","DRY","NO DEFECTS","NOT ON SCENE (DESK REPORT)","NO INJURY / DRIVE AWAY",,,,"$501 - $1,500","2022-03-22T13:27:00.000","FOLLOWING TOO CLOSELY","NOT APPLICABLE","2333","N","HARLEM AVE","2512",,,,,,,"2","NO INDICATION OF INJURY","0","0","0","0","0","2","0","12","3","3","41.922112857","-87.806047723","POINT (-87.806047723217 41.922112857283)"
"f5697bcdb25d8ad13de1ee23f4beaf934faa626efc7c570f7a75e3368960163334e7aa10f6932e7c59451baec0d1bc66822a56748dbf823bd3404ad54c657a4b",,,"2022-03-22T12:30:00.000","30","NO CONTROLS","NO CONTROLS","CLOUDY/OVERCAST","DAYLIGHT","SIDESWIPE SAME DIRECTION","NOT DIVIDED",,"STRAIGHT AND LEVEL","WET","NO DEFECTS","ON SCENE","INJURY AND / OR TOW DUE TO CRASH",,,"Y","OVER $1,500","2022-03-22T12:35:00.000","NOT APPLICABLE","NOT APPLICABLE","3140","W","DEVON AVE","2412",,,,,,,"2","NO INDICATION OF INJURY","0","0","0","0","0","2","0","12","3","3","41.997512634","-87.708551916","POINT (-87.708551916367 41.997512634432)"