"crash_record_id","rd_no","crash_date_est_i","crash_date","posted_speed_limit","traffic_control_device","device_condition","weather_condition","lighting_condition","first_crash_type","trafficway_type","lane_cnt","alignment","roadway_surface_cond","road_defect","report_type","crash_type","intersection_related_i","private_property_i","hit_and_run_i","damage","date_police_notified","prim_contributory_cause","sec_contributory_cause","street_no","street_direction","street_name","beat_of_occurrence","photos_taken_i","statements_taken_i","dooring_i","work_zone_i","work_zone_type","workers_present_i","num_units","most_severe_injury","injuries_total","injuries_fatal","injuries_incapacitating","injuries_non_incapacitating","injuries_reported_not_evident","injuries_no_indication","injuries_unknown","crash_hour","crash_day_of_week","crash_month","latitude","longitude","location"
"2c70235a1259b635078b51c0a1cbd448cd83605ca9fef60c796e3030c28782227c504e86241a46869ab1b7484a88b481592c9c3a40edaa9150f6645c5c2a7289",,,"2022-03-22T11:52:00.000","20","NO CONTROLS","NO CONTROLS","CLOUDY/OVERCAST","DAYLIGHT","PARKED MOTOR VEHICLE","ONE-WAY",,"STRAIGHT AND LEVEL","DRY","NO DEFECTS","ON SCENE","NO INJURY / DRIVE AWAY",,,"Y","OVER $1,500","2022-03-22T11:53:00.000","UNABLE TO DETERMINE","NOT APPLICABLE","1047","N","MAYFIELD AVE","1511",,,,,,,"2","NO INDICATION OF INJURY","0","0","0","0","0","1","0","11","3","3","41.899784548","-87.77271998","POINT (-87.772719980448 41.899784548117)"
"d23e08463e66c294eff1c9700895d4f348d2288bfc8610918335242e06b20eccda5cac4bf27c72ee514e4b6b1aac2526306743f9fd9c11d2bf05ecb2d1c75d88",,,"2022-03-22T11:50:00.000","30","NO CONTROLS","NO CONTROLS","CLOUDY/OVERCAST","DAYLIGHT","SIDESWIPE SAME DIRECTION","DIVIDED - W/MEDIAN BARRIER",,"STRAIGHT AND LEVEL","DRY","NO DEFECTS","ON SCENE","NO INJURY / DRIVE AWAY",,,,"$501 - $1,500","2022-03-22T11:50:00.000","IMPROPER OVERTAKING/PASSING","NOT APPLICABLE","9247","S","STONY ISLAND AVE","413",,,,,,,"2","NO INDICATION OF INJURY","0","0","0","0","0","2","0","11","3","3","41.726420973","-87.584833228","POINT (-87.584833227501 41.726420972602)"
"a7a72e1df2856c5f83808ac3729de1c50b211d4dd307187ceab011bfcb61397341870cde94d8a4c5e76a08dc0efd771167aac168229560f8238d07462bae5d71",,,"2022-03-22T11:45:00.000","25","NO CONTROLS","NO CONTROLS","RAIN","DAYLIGHT","PARKED MOTOR VEHICLE","NOT DIVIDED",,"STRAIGHT AND LEVEL","WET","NO DEFECTS","NOT ON SCENE (DESK REPORT)","NO INJURY / DRIVE AWAY",,,"Y","$501 - $1,500","2022-03-22T12:10:00.000","UNABLE TO DETERMINE","UNABLE TO DETERMINE","1347","W","ESTES AVE","2423",,,,,,,"2","NO INDICATION OF INJURY","0","0","0","0","0","1","0","11","3","3","42.011473786","-87.664702147","POINT (-87.664702147402 42.011473786305)"
"1c2b9b0555213e22082c1327f9035a3685b9c6adb7e18d14af2c2b28458d50ff786f47e273286a4f564b3b79d57ff99b5b18ee788ddbb008a4b9ed63a7389838",,,"2022-03-22T11:35:00.000","30","NO CONTROLS","NO CONTROLS","CLEAR","DAYLIGHT","PARKED MOTOR VEHICLE","NOT DIVIDED",,"STRAIGHT AND LEVEL","WET","UNKNOWN","NOT ON SCENE (DESK REPORT)","NO INJURY / DRIVE AWAY",,,,"$500 OR LESS","2022-03-22T11:37:00.000","UNABLE TO DETERMINE","NOT APPLICABLE","2710","N","CENTRAL AVE","2514",,,,,,,"2","NO INDICATION OF INJURY","0","0","0","0","0","1","0","11","3","3","41.929788654","-87.766340565","POINT (-87.766340564862 41.929788654452)"
"2ff9cd23b39aa9aec1ab8f4a27a754d4a993b56dbeed631f8219931a25aa65d4457024f8ff74ec713e37ff83ad323b9298bc251d5a45c93138d7c21e55723b24",,,"2022-03-22T11:15:00.000","15","NO CONTROLS","NO CONTROLS","UNKNOWN","DAYLIGHT","REAR END","PARKING LOT",,"STRAIGHT AND LEVEL","UNKNOWN","UNKNOWN","NOT ON SCENE (DESK REPORT)","NO INJURY / DRIVE AWAY",,"Y",,"$500 OR LESS","2022-03-22T15:10:00.000","UNABLE TO DETERMINE","NOT APPLICABLE","2746","N","CLYBOURN AVE","1931",,,,,,,"2","NO INDICATION OF INJURY","0","0","0","0","0","2","0","11","3","3","41.931021006","-87.676864018","POINT (-87.676864018134 41.931021005798)"
"cd89498b09fb4285cc0a4d45ea955880917838cd932740d79280422fced9c205d9ccb7bb0e0ab44e04972e7b6b7883fcb9fd5c40c2b44a7a79ab46f936e8c34b",,"Y","2022-03-22T11:10:00.000","30","NO CONTROLS","NO CONTROLS","CLEAR","DAYLIGHT","SIDESWIPE SAME DIRECTION","PARKING LOT",,"STRAIGHT AND LEVEL","WET","UNKNOWN","ON SCENE","NO INJURY / DRIVE AWAY",,,,"$501 - $1,500","2022-03-22T11:18:00.000","DRIVING SKILLS/KNOWLEDGE/EXPERIENCE","DRIVING SKILLS/KNOWLEDGE/EXPERIENCE","1711","W","CERMAK RD","1034",,,,,,,"2","NO INDICATION OF INJURY","0","0","0","0","0","2","0","11","3","3","41.852167864","-87.668975041","POINT (-87.668975040664 41.852167863628)"
"37b492c2472a9c6539d072b54f39d93a976709b11380ad7c5e1df27b0ae9c38990b9bb7d01f991c5018ae45465c7c89ce514999dbfb99a5a333ee1e61da927cc",,"Y","2022-03-22T11:04:00.000","25","NO CONTROLS","NO CONTROLS","CLOUDY/OVERCAST","DAYLIGHT","PEDESTRIAN","ONE-WAY",,"STRAIGHT AND LEVEL","WET","NO DEFECTS","ON SCENE","INJURY AND / OR TOW DUE TO CRASH",,,,"$500 OR LESS","2022-03-22T12:07:00.000","IMPROPER OVERTAKING/PASSING","NOT APPLICABLE","215","E","CHESTNUT ST","1833",,,,,,,"2","REPORTED, NOT EVIDENT","1","0","0","0","1","1","0","11","3","3","41.898320984","-87.621221517","POINT (-87.621221517488 41.89832098389)"
"8c0a20c5a4a1c9a1f7673f06b272fdd32a5b540ec02c2d187f18e87e189f146d936a14c9883870f92660b6b19016038930e031fd9cb283198011417f94da80af",,,"2022-03-22T11:00:00.000","25","TRAFFIC SIGNAL","FUNCTIONING PROPERLY","RAIN","DAYLIGHT","SIDESWIPE SAME DIRECTION","NOT DIVIDED",,"STRAIGHT AND LEVEL","WET","OTHER","NOT ON SCENE (DESK REPORT)","NO INJURY / DRIVE AWAY",,,,"OVER $1,500","2022-03-22T11:40:00.000","FAILING TO YIELD RIGHT-OF-WAY","NOT APPLICABLE","1600","W","CHICAGO AVE","1213",,,,,,,"2","NO INDICATION OF INJURY","0","0","0","0","0","2","0","11","3","3","41.896182324","-87.667356064","POINT (-87.667356064232 41.896182324222)"
"dc562b4648cc1b0e33b3f507954b66910576c0ffb84e27744a13afb50a251a2e9e4664af60a750599f1d7a6d0c566baf30f4754125f2a52f388f84ac1123c106",,,"2022-03-22T11:00:00.000","30","STOP SIGN/FLASHER","FUNCTIONING PROPERLY","RAIN","DAYLIGHT","TURNING","T-INTERSECTION",,"STRAIGHT AND LEVEL","WET","NO DEFECTS",,"NO INJURY / DRIVE AWAY","Y",,,"OVER $1,500","2022-03-22T13:30:00.000","UNABLE TO DETERMINE","UNABLE TO DETERMINE","4000","W","ROSCOE ST","1731",,,,,,,"2","NO INDICATION OF INJURY","0","0","0","0","0","2","0","11","3","3","41.943277136","-87.72739991","POINT (-87.727399909965 41.943277136333)"
"f85249a8cab2c5cb1fe44db3bea7793cb308442feed60aa930e65dc7f5f39139d76e43c95c8a8f700f5a014bcf04f2b83c450e3097d2e54597b2d3ee1087dd5d",,,"2022-03-22T11:00:00.000","30","NO CONTROLS","NO CONTROLS","RAIN","DAYLIGHT","REAR END","PARKING LOT",,"STRAIGHT AND LEVEL","DRY","UNKNOWN","NOT ON SCENE (DESK REPORT)","NO INJURY / DRIVE AWAY",,"Y","Y","$501 - $1,500","2022-03-22T13:00:00.000","IMPROPER BACKING","IMPROPER BACKING","6700","S","JEFFERY BLVD","332",,,,,,,"2","NO INDICATION OF INJURY","0","0","0","0","0","2","0","11","3","3","41.773368409","-87.576638552","POINT (-87.576638552177 41.773368408547)"
"a6a1d3f7b596232e251c918c9ff9569bae555df7ac76f694f778277cd517bdc8e17d0d3a20baabb4eb8d26392e82bd165cb476d3e3fb0e1a19949a476add2ecd",,,"2022-03-22T10:52:00.000","30","NO CONTROLS","NO CONTROLS","CLOUDY/OVERCAST","DAYLIGHT","FIXED OBJECT","NOT DIVIDED",,"STRAIGHT AND LEVEL","WET","NO DEFECTS","ON SCENE","INJURY AND / OR TOW DUE TO CRASH",,,,"OVER $1,500","2022-03-22T10:55:00.000","UNABLE TO DETERMINE","NOT APPLICABLE","4958","S","CALIFORNIA AVE","923",,,,,,,"1","REPORTED, NOT EVIDENT","1","0","0","0","1","0","0","10","3","3","41.802885131","-87.694198048","POINT (-87.694198048286 41.802885131024)"
"91639e4205eda08db7fa2a27844f1d00441af3524b00e015c8417fe1b43a6525310e22fcc70a12f2742ea7622716d5aa5561a0ed14e5874599127ece51616844",,,"2022-03-22T10:37:00.000","30","TRAFFIC SIGNAL","FUNCTIONING PROPERLY","CLOUDY/OVERCAST","DAYLIGHT","SIDESWIPE SAME DIRECTION","DIVIDED - W/MEDIAN (NOT RAISED)",,"STRAIGHT AND LEVEL","DRY","NO DEFECTS","ON SCENE","NO INJURY / DRIVE AWAY","Y",,,"OVER $1,500","2022-03-22T10:39:00.000","FAILING TO YIELD RIGHT-OF-WAY","UNABLE TO DETERMINE","11858","S","HALSTED ST","524",,,,,,,"2","NO INDICATION OF INJURY","0","0","0","0","0","3","0","10","3","3","41.677856496","-87.642056268","POINT (-87.64205626828 41.67785649634)"
"5c59afae70a85ae446be597067a60197cb7707e4d364ac7fe79dee0bea28fcee19f976190e118b060b8ff991c7eef63b47d480935a945ef26f5ef3a7e895667d",,,"2022-03-22T10:25:00.000","35","NO CONTROLS","NO CONTROLS","RAIN","DAYLIGHT","ANGLE","NOT DIVIDED",,"STRAIGHT AND LEVEL","WET","NO DEFECTS","ON SCENE","INJURY AND / OR TOW DUE TO CRASH",,,,"OVER $1,500","2022-03-22T10:27:00.000","DRIVING SKILLS/KNOWLEDGE/EXPERIENCE","NOT APPLICABLE","2700","N","NARRAGANSETT AVE","2512",,,,,,,"2","NO INDICATION OF INJURY","0","0","0","0","0","2","0","10","3","3","41.929256688","-87.785795165","POINT (-87.785795165033 41.929256687664)"
"85c5e8386269d8867b1df9c8203247b0d0b62c7cfbfd39cac4b77bf948cadd36fa9a4bac7f8d7d2aa8d5e44f65091324e6ba6b1b43f0181c4a690fa88e4c6235",,,"2022-03-22T10:25:00.000","40","NO CONTROLS","NO CONTROLS","RAIN","DAYLIGHT","SIDESWIPE SAME DIRECTION","DIVIDED - W/MEDIAN BARRIER",,"CURVE, LEVEL","WET","NO DEFECTS","ON SCENE","NO INJURY / DRIVE AWAY",,,,"OVER $1,500","2022-03-22T10:29:00.000","FAILING TO REDUCE SPEED TO AVOID CRASH","WEATHER","1000","N","LAKE SHORE DR SB","1824",,,,,,,"2","NO INDICATION OF INJURY","0","0","0","0","0","2","0","10","3","3","41.900958919","-87.619928174","POINT (-87.619928173678 41.900958919109)"
"fe0b47e6a9cce251279f7bc929767635be11ba8f873c135e8bc58b22d850cea831915e545966596b3362597e4dcf9817a4d37dc4885502cfbe1012e75ea1becf",,,"2022-03-22T10:20:00.000","30","TRAFFIC SIGNAL","FUNCTIONING PROPERLY","RAIN","DAYLIGHT","TURNING","NOT DIVIDED",,"STRAIGHT ON GRADE","WET","NO DEFECTS","NOT ON SCENE (DESK REPORT)","NO INJURY / DRIVE AWAY","Y",,,"OVER $1,500","2022-03-22T10:30:00.000","UNABLE TO DETERMINE","NOT APPLICABLE","840","W","BELMONT AVE","1924",,,,,,,"2","NO INDICATION OF INJURY","0","0","0","0","0","2","0","10","3","3","41.940069265","-87.650817866","POINT (-87.650817866104 41.940069265133)"
"34bbc4a21672a1ad3602d4ab21027711db7200090aba47376b67a58ef3ff2766eb8d48476d2d1d845d5ad0257387024d5f2864574a4fbffa40e8b88a8e58235c",,,"2022-03-22T10:10:00.000","30","TRAFFIC SIGNAL","FUNCTIONING PROPERLY","CLEAR","DAYLIGHT","TURNING","DIVIDED - W/MEDIAN (NOT RAISED)",,"STRAIGHT AND LEVEL","WET","UNKNOWN","ON SCENE","NO INJURY / DRIVE AWAY","Y",,"N","$501 - $1,500","2022-03-22T10:26:00.000","UNABLE TO DETERMINE","NOT APPLICABLE","5601","W","MADISON ST","1513",,,,,,,"2","NO INDICATION OF INJURY","0","0","0","0","0","2","0","10","3","3","41.880135062","-87.764942447","POINT (-87.76494244671 41.880135062255)"
"6a13753f7f2df17a66e215c8dba08fa204a9c8f3af1b1f331e3fb4d6faf57058a59645a39b0c49b3441cc1a71a427694819e9941addce53a31f05931992e4b84",,,"2022-03-22T10:10:00.000","30","NO CONTROLS","NO CONTROLS","RAIN","DAYLIGHT","FIXED OBJECT","NOT DIVIDED",,"STRAIGHT AND LEVEL","WET","NO DEFECTS","ON SCENE","NO INJURY / DRIVE AWAY",,"Y",,"OVER $1,500","2022-03-22T10:15:00.000","IMPROPER BACKING","NOT APPLICABLE","5374","N","ELSTON AVE","1623",,,,,,,"1","NO INDICATION OF INJURY","0","0","0","0","0","1","0","10","3","3","41.979006509","-87.758094507","POINT (-87.758094507103 41.97900650898)"
"28cab66b94ce2f50f39c832ac01313d99c23e7438d3f0c6238d51b9b7899e34dc37ae46befd58022a28cabbc1b87e197d068817242ba7a4c683ca60233dc2e6f",,,"2022-03-22T10:05:00.000","30","TRAFFIC SIGNAL","FUNCTIONING PROPERLY","RAIN","DAYLIGHT","TURNING","NOT DIVIDED",,"STRAIGHT AND LEVEL","WET","NO DEFECTS","NOT ON SCENE (DESK REPORT)","NO INJURY / DRIVE AWAY",,,,"$501 - $1,500","2022-03-22T10:20:00.000","FAILING TO YIELD RIGHT-OF-WAY","NOT APPLICABLE","3800","N","CLARK ST","1923",,,,,,,"2","NO INDICATION OF INJURY","0","0","0","0","0","3","0","10","3","3","41.951064053","-87.659795128","POINT (-87.659795128028 41.951064053085)"
"4f0b886abc57ed706c773c48da1a30a561f50ac24f885fb959260ea43c3676ddefe3cfbe4c844282a828d77591e02be667f4ab7955017021973612194b437da9",,,"2022-03-22T10:00:00.000","30","NO CONTROLS","NO CONTROLS","RAIN","DAYLIGHT","PARKED MOTOR VEHICLE","ONE-WAY",,"STRAIGHT AND LEVEL","WET","UNKNOWN","NOT ON SCENE (DESK REPORT)","NO INJURY / DRIVE AWAY",,,,"OVER $1,500","2022-03-22T18:55:00.000","UNABLE TO DETERMINE","UNABLE TO DETERMINE","1600","N","TRIPP AVE","2534",,,,,,,"2","NO INDICATION OF INJURY","0","0","0","0","0","1","0","10","3","3","41.909891361","-87.732584285","POINT (-87.732584285262 41.909891360984)"
"4e66748b981c32c4794659138cf912677998c62790abf74188ced3ad007de70a42e290714ef531c5bc4b9bfd0f4e1accc4bac9f7a4816b68b6d05414b5924a68",,,"2022-03-22T09:51:00.000","30","TRAFFIC SIGNAL","FUNCTIONING PROPERLY","RAIN","DAYLIGHT","REAR END","NOT DIVIDED",,"STRAIGHT AND LEVEL","WET","NO DEFECTS","ON SCENE","NO INJURY / DRIVE AWAY",,,"Y","$500 OR LESS","2022-03-22T09:52:00.000","UNABLE TO DETERMINE","UNABLE TO DETERMINE","5100","W","NORTH AVE","2533",,,,,,,"2","NO INDICATION OF INJURY","0","0","0","0","0","3","0","9","3","3","41.909649836","-87.752692161","POINT (-87.752692160653 41.909649836345)"
"12711145349b425d643e900f82f1bbc396dcc951d808c7c4240ebf3164a851aaca35453978f8cad146828199222abc6266ef2a0defa87d69b34ce655997cfad7",,,"2022-03-22T09:50:00.000","20","NO CONTROLS","NO CONTROLS","CLOUDY/OVERCAST","DAYLIGHT","PARKED MOTOR VEHICLE","ONE-WAY",,"STRAIGHT AND LEVEL","DRY","NO DEFECTS","NOT ON SCENE (DESK REPORT)","NO INJURY / DRIVE AWAY",,,"Y","$500 OR LESS","2022-03-22T10:30:00.000","FOLLOWING TOO CLOSELY","FOLLOWING TOO CLOSELY","9955","S","SANGAMON ST","2232",,,,,,,"2","NO INDICATION OF INJURY","0","0","0","0","0","1","0","9","3","3","41.712540234","-87.646480979","POINT (-87.64648097931 41.712540234132)"
"ee4891e1daa136d505f18fcd4094bc1e981845dd2094380543fc47efbc4c1c89a4ca4ae5b2a6445045382fd4bdd5899be3498d437a62108d009d8708d461c7bd",,,"2022-03-22T09:50:00.000","30","NO CONTROLS","NO CONTROLS","RAIN","DAYLIGHT","SIDESWIPE SAME DIRECTION","NOT DIVIDED",,"STRAIGHT AND LEVEL","WET","NO DEFECTS","ON SCENE","INJURY AND / OR TOW DUE TO CRASH",,,,"OVER $1,500","2022-03-22T09:50:00.000","IMPROPER LANE USAGE","NOT APPLICABLE","4823","W","IRVING PARK RD","1634",,,,,,,"2","NO INDICATION OF INJURY","0","0","0","0","0","2","0","9","3","3","41.953294155","-87.748222954","POINT (-87.748222953525 41.953294154953)"
"6d3ce7aff5c2e2007c3a59e9f5cfec3e05e657e4103ce33a3e3445165b1e99679ab7e071c42e0052002f044076020f9f9b7e004276bbdd88087f7ca2ef9cfa9a",,,"2022-03-22T09:46:00.000","30","STOP SIGN/FLASHER","FUNCTIONING PROPERLY","RAIN","DAYLIGHT","SIDESWIPE SAME DIRECTION","DIVIDED - W/MEDIAN (NOT RAISED)",,"STRAIGHT AND LEVEL","WET","UNKNOWN","ON SCENE","NO INJURY / DRIVE AWAY",,,,"$501 - $1,500","2022-03-22T09:55:00.000","IMPROPER LANE USAGE","UNABLE TO DETERMINE","4349","N","DAMEN AVE","1912",,,,,,,"2","NO INDICATION OF INJURY","0","0","0","0","0","2","0","9","3","3","41.961094563","-87.678803927","POINT (-87.678803927349 41.961094562963)"
"1d50c2b0deb8b6fd7728e2ea1e4289532b392128aff19757d295e025dee74a9ba5504ecdbccc5c32544e4891784692d4cab34ae7fcec72922a76850fe254464f",,,"2022-03-22T09:40:00.000","35","TRAFFIC SIGNAL","FUNCTIONING PROPERLY","CLEAR","DAYLIGHT","ANGLE","DIVIDED - W/MEDIAN (NOT RAISED)",,"STRAIGHT AND LEVEL","DRY","NO DEFECTS","NOT ON SCENE (DESK REPORT)","NO INJURY / DRIVE AWAY",,,,"OVER $1,500","2022-03-22T10:45:00.000","IMPROPER TURNING/NO SIGNAL","IMPROPER LANE USAGE","1550","W","87TH ST","614",,,,,,,"2","NO INDICATION OF INJURY","0","0","0","0","0","2","0","9","3","3","41.735905526","-87.662670406","POINT (-87.66267040585 41.735905525581)"
"c23af5c7ee3e441cc93ab9c0b879fbedb4071c72c0f0e9b88e72c42242718df2b38bc4c94f08fc3ff704972cb5730400fe35bacc50bc384cc73f2eb911c225ed",,,"2022-03-22T09:30:00.000","30","TRAFFIC SIGNAL","FUNCTIONING PROPERLY","RAIN","DAYLIGHT","REAR END","NOT DIVIDED",,"STRAIGHT ON GRADE","WET","NO DEFECTS","NOT ON SCENE (DESK REPORT)","NO INJURY / DRIVE AWAY","Y",,,"$500 OR LESS","2022-03-22T20:00:00.000","FAILING TO REDUCE SPEED TO AVOID CRASH","NOT APPLICABLE","800","E","55TH ST","233",,,,,,,"2","NO INDICATION OF INJURY","0","0","0","0","0","2","0","9","3","3","41.795075207","-87.606096609","POINT (-87.606096609283 41.795075206809)"
"1c1998f927e52bf7ab53b48d55e877117cb92339b1fc7d746038a383ff89b85f485df371e550e86d009610894bb28b269ed1db5f198c7ede00cb77f6d94f7c2a",,,"2022-03-22T09:15:00.000","30","TRAFFIC SIGNAL","FUNCTIONING PROPERLY","RAIN","DAYLIGHT","REAR TO FRONT","NOT DIVIDED",,"STRAIGHT AND LEVEL","WET","NO DEFECTS","ON SCENE","NO INJURY / DRIVE AWAY",,,,"$500 OR LESS","2022-03-22T09:17:00.000","UNABLE TO DETERMINE","NOT APPLICABLE","100","W","CERMAK RD","131",,,,,,,"2","NO INDICATION OF INJURY","0","0","0","0","0","2","0","9","3","3","41.852991219","-87.629386933","POINT (-87.629386933044 41.852991219253)"
"972824dbd26e6d1c5d865b297d7cad25d07d2ef01a10f9c8e1c2b007089106984f60bcafcff5c0c3d2ab7dabf3276e330357343cce3b3ac09464d534562bf72e",,,"2022-03-22T09:15:00.000","20","OTHER WARNING SIGN","FUNCTIONING PROPERLY","RAIN","DAYLIGHT","PARKED MOTOR VEHICLE","NOT DIVIDED",,"STRAIGHT AND LEVEL","WET","NO DEFECTS","ON SCENE","INJURY AND / OR TOW DUE TO CRASH",,,,"OVER $1,500","2022-03-22T09:18:00.000","FOLLOWING TOO CLOSELY","DISTRACTION - FROM OUTSIDE VEHICLE","1517","W","IRVING PARK RD","1922",,,,,,,"2","NO INDICATION OF INJURY","0","0","0","0","0","2","0","9","3","3","41.95419054","-87.668281521","POINT (-87.668281521081 41.954190539965)"
"f123074e7e67fbcc230d4f281c470be9f74ff2a83145a181057a6de1c5b43f362b730ad08e629e4b0d5b1732fd590a310c6f9ab02fdac799794e84c71b22e387",,,"2022-03-22T09:15:00.000","30","NO CONTROLS","NO CONTROLS","RAIN","DAYLIGHT","TURNING","DIVIDED - W/MEDIAN (NOT RAISED)",,"STRAIGHT AND LEVEL","WET","UNKNOWN","NOT ON SCENE (DESK REPORT)","NO INJURY / DRIVE AWAY","Y",,,"OVER $1,500","2022-03-22T09:30:00.000","IMPROPER LANE USAGE","NOT APPLICABLE","3032","N","WESTERN AVE","1931",,,,,,,"2","NO INDICATION OF INJURY","0","0","0","0","0","2","0","9","3","3","41.936821964","-87.688215024","POINT (-87.688215024136 41.936821964079)"
"28e0b49e004d803630aea7f58d1cecb8eced078e779278870c0ca1d469707a1ea3625e5a0fd0566c7eb5520890c84924d23fb326f3cd3d9e240f4e56cda9d91e",,,"2022-03-22T09:00:00.000","30","UNKNOWN","UNKNOWN","RAIN","DAYLIGHT","PARKED MOTOR VEHICLE","DIVIDED - W/MEDIAN (NOT RAISED)",,"STRAIGHT AND LEVEL","WET","UNKNOWN","NOT ON SCENE (DESK REPORT)","NO INJURY / DRIVE AWAY",,,"Y","OVER $1,500","2022-03-22T10:15:00.000","UNABLE TO DETERMINE","UNABLE TO DETERMINE","1159","W","MONTROSE AVE","1915",,,,,,,"2","NO INDICATION OF INJURY","0","0","0","0","0","1","0","9","3","3","41.961607583","-87.659506495","POINT (-87.659506494945 41.961607582941)"
"4c4a9cc2093f45bbb8ff1e09bb1baca86e6058b1d4457538639d0d8b00edb975cb343f6a80640639af880c30461130a3a20ad1cd3456c4f2c64c8ebbaafc23c3",,,"2022-03-22T09:00:00.000","30","NO CONTROLS","NO CONTROLS","CLEAR","DAYLIGHT","PARKED MOTOR VEHICLE","NOT DIVIDED",,"STRAIGHT AND LEVEL","DRY","NO DEFECTS","NOT ON SCENE (DESK REPORT)","NO INJURY / DRIVE AWAY",,,"Y","OVER $1,500","2022-03-22T13:37:00.000","UNABLE TO DETERMINE","UNABLE TO DETERMINE","7956","S","PULASKI RD","834",,,,,,,"2","NO INDICATION OF INJURY","0","0","0","0","0","1","0","9","3","3","41.747822712","-87.722000829","POINT (-87.722000829389 41.747822712445)"
"86b54aff621aa3cff5a4386350af8e98a888aff90cbc2e69b0a80e1fd63f2f12abeb6d0b11ee450041d63421720f4ec6ff39ed59ee40b0d24f3c730888571dc2",,,"2022-03-22T09:00:00.000","20","NO CONTROLS","NO CONTROLS","RAIN","DAYLIGHT","SIDESWIPE SAME DIRECTION","DIVIDED - W/MEDIAN (NOT RAISED)",,"STRAIGHT AND LEVEL","WET","NO DEFECTS","NOT ON SCENE (DESK REPORT)","NO INJURY / DRIVE AWAY",,,,"OVER $1,500","2022-03-22T11:48:00.000","UNABLE TO DETERMINE","NOT APPLICABLE","3659","N","AUSTIN AVE","1633",,,,,,,"2","NO INDICATION OF INJURY","0","0","0","0","0","2","0","9","3","3","41.947549635","-87.77642533","POINT (-87.776425329743 41.947549634557)"
"be4a4eaf1c0fc891b86651a9bd5dc5a57a21029ee2991f5c017e79db6c73c9a22caf37320215df787c1b8ba985b105e6fb466086961f44fbaa621714858487c5",,,"2022-03-22T09:00:00.000","25","TRAFFIC SIGNAL","FUNCTIONING PROPERLY","RAIN","DAYLIGHT","SIDESWIPE SAME DIRECTION","FOUR WAY",,"STRAIGHT AND LEVEL","WET","NO DEFECTS","NOT ON SCENE (DESK REPORT)","NO INJURY / DRIVE AWAY","Y",,,"$501 - $1,500","2022-03-22T09:30:00.000","IMPROPER OVERTAKING/PASSING","UNABLE TO DETERMINE","655","N","MICHIGAN AVE","1834",,,,,,,"2","NO INDICATION OF INJURY","0","0","0","0","0","2","0","9","3","3","41.89409702","-87.624089759","POINT (-87.624089758746 41.894097019689)"
"8ce9f7958d0fa1e0d642b4a71dfa488c0a3dbfd1128804bae170c5614e1cd138fffe3d45b9e19966802b9ae984ede3f3d6eae9d785429575d6a05bef44a07939",,,"2022-03-22T08:55:00.000","15","NO CONTROLS","NO CONTROLS","RAIN","DAYLIGHT","PARKED MOTOR VEHICLE","PARKING LOT",,"STRAIGHT AND LEVEL","WET","UNKNOWN","NOT ON SCENE (DESK REPORT)","NO INJURY / DRIVE AWAY",,"Y",,"OVER $1,500","2022-03-22T13:20:00.000","UNABLE TO DETERMINE","UNABLE TO DETERMINE","7112","W","NORTH AVE","2513",,,,,,,"2","NO INDICATION OF INJURY","0","0","0","0","0","2","0","8","3","3","41.909040116","-87.802621962","POINT (-87.802621961579 41.909040115995)"
"bb2ea47001daa8f90fbe10178c000629f7ad94d07f1a5e84722e29cd59ba83550674ebf79db7b55490896cda428ee2886378ba3e4ca3538d76c450f6a1fbfe73",,,"2022-03-22T08:50:00.000","30","NO PASSING","FUNCTIONING PROPERLY","RAIN","DAYLIGHT","PARKED MOTOR VEHICLE","ONE-WAY",,"STRAIGHT AND LEVEL","WET","NO DEFECTS","NOT ON SCENE (DESK REPORT)","NO INJURY / DRIVE AWAY",,,,"$501 - $1,500","2022-03-22T10:00:00.000","IMPROPER BACKING","NOT APPLICABLE","90","E","RANDOLPH ST","111",,,,,,,"2","NO INDICATION OF INJURY","0","0","0","0","0","1","0","8","3","3","41.884609142","-87.624705379","POINT (-87.62470537879 41.884609141954)"