"crash_record_id","rd_no","crash_date_est_i","crash_date","posted_speed_limit","traffic_control_device","device_condition","weather_condition","lighting_condition","first_crash_type","trafficway_type","lane_cnt","alignment","roadway_surface_cond","road_defect","report_type","crash_type","intersection_related_i","private_property_i","hit_and_run_i","damage","date_police_notified","prim_contributory_cause","sec_contributory_cause","street_no","street_direction","street_name","beat_of_occurrence","photos_taken_i","statements_taken_i","dooring_i","work_zone_i","work_zone_type","workers_present_i","num_units","most_severe_injury","injuries_total","injuries_fatal","injuries_incapacitating","injuries_non_incapacitating","injuries_reported_not_evident","injuries_no_indication","injuries_unknown","crash_hour","crash_day_of_week","crash_month","latitude","longitude","location"
"61f0a72f7b809c56bc874d0d4456623e13f3ed3bea8832f6685596954ba62499dd8752a5f9cc060e0bebd4f28a8afe174863909b7cac5967e56b7e59879e34ed",,,"2022-03-22T08:45:00.000","30","STOP SIGN/FLASHER","FUNCTIONING PROPERLY","RAIN","DAYLIGHT","TURNING","T-INTERSECTION",,"STRAIGHT AND LEVEL","WET","NO DEFECTS","ON SCENE","INJURY AND / OR TOW DUE TO CRASH","Y",,,"OVER $1,500","2022-03-22T08:48:00.000","FAILING TO YIELD RIGHT-OF-WAY","UNABLE TO DETERMINE","732","W","CERMAK RD","1235",,,,,,,"2","NO INDICATION OF INJURY","0","0","0","0","0","2","0","8","3","3","41.852763544","-87.645960721","POINT (-87.645960720896 41.852763543548)"
"6c06593c9fea3a69a7317bebb812cc3bf04471bc9d037f812f3251a473c250dd345fa97ba847dab8c4eb1180ed2a4caed5f894bb1096408ced1fbb1cc542f18e",,,"2022-03-22T08:45:00.000","30","NO CONTROLS","NO CONTROLS","CLEAR","DARKNESS, LIGHTED ROAD","PARKED MOTOR VEHICLE","ONE-WAY",,"STRAIGHT AND LEVEL","DRY","NO DEFECTS","NOT ON SCENE (DESK REPORT)","NO INJURY / DRIVE AWAY",,,"Y","OVER $1,500","2022-03-22T18:15:00.000","UNABLE TO DETERMINE","UNABLE TO DETERMINE","918","W","31ST PL","913",,,,,,,"2","NO INDICATION OF INJURY","0","0","0","0","0","1","0","8","3","3","41.837316254","-87.649492026","POINT (-87.649492025717 41.837316254375)"
"764ebc854743f9b4b03634dae107d2bdd9944b79e783668e112c9d7664397d43cf058df2e4a851bf23a0fee2c243955365325bbc47664551f39f4f1ad77c9e2e",,,"2022-03-22T08:24:00.000","30","STOP SIGN/FLASHER","FUNCTIONING PROPERLY","RAIN","DAYLIGHT","HEAD ON","NOT DIVIDED",,"STRAIGHT AND LEVEL","WET","UNKNOWN","ON SCENE","INJURY AND / OR TOW DUE TO CRASH",,,,"OVER $1,500","2022-03-22T08:26:00.000","UNABLE TO DETERMINE","UNABLE TO DETERMINE","3700","N","RAVENSWOOD AVE","1922",,,,,,,"2","NO INDICATION OF INJURY","0","0","0","0","0","2","0","8","3","3","41.948837769","-87.673827867","POINT (-87.673827866736 41.948837768673)"
"e524c501d1d74123cb3b6354766002ee7409625eea5f7fcbdfade77f0d0cfd2e433bfb17c5e8104456201d3b78cef3534fc60a2a2c0756dd501f7b5a083ae20b",,,"2022-03-22T08:24:00.000","30","TRAFFIC SIGNAL","FUNCTIONING PROPERLY","RAIN","DAYLIGHT","TURNING","NOT DIVIDED",,"STRAIGHT AND LEVEL","WET","NO DEFECTS","ON SCENE","NO INJURY / DRIVE AWAY",,,,"OVER $1,500","2022-03-22T08:24:00.000","UNABLE TO DETERMINE","UNABLE TO DETERMINE","2201","N","LARAMIE AVE","2522",,,,,,,"2","NO INDICATION OF INJURY","0","0","0","0","0","3","0","8","3","3","41.920551102","-87.755897992","POINT (-87.755897991672 41.920551101526)"
"6fd11c18193042d275ccc3cda30242926235c6699902cc3e1e5fe6db0593f8b3927eee817a3690eabde8e4b86bba29e8cda4c6524fc102f1131a03d5d1090ce5",,"Y","2022-03-22T08:20:00.000","15","NO CONTROLS","NO CONTROLS","RAIN","DAYLIGHT","PARKED MOTOR VEHICLE","DIVIDED - W/MEDIAN (NOT RAISED)",,"STRAIGHT AND LEVEL","WET","NO DEFECTS","ON SCENE","NO INJURY / DRIVE AWAY",,,"Y","$501 - $1,500","2022-03-22T08:26:00.000","DRIVING SKILLS/KNOWLEDGE/EXPERIENCE","UNABLE TO DETERMINE","4453","W","DICKENS AVE","2522",,,,,,,"2","NO INDICATION OF INJURY","0","0","0","0","0","1","0","8","3","3","41.918740599","-87.738539725","POINT (-87.738539724747 41.918740598751)"
"ca8ec40871d205406c81a0f526ae93aa18649ad3913b3485cfee3d3ebb687b58033af9647a85b2b08d2790722fb09adf4b5b89296b2f7cfe559dc549ace86e04",,,"2022-03-22T08:20:00.000","30","NO CONTROLS","NO CONTROLS","RAIN","DAYLIGHT","SIDESWIPE SAME DIRECTION","NOT DIVIDED",,"STRAIGHT AND LEVEL","WET","NO DEFECTS","ON SCENE","NO INJURY / DRIVE AWAY",,"N",,"$501 - $1,500","2022-03-22T08:32:00.000","FAILING TO YIELD RIGHT-OF-WAY","FAILING TO YIELD RIGHT-OF-WAY","13","E","MARQUETTE RD","322",,,,,,,"2","NO INDICATION OF INJURY","0","0","0","0","0","3","0","8","3","3","41.772639253","-87.624553499","POINT (-87.624553498881 41.772639252639)"
"b536d06366d4e1defe5383189dc2291f8c9d2c00487be71b9443d88bf6157f744dadebfacf3c51d37c6bc01efeb8c7a90b9c5aab58646bb1e2f5c9d49590a6f4",,"Y","2022-03-22T08:15:00.000","40","NO CONTROLS","NO CONTROLS","RAIN","DAYLIGHT","REAR END","DIVIDED - W/MEDIAN (NOT RAISED)",,"STRAIGHT AND LEVEL","WET","NO DEFECTS","ON SCENE","NO INJURY / DRIVE AWAY",,,,"$501 - $1,500","2022-03-22T08:25:00.000","FOLLOWING TOO CLOSELY","WEATHER","12300","W","IRVING PARK RD","1654",,,,,,,"2","NO INDICATION OF INJURY","0","0","0","0","0","2","0","8","3","3","41.958986951","-87.933993929","POINT (-87.933993928974 41.958986950953)"
"916c38d960c54cbad81dbf7cc0f47fbb7a17bcb1f5654493e426abdace6b5a6cd855578735f9d4e0f8efc97adc23c4707dbb89bea658dfa80ea12b8bf7a83b32",,,"2022-03-22T08:08:00.000","30","NO CONTROLS","NO CONTROLS","RAIN","DAYLIGHT","ANGLE","NOT DIVIDED",,"STRAIGHT AND LEVEL","WET","NO DEFECTS","ON SCENE","NO INJURY / DRIVE AWAY",,,,"OVER $1,500","2022-03-22T08:39:00.000","FAILING TO YIELD RIGHT-OF-WAY","WEATHER","7319","N","PAULINA ST","2423",,,,,,,"2","NO INDICATION OF INJURY","0","0","0","0","0","2","0","8","3","3","42.014442929","-87.672281967","POINT (-87.672281966979 42.014442929013)"
"c8ff8ac5ab147c972d1f72b5f74f66f2be083d46bf07b633b2b83e79c6cd9602cafd0a514b36cb1ee80296835fcda5de3516135bc7980c841592270e4c216f2b",,,"2022-03-22T08:07:00.000","30","TRAFFIC SIGNAL","FUNCTIONING PROPERLY","RAIN","DAYLIGHT","TURNING","T-INTERSECTION",,"STRAIGHT AND LEVEL","WET","NO DEFECTS","ON SCENE","NO INJURY / DRIVE AWAY",,,,"$501 - $1,500","2022-03-22T08:13:00.000","UNABLE TO DETERMINE","NOT APPLICABLE","100","E","GRAND AVE","1834",,,,,,,"2","NO INDICATION OF INJURY","0","0","0","0","0","2","0","8","3","3","41.89182349","-87.62531771","POINT (-87.625317709668 41.891823490173)"
"95a5a877f05921f6baece090375edee8cea1ecbef20eff0a0564a67caf032ce0f6bc0eebf7055fe3f6f7c15c45ec7866965e0e5bb7c74bae0984e0dff65896ff",,,"2022-03-22T08:06:00.000","30","TRAFFIC SIGNAL","FUNCTIONING PROPERLY","CLOUDY/OVERCAST","DAYLIGHT","TURNING","Y-INTERSECTION",,"STRAIGHT AND LEVEL","WET","OTHER","NOT ON SCENE (DESK REPORT)","NO INJURY / DRIVE AWAY","Y",,,"OVER $1,500","2022-03-22T08:50:00.000","FOLLOWING TOO CLOSELY","NOT APPLICABLE","500","W","HARRISON ST","124",,,,,,,"2","NO INDICATION OF INJURY","0","0","0","0","0","3","0","8","3","3","41.874516006","-87.639501496","POINT (-87.639501495644 41.874516005793)"
"22f408c19f8820dd15aa896e7f8190764c2fd8762a0b66f4737abf5c25ab6d516cef403542cb0d6eda6cd8f2d3c766464fef9cefadac6b1ada0208a227bf9acd",,,"2022-03-22T07:58:00.000","30","NO CONTROLS","NO CONTROLS","CLEAR","DAYLIGHT","REAR END","NOT DIVIDED",,"STRAIGHT AND LEVEL","DRY","NO DEFECTS","ON SCENE","INJURY AND / OR TOW DUE TO CRASH",,,,"OVER $1,500","2022-03-22T08:02:00.000","UNABLE TO DETERMINE","NOT APPLICABLE","2455","W","MARQUETTE RD","832",,,,,,,"3","REPORTED, NOT EVIDENT","1","0","0","0","1","2","0","7","3","3","41.771832463","-87.685725918","POINT (-87.685725918178 41.771832462871)"
"5d5c142091060d6aeab726b2a74b3c1449d05e4fd87b20080d39f78d8caf1fcb565aed85e1e8e01e755b7b456ae7c9e67fd578fea32567453c83db189f89b23c",,,"2022-03-22T07:55:00.000","30","NO CONTROLS","NO CONTROLS","RAIN","DAYLIGHT","SIDESWIPE SAME DIRECTION","DIVIDED - W/MEDIAN BARRIER",,"STRAIGHT AND LEVEL","WET","NO DEFECTS","ON SCENE","INJURY AND / OR TOW DUE TO CRASH",,,,"OVER $1,500","2022-03-22T07:55:00.000","UNABLE TO DETERMINE","UNABLE TO DETERMINE","242","W","CERMAK RD","914",,,,,,,"2","NO INDICATION OF INJURY","0","0","0","0","0","2","0","7","3","3","41.852937515","-87.633760695","POINT (-87.633760694798 41.852937515369)"
"5260a4fbbca9cc6b3faef411fb643ce81c6a5af7a1f0165c04120f3dc5083fb8a98b5426d13046ce81330b1d3dc68a3521dbf8a89de04eabfc361a780a150d99",,,"2022-03-22T07:54:00.000","30","NO CONTROLS","NO CONTROLS","RAIN","DAYLIGHT","PARKED MOTOR VEHICLE","NOT DIVIDED",,"STRAIGHT AND LEVEL","WET","NO DEFECTS","ON SCENE","NO INJURY / DRIVE AWAY",,,,"OVER $1,500","2022-03-22T07:54:00.000","DRIVING SKILLS/KNOWLEDGE/EXPERIENCE","WEATHER","2362","N","CLARK ST","1812",,,,,,,"2","NO INDICATION OF INJURY","0","0","0","0","0","1","0","7","3","3","41.925304214","-87.640462082","POINT (-87.640462081603 41.925304214261)"
"632e41bad96330f73c49872a6f58f9b866cd9ff96632e83176b021f956ba1cca901f8e551029c256e40b8c971792c561e6248b3940858fad24a239d92fb814c0",,,"2022-03-22T07:50:00.000","30","NO CONTROLS","NO CONTROLS","RAIN","DAYLIGHT","REAR END","NOT DIVIDED",,"STRAIGHT AND LEVEL","WET","NO DEFECTS","NOT ON SCENE (DESK REPORT)","NO INJURY / DRIVE AWAY",,,"Y","OVER $1,500","2022-03-22T08:30:00.000","UNABLE TO DETERMINE","UNABLE TO DETERMINE","3208","N","PULASKI RD","1731",,,,,,,"2","NO INDICATION OF INJURY","0","0","0","0","0","2","0","7","3","3","41.939372352","-87.727340672","POINT (-87.72734067212 41.939372351992)"
"c60edc2533bb95d96fb1173aac18a1f0949c6b446871e145d662ed8ec2aa6cb1531b2f6b8b509ad6d74903c56349c8fce7d8b0c1c8c7539f792199d31390eb62",,,"2022-03-22T07:50:00.000","30","NO CONTROLS","NO CONTROLS","CLEAR","DAYLIGHT","SIDESWIPE SAME DIRECTION","DIVIDED - W/MEDIAN (NOT RAISED)",,"STRAIGHT AND LEVEL","DRY","NO DEFECTS","NOT ON SCENE (DESK REPORT)","NO INJURY / DRIVE AWAY",,,,"$501 - $1,500","2022-03-22T08:15:00.000","FAILING TO YIELD RIGHT-OF-WAY","UNABLE TO DETERMINE","3925","N","CENTRAL AVE","1633",,,,,,,"2","NO INDICATION OF INJURY","0","0","0","0","0","2","0","7","3","3","41.952078393","-87.766816506","POINT (-87.766816505548 41.952078393287)"
"67d08aa59c8963fb795282e4d9dfe214bec233b76b9f13af23b09f2ef1015204161b9f7ba69666fe5ee1a86600de790079a58df47959d25c28f8e2a81efc0158",,,"2022-03-22T07:47:00.000","30","NO CONTROLS","NO CONTROLS","RAIN","DAYLIGHT","REAR END","NOT DIVIDED",,"STRAIGHT AND LEVEL","WET","NO DEFECTS","NOT ON SCENE (DESK REPORT)","NO INJURY / DRIVE AWAY",,,,"OVER $1,500","2022-03-22T08:33:00.000","FOLLOWING TOO CLOSELY","FOLLOWING TOO CLOSELY","6450","S","WESTERN AVE","825",,,,,,,"2","NO INDICATION OF INJURY","0","0","0","0","0","2","0","7","3","3","41.775914393","-87.68370226","POINT (-87.683702260048 41.775914393375)"
"13e1dcae78130351dc3fda697f7f78a5402317031fac7c7901d2d485eb35e78cff7ecc316db48ab423e9f83f422ec75716bd8289c9d13abf4d82089a7512186d",,,"2022-03-22T07:32:00.000","30","UNKNOWN","UNKNOWN","RAIN","DAYLIGHT","SIDESWIPE SAME DIRECTION","NOT DIVIDED",,"STRAIGHT AND LEVEL","WET","UNKNOWN","ON SCENE","NO INJURY / DRIVE AWAY","Y",,,"OVER $1,500","2022-03-22T07:33:00.000","FAILING TO REDUCE SPEED TO AVOID CRASH","NOT APPLICABLE","6699","S","GREENWOOD AVE","321",,,,,,,"2","NO INDICATION OF INJURY","0","0","0","0","0","3","0","7","3","3","41.773292873","-87.599543761","POINT (-87.599543761386 41.773292873168)"
"e7542348f11d1e3e4c171d60fc61708b98f9b66ff9163ba75bd663728502bc909bdc905e17811dd23daeb3fc449752e0624e2626dc09b5a5fbd76d69d8152ea5",,,"2022-03-22T07:30:00.000","30","NO CONTROLS","NO CONTROLS","RAIN","DAYLIGHT","SIDESWIPE SAME DIRECTION","NOT DIVIDED",,"STRAIGHT AND LEVEL","WET","NO DEFECTS","ON SCENE","NO INJURY / DRIVE AWAY",,,,"OVER $1,500","2022-03-22T07:57:00.000","DRIVING SKILLS/KNOWLEDGE/EXPERIENCE","NOT APPLICABLE","2001","N","AUSTIN AVE","2515",,,,,,,"3","NO INDICATION OF INJURY","0","0","0","0","0","2","0","7","3","3","41.916617463","-87.775324739","POINT (-87.775324739088 41.916617462902)"
"71538f13ae85b9bd15ae48c16799505a771491c2cf56abdd268fa37e823336102a3b8442356762148c3067a53380773de3556c0bc557fd31247a39d8bdbf5f59",,,"2022-03-22T07:25:00.000","25","STOP SIGN/FLASHER","OTHER","RAIN","DAYLIGHT","ANGLE","FOUR WAY",,"STRAIGHT AND LEVEL","WET","NO DEFECTS","ON SCENE","INJURY AND / OR TOW DUE TO CRASH","Y",,,"OVER $1,500","2022-03-22T07:27:00.000","DRIVING SKILLS/KNOWLEDGE/EXPERIENCE","UNABLE TO DETERMINE","698","N","NOBLE ST","1215",,"Y",,,,,"3","NO INDICATION OF INJURY","0","0","0","0","0","3","0","7","3","3","41.894303197","-87.662500406","POINT (-87.662500406084 41.894303196702)"
"4105a499b9034a0243cb174f641103e6c8e28aac152d1de3c64ac3152299ed77f23d0b1f8ab32b58f4feba53072c8db4dc80e9a0cacb786664ce55eec2159273",,"Y","2022-03-22T07:20:00.000","20","NO CONTROLS","NO CONTROLS","CLEAR","DAYLIGHT","PARKED MOTOR VEHICLE","NOT DIVIDED",,"STRAIGHT AND LEVEL","DRY","NO DEFECTS","NOT ON SCENE (DESK REPORT)","NO INJURY / DRIVE AWAY",,,"Y","$501 - $1,500","2022-03-22T11:08:00.000","UNABLE TO DETERMINE","UNABLE TO DETERMINE","5322","S","NATCHEZ AVE","811",,,,,,,"2","NO INDICATION OF INJURY","0","0","0","0","0","1","0","7","3","3","41.79529655","-87.784486408","POINT (-87.7844864084 41.795296550286)"
"f467ec20ddf404a892786dc18cf06a83b13c6c00cd1718b57e02175c4daf18b57b0cc50a7ddacbf3babd8d74c7fcef99815b162bed909d2998018ef48ff4f891",,,"2022-03-22T07:05:00.000","30","TRAFFIC SIGNAL","FUNCTIONING PROPERLY","RAIN","DAYLIGHT","TURNING","DIVIDED - W/MEDIAN (NOT RAISED)",,"STRAIGHT AND LEVEL","WET","NO DEFECTS","ON SCENE","INJURY AND / OR TOW DUE TO CRASH","Y",,,"OVER $1,500","2022-03-22T07:15:00.000","UNABLE TO DETERMINE","UNABLE TO DETERMINE","6358","W","GUNNISON ST","1622",,,,,,,"2","NO INDICATION OF INJURY","0","0","0","0","0","2","0","7","3","3","41.968520412","-87.787951501","POINT (-87.787951500862 41.968520411965)"
"9528ebbc007851b9445babcf9391db66a83b55cca09edee784327878623805c8ca53cff71cd5cc72a9c49985b1e49e1872b20f6a0187163f0dd03e0e841cc1c4",,,"2022-03-22T07:00:00.000","30","TRAFFIC SIGNAL","FUNCTIONING PROPERLY","RAIN","DAWN","SIDESWIPE SAME DIRECTION","DIVIDED - W/MEDIAN BARRIER",,"STRAIGHT AND LEVEL","WET","NO DEFECTS","ON SCENE","NO INJURY / DRIVE AWAY",,,,"OVER $1,500","2022-03-22T07:20:00.000","IMPROPER OVERTAKING/PASSING","UNABLE TO DETERMINE","3700","S","PULASKI RD","1031",,,,,,,"2","NO INDICATION OF INJURY","0","0","0","0","0","2","0","7","3","3","41.826728187","-87.72428145","POINT (-87.724281449638 41.826728187074)"
"605fb98b3e585179a4d5f3f0d4d4738bc8bce5199bd482bfcb5bddae450144a9cead435dbae56a6f97377bc3795498e483c55d379b49819b2625ff01ba2a48a0",,,"2022-03-22T06:45:00.000","30","NO CONTROLS","NO CONTROLS","CLEAR","DAYLIGHT","SIDESWIPE SAME DIRECTION","NOT DIVIDED",,"STRAIGHT AND LEVEL","DRY","NO DEFECTS","NOT ON SCENE (DESK REPORT)","NO INJURY / DRIVE AWAY",,,,"OVER $1,500","2022-03-22T07:00:00.000","IMPROPER BACKING","UNABLE TO DETERMINE","4213","W","NORTH AVE","2534",,,,,,,"2","NO INDICATION OF INJURY","0","0","0","0","0","2","0","6","3","3","41.909700255","-87.731966037","POINT (-87.731966037239 41.909700255254)"
"fff471af1b1394b945e295fec93887d52ca4ef01b6564c33402b7f307c7950ac3572eeeed18c94ae36269ee35afe793893e4386eb497e17a45c470f9c3c1885f",,,"2022-03-22T06:40:00.000","30","TRAFFIC SIGNAL","FUNCTIONING PROPERLY","RAIN","DUSK","TURNING","FOUR WAY",,"STRAIGHT AND LEVEL","WET","NO DEFECTS","ON SCENE","NO INJURY / DRIVE AWAY","Y",,,"$501 - $1,500","2022-03-22T06:41:00.000","DISREGARDING TRAFFIC SIGNALS","NOT APPLICABLE","2800","W","63RD ST","823",,,,,,,"2","NO INDICATION OF INJURY","0","0","0","0","0","2","0","6","3","3","41.779224532","-87.693456441","POINT (-87.693456441033 41.779224532387)"
"be1829dd216cf9f7cac2e4080110ec6398e9f9bda4fabe7146a797db1133771016d7f41881f4eb763f22e49ef82cc8f9415e298fa3d990eb4541b5145111cde4",,,"2022-03-22T06:33:00.000","35","NO CONTROLS","NO CONTROLS","RAIN","DAWN","PARKED MOTOR VEHICLE","DIVIDED - W/MEDIAN (NOT RAISED)",,"STRAIGHT AND LEVEL","WET","NO DEFECTS","ON SCENE","NO INJURY / DRIVE AWAY",,,,"OVER $1,500","2022-03-22T06:34:00.000","NOT APPLICABLE","NOT APPLICABLE","6828","W","FOSTER AVE","1613",,,,,,,"3","NO INDICATION OF INJURY","0","0","0","0","0","1","0","6","3","3","41.975671176","-87.798720341","POINT (-87.798720341437 41.975671175924)"
"8f2f43e7f471e9dec1cd6daca891c3bbfb5eca78298791f084ca1169701f3c61b34676b6ecb864e19cf072f89aa2cafe34099845f43cbb58a2f657d03d34b366",,,"2022-03-22T06:30:00.000","30","TRAFFIC SIGNAL","FUNCTIONING PROPERLY","CLOUDY/OVERCAST","DAYLIGHT","REAR END","NOT DIVIDED",,"STRAIGHT AND LEVEL","DRY","NO DEFECTS","NOT ON SCENE (DESK REPORT)","NO INJURY / DRIVE AWAY",,,,"OVER $1,500","2022-03-22T07:30:00.000","UNABLE TO DETERMINE","UNABLE TO DETERMINE","8300","S","HALSTED ST","613",,,,,,,"2","NO INDICATION OF INJURY","0","0","0","0","0","2","0","6","3","3","41.743264491","-87.64397498","POINT (-87.643974980157 41.743264490644)"
"ce0956244699bb738ccfaca3a0b7e21c641f711b0170e382aa2ad0ba80f4df8d98e8ebd61a658c96744a6cf2b562dfddddc9773868fc20b93af5bee9620a6fc4",,,"2022-03-22T06:09:00.000","30","TRAFFIC SIGNAL","FUNCTIONING PROPERLY","RAIN","DARKNESS, LIGHTED ROAD","PEDESTRIAN","NOT DIVIDED",,"STRAIGHT AND LEVEL","WET","NO DEFECTS","ON SCENE","INJURY AND / OR TOW DUE TO CRASH","Y",,,"$500 OR LESS","2022-03-22T06:09:00.000","FAILING TO YIELD RIGHT-OF-WAY","NOT APPLICABLE","7901","S","CICERO AVE","834",,,,,,,"2","REPORTED, NOT EVIDENT","1","0","0","0","1","1","0","6","3","3","41.749065056","-87.741203904","POINT (-87.741203904025 41.749065056465)"
"e7aa17a102811dfc7634c5e3b24732da36dab3c620511abe3ad26900cb663858048af0525ddc3d8ccdfebbc8e896af6d4931eee8e15374f7ff9ddedf58aca3da",,,"2022-03-22T05:51:00.000","35","TRAFFIC SIGNAL","FUNCTIONING PROPERLY","RAIN","DAWN","TURNING","FOUR WAY",,"STRAIGHT AND LEVEL","WET","NO DEFECTS","ON SCENE","INJURY AND / OR TOW DUE TO CRASH","Y",,,"OVER $1,500","2022-03-22T06:42:00.000","WEATHER","UNABLE TO DETERMINE","4701","S","CICERO AVE","815",,,,,,,"2","NO INDICATION OF INJURY","0","0","0","0","0","3","0","5","3","3","41.807533457","-87.743003421","POINT (-87.743003421203 41.807533457298)"
"716389f4e54c99d9e17ce715d4d9158c43cf3b32cc53f072263335e018c2bef7ea45aa34032ebf073b3a6e6ec8d94679dc56ed1098bfeb022c748b48d71ccf75",,,"2022-03-22T05:35:00.000","30","NO CONTROLS","NO CONTROLS","CLEAR","DARKNESS, LIGHTED ROAD","SIDESWIPE SAME DIRECTION","NOT DIVIDED",,"STRAIGHT AND LEVEL","DRY","NO DEFECTS","ON SCENE","NO INJURY / DRIVE AWAY",,,"Y","OVER $1,500","2022-03-22T05:35:00.000","UNABLE TO DETERMINE","NOT APPLICABLE","2360","W","47TH ST","922",,,,,,,"2","NO INDICATION OF INJURY","0","0","0","0","0","2","0","5","3","3","41.808527276","-87.683900172","POINT (-87.68390017214 41.808527275574)"
"109fcad6978bf2d81c11a6a4424bdd4eb4cf12eff64ea88e0b2204c6bd695945a7a1da0f258c5314b38449688b27d697f2791fccc510bd3db65a04e9c81d89bb",,,"2022-03-22T05:30:00.000","35","TRAFFIC SIGNAL","FUNCTIONING PROPERLY","CLEAR","DARKNESS, LIGHTED ROAD","ANGLE","DIVIDED - W/MEDIAN (NOT RAISED)",,"STRAIGHT AND LEVEL","DRY","NO DEFECTS","NOT ON SCENE (DESK REPORT)","INJURY AND / OR TOW DUE TO CRASH","Y",,"Y","OVER $1,500","2022-03-22T20:10:00.000","FAILING TO YIELD RIGHT-OF-WAY","UNABLE TO DETERMINE","5900","S","LOOMIS BLVD","713",,,,,,,"2","NONINCAPACITATING INJURY","1","0","0","1","0","1","0","5","3","3","41.786722216","-87.659683616","POINT (-87.659683616183 41.786722216228)"
"3b1603879af60d9aff376eea7baec3738d418d5df783061c490b91b6a898bbc159cc6cde5587fe627ce570feed35b0348f8484d48a817c36b4acc16a6f0770e3",,,"2022-03-22T05:30:00.000","30","TRAFFIC SIGNAL","FUNCTIONING PROPERLY","CLOUDY/OVERCAST","DAWN","TURNING","FOUR WAY",,"STRAIGHT AND LEVEL","DRY","NO DEFECTS","NOT ON SCENE (DESK REPORT)","NO INJURY / DRIVE AWAY","Y",,"Y","OVER $1,500","2022-03-22T12:55:00.000","IMPROPER TURNING/NO SIGNAL","UNABLE TO DETERMINE","30","W","79TH ST","623",,,,,,,"2","NO INDICATION OF INJURY","0","0","0","0","0","2","0","5","3","3","41.751036601","-87.625807148","POINT (-87.625807147846 41.751036600941)"
"8677ed47061af2bed4a46629eb8202846ff83c1e2da8546bd8a89ddba2f210cf0cf3673c2298e1cea6011f13b7e9835121ae04a91092e2aa588e8890b05de113",,,"2022-03-22T05:30:00.000","30","NO CONTROLS","NO CONTROLS","CLEAR","DARKNESS, LIGHTED ROAD","HEAD ON","FOUR WAY",,"STRAIGHT AND LEVEL","DRY","WORN SURFACE","ON SCENE","INJURY AND / OR TOW DUE TO CRASH","Y",,,"OVER $1,500","2022-03-22T05:31:00.000","DRIVING SKILLS/KNOWLEDGE/EXPERIENCE","UNABLE TO DETERMINE","1300","W","63RD ST","713",,,,,,,"2","NONINCAPACITATING INJURY","1","0","0","1","0","1","0","5","3","3","41.77968322","-87.657096605","POINT (-87.657096605291 41.779683220172)"
"cc28d4f93314ad908575a94ab1029363bac5748c6151637381114197db8050a70cb79a099a5f8972d72f5b97430dece81ae85d68bc49bc85e8969382e31bfdbc",,,"2022-03-22T04:45:00.000","15","NO CONTROLS","OTHER","CLEAR","DARKNESS","FIXED OBJECT","OTHER",,"STRAIGHT AND LEVEL","DRY","NO DEFECTS","ON SCENE","NO INJURY / DRIVE AWAY",,,,"OVER $1,500","2022-03-22T05:06:00.000","UNABLE TO DETERMINE","IMPROPER BACKING","157","E","OHIO ST","1834",,,,,,,"1","NO INDICATION OF INJURY","0","0","0","0","0","1","0","4","3","3","41.892442023","-87.623147475","POINT (-87.623147475251 41.892442022929)"
"de7770be7dd0d641ad651fc05a9a0928985ee33aa7f34db428b81a40eb320998a68544bdf96f9f3ae084bf35ea68b4f2feb93d9af1d10fd28383062004cc58cc",,,"2022-03-22T04:41:00.000","30","NO CONTROLS","NO CONTROLS","CLEAR","DARKNESS, LIGHTED ROAD","TURNING","NOT DIVIDED",,"STRAIGHT AND LEVEL","DRY","NO DEFECTS","ON SCENE","INJURY AND / OR TOW DUE TO CRASH",,,,"OVER $1,500","2022-03-22T04:41:00.000","UNABLE TO DETERMINE","UNABLE TO DETERMINE","1301","N","AUSTIN BLVD","2531",,,,,,,"2","NONINCAPACITATING INJURY","1","0","0","1","0","2","0","4","3","3","41.903904618","-87.775278157","POINT (-87.775278157323 41.903904617896)"
"0f1b15e62e78768f4d9db0e91652929e82394c014b185538cdde57bed6cbe7897eb269b27bf89017e6cbca9a01c35b56f14f213a2d0cd6af92b8500ae1ebb30f",,,"2022-03-22T04:00:00.000","15","NO CONTROLS","NO CONTROLS","CLEAR","DARKNESS, LIGHTED ROAD","PARKED MOTOR VEHICLE","ONE-WAY",,"STRAIGHT AND LEVEL","DRY","NO DEFECTS","NOT ON SCENE (DESK REPORT)","NO INJURY / DRIVE AWAY",,,"Y","$501 - $1,500","2022-03-22T11:50:00.000","UNABLE TO DETERMINE","NOT APPLICABLE","1831","S","MILLARD AVE","1014",,,,,,,"2","NO INDICATION OF INJURY","0","0","0","0","0","1","0","4","3","3","41.856166853","-87.716201249","POINT (-87.716201248541 41.8561668533)"