"crash_record_id","rd_no","crash_date_est_i","crash_date","posted_speed_limit","traffic_control_device","device_condition","weather_condition","lighting_condition","first_crash_type","trafficway_type","lane_cnt","alignment","roadway_surface_cond","road_defect","report_type","crash_type","intersection_related_i","private_property_i","hit_and_run_i","damage","date_police_notified","prim_contributory_cause","sec_contributory_cause","street_no","street_direction","street_name","beat_of_occurrence","photos_taken_i","statements_taken_i","dooring_i","work_zone_i","work_zone_type","workers_present_i","num_units","most_severe_injury","injuries_total","injuries_fatal","injuries_incapacitating","injuries_non_incapacitating","injuries_reported_not_evident","injuries_no_indication","injuries_unknown","crash_hour","crash_day_of_week","crash_month","latitude","longitude","location"
"1869e4a13319784cee5c3fce2d04808203b8743f4c7d840f289941b10cc01d3fc99870c3f133e0dc8f05bccd225827dd7aee647e69b6919ee75ffdde5c011f3b",,,"2022-03-22T02:43:00.000","45","NO CONTROLS","NO CONTROLS","CLEAR","DARKNESS","SIDESWIPE SAME DIRECTION","ONE-WAY",,"STRAIGHT AND LEVEL","DRY","NO DEFECTS","ON SCENE","INJURY AND / OR TOW DUE TO CRASH",,,,"OVER $1,500","2022-03-22T02:45:00.000","UNABLE TO DETERMINE","UNABLE TO DETERMINE","9159","S","CHICAGO SKYWAY IB","423",,,,,,,"2","REPORTED, NOT EVIDENT","2","0","0","0","2","2","0","2","3","3",,,
"497450a150de02ced847dcbad142b900257ad0b9ef558911f8d1d87eed1af5a95e7dc5b978e4abe72fd8ba069499fdda1ad2a6cb3c58c697d1c49e7a456731be",,,"2022-03-22T02:33:00.000","30","NO CONTROLS","NO CONTROLS","CLEAR","DARKNESS, LIGHTED ROAD","SIDESWIPE OPPOSITE DIRECTION","NOT DIVIDED",,"STRAIGHT AND LEVEL","DRY","NO DEFECTS","ON SCENE","NO INJURY / DRIVE AWAY",,,,"OVER $1,500","2022-03-22T02:57:00.000","IMPROPER OVERTAKING/PASSING","IMPROPER LANE USAGE","836","W","WELLINGTON AVE","1933",,,,,,,"2","NO INDICATION OF INJURY","0","0","0","0","0","3","0","2","3","3","41.936450168","-87.650552452","POINT (-87.650552452041 41.936450167582)"
"9ca3ce98b5ba0acf77e7584ff55fbf3cc93fc9d0a97fca32ec7f1428f4061d827e0f60b268012be6f1b1d95d8b54666db266341a155f65b02da99ffe9da7a7e6",,,"2022-03-22T02:19:00.000","40","NO CONTROLS","NO CONTROLS","CLEAR","DARKNESS, LIGHTED ROAD","FIXED OBJECT","DIVIDED - W/MEDIAN BARRIER",,"STRAIGHT AND LEVEL","DRY","NO DEFECTS","ON SCENE","INJURY AND / OR TOW DUE TO CRASH",,,"Y","OVER $1,500","2022-03-22T02:29:00.000","FAILING TO REDUCE SPEED TO AVOID CRASH","FAILING TO REDUCE SPEED TO AVOID CRASH","1500","N","LAKE SHORE DR SB","1824",,,,,,,"1","NO INDICATION OF INJURY","0","0","0","0","0","1","0","2","3","3","41.909579867","-87.626081768","POINT (-87.626081768182 41.909579866705)"
"485c15365722fd4e19724171c2140e4562eae4a575e32061b76d632454ef8938558063355acffc393d1506db15760d9007bf2cb2c5d4e3be771e4aa02ff39cb6",,,"2022-03-22T02:11:00.000","35","NO CONTROLS","NO CONTROLS","CLEAR","DARKNESS, LIGHTED ROAD","PARKED MOTOR VEHICLE","ONE-WAY",,"STRAIGHT AND LEVEL","DRY","UNKNOWN","ON SCENE","INJURY AND / OR TOW DUE TO CRASH",,,,"OVER $1,500","2022-03-22T02:13:00.000","UNABLE TO DETERMINE","UNABLE TO DETERMINE","25","N","MASON AVE","1513",,,,,,,"2","NO INDICATION OF INJURY","0","0","0","0","0","1","0","2","3","3","41.880915377","-87.773103474","POINT (-87.77310347396 41.880915376995)"
"0c954135b4111ca4c4c8a4f909c4fb90a57a9448956460e41102a2def1be373dbbc972e3a280b8136da5441f4ec3e32310d0087d2907598823cd1592a11b3d0d",,,"2022-03-22T02:00:00.000","30","NO CONTROLS","NO CONTROLS","CLOUDY/OVERCAST","DARKNESS","PARKED MOTOR VEHICLE","DIVIDED - W/MEDIAN BARRIER",,"STRAIGHT AND LEVEL","DRY","NO DEFECTS","ON SCENE","NO INJURY / DRIVE AWAY",,,"Y","OVER $1,500","2022-03-22T07:04:00.000","UNABLE TO DETERMINE","UNABLE TO DETERMINE","3310","W","DOUGLAS BLVD","1021",,,,,,,"2","NO INDICATION OF INJURY","0","0","0","0","0","1","0","2","3","3","41.863037887","-87.708491431","POINT (-87.708491431075 41.863037887199)"
"2db282bff502011ac1dda49ca3ab0c9ce7e3d240e9ad823b1cdd78182d3529dc16bd8edd9129545e58497afab2deaf8b4fcabe1c32e48463dacab7d860cfbda2",,,"2022-03-22T02:00:00.000","15","NO CONTROLS","NO CONTROLS","CLEAR","DARKNESS, LIGHTED ROAD","FIXED OBJECT","ONE-WAY",,"STRAIGHT AND LEVEL","DRY","NO DEFECTS","ON SCENE","NO INJURY / DRIVE AWAY",,"Y","Y","$500 OR LESS","2022-03-22T04:50:00.000","OPERATING VEHICLE IN ERRATIC, RECKLESS, CARELESS, NEGLIGENT OR AGGRESSIVE MANNER","OPERATING VEHICLE IN ERRATIC, RECKLESS, CARELESS, NEGLIGENT OR AGGRESSIVE MANNER","836","W","WELLINGTON AVE","1933",,,,,,,"1","NO INDICATION OF INJURY","0","0","0","0","0","1","0","2","3","3","41.936450168","-87.650552452","POINT (-87.650552452041 41.936450167582)"
"4c13e9f83b5e7f03f986baf7b3c66f63165a677c3dbb8546c52d8962272cd837fee6afd283d71ad72031aa292141ff83327529b047829fd6fa720d5b94bc0dfd",,,"2022-03-22T01:37:00.000","30","NO CONTROLS","NO CONTROLS","CLEAR","DARKNESS, LIGHTED ROAD","REAR END","DIVIDED - W/MEDIAN BARRIER",,"STRAIGHT AND LEVEL","DRY","UNKNOWN","ON SCENE","INJURY AND / OR TOW DUE TO CRASH",,,"Y","OVER $1,500","2022-03-22T01:42:00.000","UNABLE TO DETERMINE","UNABLE TO DETERMINE","327","W","51ST ST","935",,,,,,,"2","NO INDICATION OF INJURY","0","0","0","0","0","3","0","1","3","3","41.801681851","-87.634288317","POINT (-87.634288317187 41.801681850962)"
"917dbed6c2d1caf3e6aac985710453679f631a797c894bcaf51fc677e8461cc6a4110f825531ab31b40d4c65a5d3c252401745b384eb232f212ad9e1a80dc49c",,,"2022-03-22T01:23:00.000","30","NO CONTROLS","NO CONTROLS","CLEAR","DARKNESS, LIGHTED ROAD","PARKED MOTOR VEHICLE","NOT DIVIDED",,"STRAIGHT AND LEVEL","DRY","NO DEFECTS","ON SCENE","NO INJURY / DRIVE AWAY",,,,"OVER $1,500","2022-03-22T01:23:00.000","UNABLE TO DETERMINE","NOT APPLICABLE","61","E","CULLERTON ST","131",,,,,,,"2","NO INDICATION OF INJURY","0","0","0","0","0","1","0","1","3","3","41.855371371","-87.624674898","POINT (-87.6246748977 41.855371370943)"
"a2514d48ad9408fd8f07d8674538db8e48bbca2d57f6387cdcb1dba989d530960a38e2aa644343fbe4339cec8d41935e33bc000f0e8fa0aa026c1b76977e168a",,,"2022-03-22T01:07:00.000","30","NO CONTROLS","NO CONTROLS","CLEAR","DARKNESS, LIGHTED ROAD","PARKED MOTOR VEHICLE","NOT DIVIDED",,"STRAIGHT AND LEVEL","DRY","NO DEFECTS","ON SCENE","INJURY AND / OR TOW DUE TO CRASH",,,,"OVER $1,500","2022-03-22T01:07:00.000","FAILING TO REDUCE SPEED TO AVOID CRASH","IMPROPER LANE USAGE","4332","S","WESTERN AVE","922",,,,,,,"4","NO INDICATION OF INJURY","0","0","0","0","0","2","0","1","3","3","41.814703099","-87.684745822","POINT (-87.684745822427 41.814703098515)"
"d9edc7cfcb020230bf9991660597ab76e5d6345d07fbebc940d6e59f0b58e458153e8765c7a863a7cd84ee3ccf2cc0fe61fde6a2730fac91bdd62ef4767f40e7",,,"2022-03-22T00:47:00.000","30","NO CONTROLS","NO CONTROLS","CLEAR","DARKNESS, LIGHTED ROAD","REAR TO FRONT","NOT DIVIDED",,"STRAIGHT AND LEVEL","DRY","NO DEFECTS","ON SCENE","INJURY AND / OR TOW DUE TO CRASH",,,"Y","OVER $1,500","2022-03-22T00:48:00.000","IMPROPER BACKING","NOT APPLICABLE","840","E","76TH ST","624",,,,,,,"2","NO INDICATION OF INJURY","0","0","0","0","0","2","0","0","3","3","41.756886712","-87.603707822","POINT (-87.603707822218 41.756886711975)"
"7d1f03f392ca9b866f4be82ff578a4650a6f12c7a7ce5c99c925d1a511eec10286f51143383563eaa1449898f166598ad75c7b9d2650b69ba2a3b0b30dd1873b",,,"2022-03-22T00:30:00.000","20","NO CONTROLS","NO CONTROLS","CLEAR","DARKNESS, LIGHTED ROAD","PARKED MOTOR VEHICLE","ONE-WAY",,"STRAIGHT AND LEVEL","DRY","NO DEFECTS","NOT ON SCENE (DESK REPORT)","NO INJURY / DRIVE AWAY",,,"Y","OVER $1,500","2022-03-22T08:40:00.000","UNABLE TO DETERMINE","UNABLE TO DETERMINE","1614","S","SPAULDING AVE","1021",,,,,,,"2","NO INDICATION OF INJURY","0","0","0","0","0","1","0","0","3","3","41.85855897","-87.70802645","POINT (-87.708026449673 41.858558969568)"
"c9e610944aa1a4841a3dc72ff97a5e1a7963e4abfcdfe5900dfca0b520c164910b5f5f2a5fcff7bb58702c1dff94396e1ade4e27df06adbf61105f0ed664b0f4",,,"2022-03-22T00:30:00.000","30","TRAFFIC SIGNAL","FUNCTIONING PROPERLY","CLEAR","DARKNESS, LIGHTED ROAD","REAR END","NOT DIVIDED",,"STRAIGHT AND LEVEL","DRY","NO DEFECTS","ON SCENE","NO INJURY / DRIVE AWAY",,,,"OVER $1,500","2022-03-22T00:32:00.000","FAILING TO REDUCE SPEED TO AVOID CRASH","NOT APPLICABLE","7588","S","YATES BLVD","414",,,,,,,"2","NO INDICATION OF INJURY","0","0","0","0","0","2","0","0","3","3","41.757247811","-87.566483586","POINT (-87.566483585823 41.757247811078)"
"db1d38d926c58051a29a54feb519b2369b74970ef13102a1b491e9412b5c5e67fa94031b4b209c9a3c885f2e1e224d2f80a07e483dfb7b15387511c07ac8de56",,,"2022-03-22T00:15:00.000","20","NO CONTROLS","NO CONTROLS","CLEAR","DARKNESS, LIGHTED ROAD","REAR TO SIDE","ONE-WAY",,"STRAIGHT AND LEVEL","UNKNOWN","UNKNOWN","NOT ON SCENE (DESK REPORT)","NO INJURY / DRIVE AWAY",,,,"$501 - $1,500","2022-03-22T01:00:00.000","IMPROPER BACKING","FAILING TO REDUCE SPEED TO AVOID CRASH","2111","W","ARTHUR AVE","2412",,,,,,,"2","NO INDICATION OF INJURY","0","0","0","0","0","2","0","0","3","3","41.999548026","-87.683107476","POINT (-87.683107475674 41.999548026307)"
"5d9276eefd728e8abc8bae78f8138ccf4e259b8dc01a06aa710a8b1359110b56fc7eb0b63ab10cb2334f8c772bf4f0571946233127057dfd436b58860ec1b866",,"Y","2022-03-22T00:00:00.000","35","NO CONTROLS","NO CONTROLS","CLEAR","UNKNOWN","PARKED MOTOR VEHICLE","NOT DIVIDED",,"STRAIGHT AND LEVEL","UNKNOWN","NO DEFECTS","ON SCENE","NO INJURY / DRIVE AWAY",,,"Y","OVER $1,500","2022-03-22T12:57:00.000","UNABLE TO DETERMINE","UNABLE TO DETERMINE","6523","S","EMERALD AVE","723",,,,,,,"2","NO INDICATION OF INJURY","0","0","0","0","0","1","0","0","3","3","41.775324417","-87.643522646","POINT (-87.643522646205 41.77532441662)"
"e074ce4f27e026dbc69107dfd1358336c969da5125ea721648336c48972116a03b3bc8822e9402e9662477c135f668f0f6020a82e3514815ebff486516663ba2",,,"2022-03-21T23:28:00.000","20","NO CONTROLS","NO CONTROLS","CLEAR","DARKNESS, LIGHTED ROAD","REAR TO FRONT","DIVIDED - W/MEDIAN (NOT RAISED)",,"STRAIGHT AND LEVEL","DRY","NO DEFECTS","NOT ON SCENE (DESK REPORT)","NO INJURY / DRIVE AWAY",,,,"$501 - $1,500","2022-03-22T10:30:00.000","IMPROPER BACKING","NOT APPLICABLE","4032","W","31ST ST","1031",,,,,,,"2","NO INDICATION OF INJURY","0","0","0","0","0","2","0","23","2","3","41.836974767","-87.725632115","POINT (-87.725632114701 41.836974766963)"
"627b0b993a681705b6b2c164a7b4c0a722a0e726bf8d64f921d79297a7ad9b380b1ee619bf7e0dae302917f472b85cf7e69f7121622e4ceca3babfd3e9fd59fc",,,"2022-03-21T23:20:00.000","30","NO CONTROLS","NO CONTROLS","CLEAR","DARKNESS, LIGHTED ROAD","PARKED MOTOR VEHICLE","NOT DIVIDED",,"STRAIGHT AND LEVEL","DRY","NO DEFECTS","ON SCENE","INJURY AND / OR TOW DUE TO CRASH",,,"Y","OVER $1,500","2022-03-21T23:25:00.000","UNABLE TO DETERMINE","UNABLE TO DETERMINE","9942","S","VINCENNES AVE","2213",,,,,,,"2","NO INDICATION OF INJURY","0","0","0","0","0","1","0","23","2","3","41.712895148","-87.653908902","POINT (-87.653908902323 41.712895148041)"
"1c4ea6a6990dea519fbf896df41d2439940be37d4e2586cd6036e6755dbb55ad4a08c7677f47532354ef364e8f81424871528df285096d669f08529ec748c0fd",,,"2022-03-21T23:00:00.000","30","NO CONTROLS","NO CONTROLS","CLEAR","DARKNESS, LIGHTED ROAD","PARKED MOTOR VEHICLE","NOT DIVIDED",,"STRAIGHT ON GRADE","DRY","NO DEFECTS","NOT ON SCENE (DESK REPORT)","NO INJURY / DRIVE AWAY",,,"Y","$501 - $1,500","2022-03-21T23:05:00.000","IMPROPER LANE USAGE","NOT APPLICABLE","3252","S","HALSTED ST","913",,,,,,,"2","NO INDICATION OF INJURY","0","0","0","0","0","3","0","23","2","3","41.834898972","-87.646349596","POINT (-87.646349595692 41.834898972255)"
"3f3cd972d8126508105369daf8dd3a50b40696e4be8bddfbea1d92e1f516df127399d578122c756834ed60190de730fb09efb824e03f2138e17c55bc49e4e81b",,"Y","2022-03-21T23:00:00.000","30","NO CONTROLS","NO CONTROLS","CLEAR","DARKNESS, LIGHTED ROAD","PARKED MOTOR VEHICLE","ONE-WAY",,"STRAIGHT AND LEVEL","DRY","NO DEFECTS","NOT ON SCENE (DESK REPORT)","NO INJURY / DRIVE AWAY",,,"Y","OVER $1,500","2022-03-22T10:00:00.000","UNABLE TO DETERMINE","UNABLE TO DETERMINE","2820","N","LINDER AVE","2514",,,,,,,"2","NO INDICATION OF INJURY","0","0","0","0","0","1","0","23","2","3","41.931963323","-87.763959336","POINT (-87.763959335529 41.931963323446)"
"eab767e1aeb99cc196698af121dbcaea1fc990921186be7d442d20692f14bf7da75a000f28442e21097cc3c947809c3dad005a9a12f631e5f9ee76bcb88f6250",,,"2022-03-21T22:22:00.000","30","NO CONTROLS","NO CONTROLS","CLEAR","DARKNESS, LIGHTED ROAD","OTHER OBJECT","NOT DIVIDED",,"STRAIGHT AND LEVEL","DRY","NO DEFECTS","ON SCENE","NO INJURY / DRIVE AWAY",,"Y",,"$501 - $1,500","2022-03-21T22:22:00.000","DRIVING SKILLS/KNOWLEDGE/EXPERIENCE","NOT APPLICABLE","2325","W","41ST ST","924",,,,,,,"1","NO INDICATION OF INJURY","0","0","0","0","0","1","0","22","2","3","41.819231146","-87.683405576","POINT (-87.683405575601 41.819231145677)"
"3088720c7d9dda3e355cceced43dc68a06d1dc561cbd5511ddd9d4974f6d45e6ee435c8a2b73ca5c994ee2a544eeadaa070b9d6724ab969bd355585caffe7eee",,"Y","2022-03-21T22:00:00.000","25","NO CONTROLS","NO CONTROLS","CLEAR","DARKNESS","PARKED MOTOR VEHICLE","PARKING LOT",,"STRAIGHT AND LEVEL","DRY","NO DEFECTS","NOT ON SCENE (DESK REPORT)","NO INJURY / DRIVE AWAY",,,"Y","$501 - $1,500","2022-03-22T16:52:00.000","UNABLE TO DETERMINE","UNABLE TO DETERMINE","10931","S","VERNON AVE","513",,,,,,,"2","NO INDICATION OF INJURY","0","0","0","0","0","1","0","22","2","3","41.695533268","-87.612086999","POINT (-87.612086999451 41.695533267618)"
"a2ac465f3cbb4ad4cca067cb95edf51e79206851e86174da804845fefb95d17c804866446b8e70e636606f1ceba474e806292e4fc8bc52651a84d7feb5ed09f6",,,"2022-03-21T22:00:00.000","10","NO CONTROLS","NO CONTROLS","CLEAR","DARKNESS, LIGHTED ROAD","SIDESWIPE SAME DIRECTION","ONE-WAY",,"STRAIGHT AND LEVEL","DRY","NO DEFECTS","NOT ON SCENE (DESK REPORT)","NO INJURY / DRIVE AWAY",,,,"$501 - $1,500","2022-03-21T23:30:00.000","NOT APPLICABLE","NOT APPLICABLE","10000","W","OHARE ST","1651",,,,,,,"2","NO INDICATION OF INJURY","0","0","0","0","0","2","0","22","2","3","41.976201139","-87.905309125","POINT (-87.905309125103 41.976201139024)"
"bb06fc8a20d772c1f95f713618d8059d78f4a2b886f82653812618585b19e3819a91f8e724d52b0f2415d7e30d752926fb2f83c1cda8e8efd252b6636b4e3222",,,"2022-03-21T22:00:00.000","30","NO CONTROLS","NO CONTROLS","UNKNOWN","UNKNOWN","PARKED MOTOR VEHICLE","ONE-WAY",,"STRAIGHT AND LEVEL","UNKNOWN","UNKNOWN","NOT ON SCENE (DESK REPORT)","NO INJURY / DRIVE AWAY",,,,"$500 OR LESS","2022-03-22T16:10:00.000","UNABLE TO DETERMINE","NOT APPLICABLE","6447","N","WAYNE AVE","2432",,,,,,,"2","NO INDICATION OF INJURY","0","0","0","0","0","1","0","22","2","3","41.99948668","-87.664187991","POINT (-87.66418799137 41.999486679845)"
"d583a88a8d2cfe6359a5efd9d299109e62e42404d457a8680cfa19599069e922b85cdcbee535260398cae913b6778b9bf7b69d75d564e9201fb74d7278303ecc",,,"2022-03-21T22:00:00.000","30","TRAFFIC SIGNAL","FUNCTIONING PROPERLY","CLEAR","DARKNESS, LIGHTED ROAD","SIDESWIPE SAME DIRECTION","NOT DIVIDED",,"STRAIGHT AND LEVEL","DRY","NO DEFECTS","NOT ON SCENE (DESK REPORT)","NO INJURY / DRIVE AWAY",,,,"OVER $1,500","2022-03-21T23:00:00.000","IMPROPER LANE USAGE","UNABLE TO DETERMINE","150","N","MICHIGAN AVE","111",,,,,,,"2","NO INDICATION OF INJURY","0","0","0","0","0","3","0","22","2","3","41.884530964","-87.624602045","POINT (-87.624602044601 41.884530963783)"
"0d03097f9c41d7339e128acb657aa8ca2eb3aaf7f78e71df58183ca7cafb1ae2934b0b6cbd1ca2121cdf824af15a5bcff9e1c2aa803d36ef11eff7bc601c4b99",,,"2022-03-21T21:46:00.000","30","NO CONTROLS","NO CONTROLS","CLEAR","DARKNESS, LIGHTED ROAD","REAR END","NOT DIVIDED",,"STRAIGHT AND LEVEL","DRY","NO DEFECTS","ON SCENE","INJURY AND / OR TOW DUE TO CRASH",,,"Y","OVER $1,500","2022-03-21T21:50:00.000","FOLLOWING TOO CLOSELY","FAILING TO REDUCE SPEED TO AVOID CRASH","5731","S","CORNELL DR","331",,,,,,,"2","INCAPACITATING INJURY","1","0","1","0","0","1","0","21","2","3","41.790733901","-87.58526207","POINT (-87.585262070277 41.790733900729)"
"0427860e3643b896e1a9b1f563ffdaad520cb69c7424668032fd6a5466bcc1639a9a88f0ab2dfba043e390b722a5057b9d83e43b3b0bff8c9efa3b03ef7f4df9",,,"2022-03-21T21:45:00.000","30","TRAFFIC SIGNAL","FUNCTIONING PROPERLY","CLEAR","DARKNESS, LIGHTED ROAD","REAR END","NOT DIVIDED",,"STRAIGHT AND LEVEL","DRY","NO DEFECTS","ON SCENE","NO INJURY / DRIVE AWAY","Y",,,"$500 OR LESS","2022-03-21T23:00:00.000","FAILING TO REDUCE SPEED TO AVOID CRASH","FOLLOWING TOO CLOSELY","517","N","PESHTIGO CT","1834",,,,,,,"2","NO INDICATION OF INJURY","0","0","0","0","0","2","0","21","2","3","41.891707527","-87.61504312","POINT (-87.615043119975 41.891707526967)"
"8e87045cdd601da2526f88b174bcba2e52a89b2e0191ece575e15c35e0e009d72781baea53f1d397f452ca491e448de5ab6b177ff645fca1611bce5e877c2997",,,"2022-03-21T21:45:00.000","40","NO CONTROLS","NO CONTROLS","CLEAR","DARKNESS, LIGHTED ROAD","REAR END","DIVIDED - W/MEDIAN BARRIER",,"STRAIGHT AND LEVEL","DRY","NO DEFECTS","NOT ON SCENE (DESK REPORT)","NO INJURY / DRIVE AWAY",,,,"OVER $1,500","2022-03-21T22:00:00.000","DISTRACTION - FROM OUTSIDE VEHICLE","FOLLOWING TOO CLOSELY","3400","S","LAKE SHORE DR SB","211",,,,,,,"2","NO INDICATION OF INJURY","0","0","0","0","0","3","0","21","2","3","41.832815224","-87.607478799","POINT (-87.607478799402 41.832815224055)"
"2e5d575f3a13cc370f4f3b0c9946e32eaf16b612dbc5387d217efe6db896180aceee703103428803a0524e54973036c33a633243fbcff94aa1eb8d22bb3fabe0",,,"2022-03-21T21:30:00.000","30","STOP SIGN/FLASHER","FUNCTIONING PROPERLY","CLEAR","DARKNESS, LIGHTED ROAD","PARKED MOTOR VEHICLE","DIVIDED - W/MEDIAN (NOT RAISED)",,"STRAIGHT AND LEVEL","DRY","NO DEFECTS","NOT ON SCENE (DESK REPORT)","INJURY AND / OR TOW DUE TO CRASH",,,,"OVER $1,500","2022-03-21T23:30:00.000","DISTRACTION - FROM OUTSIDE VEHICLE","DISTRACTION - FROM OUTSIDE VEHICLE","12407","S","WENTWORTH AVE","523",,,,,,,"3","NO INDICATION OF INJURY","0","0","0","0","0","1","0","21","2","3","41.668617894","-87.627026886","POINT (-87.627026886316 41.668617894156)"
"b6dd5721895825a09335143b6375727de82b7056bd74aa681ff6cdc3aea3af788b8f96737835d971ca867e961deff39c4c056458b4e45d469772d5b0f98580bf",,,"2022-03-21T21:15:00.000","30","TRAFFIC SIGNAL","FUNCTIONING PROPERLY","CLEAR","DARKNESS, LIGHTED ROAD","REAR END","FOUR WAY",,"STRAIGHT AND LEVEL","DRY","NO DEFECTS","NOT ON SCENE (DESK REPORT)","NO INJURY / DRIVE AWAY","Y",,"Y","$501 - $1,500","2022-03-21T21:50:00.000","DRIVING SKILLS/KNOWLEDGE/EXPERIENCE","DRIVING SKILLS/KNOWLEDGE/EXPERIENCE","371","E","GARFIELD BLVD","231",,,,,,,"2","NO INDICATION OF INJURY","0","0","0","0","0","4","0","21","2","3","41.79436299","-87.616359029","POINT (-87.616359028888 41.794362990327)"
"629885251a086944d5f23976fca0ee466f534f2ec60e3015d461f9a74d7840ad5d319e3f91c259eaea7c2c09ae01f2b1edc734febb3a198d76dab567c3a7bbeb",,,"2022-03-21T21:09:00.000","30","UNKNOWN","UNKNOWN","CLEAR","DARKNESS, LIGHTED ROAD","SIDESWIPE SAME DIRECTION","DIVIDED - W/MEDIAN (NOT RAISED)",,"STRAIGHT AND LEVEL","WET","UNKNOWN","ON SCENE","INJURY AND / OR TOW DUE TO CRASH",,,,"$501 - $1,500","2022-03-21T21:09:00.000","FAILING TO YIELD RIGHT-OF-WAY","NOT APPLICABLE","935","W","BELMONT AVE","1933",,,,,,,"2","INCAPACITATING INJURY","1","0","1","0","0","2","0","21","2","3","41.939816257","-87.652944764","POINT (-87.652944763891 41.939816256962)"
"4bacf2b66e409465a57989d936dcb319296544777b456450acffa6997c0a1d93d19444713aea670eb70898d6fa6b745e07ecb1b5d639d72b4a83fa3a7d71b708",,,"2022-03-21T21:00:00.000","30","NO CONTROLS","NO CONTROLS","CLEAR","DARKNESS","OTHER OBJECT","DIVIDED - W/MEDIAN (NOT RAISED)",,"STRAIGHT AND LEVEL","DRY","NO DEFECTS","NOT ON SCENE (DESK REPORT)","NO INJURY / DRIVE AWAY",,,,"$501 - $1,500","2022-03-21T21:50:00.000","UNABLE TO DETERMINE","UNABLE TO DETERMINE","8500","W","IRVING PARK RD","1614",,,,,,,"1","NO INDICATION OF INJURY","0","0","0","0","0","2","0","21","2","3","41.952309212","-87.839187905","POINT (-87.839187905287 41.952309212163)"
"b3a19cadfe8d55d628ca7fa88e77215db0c23ea26f6ef6560106dfe3dcf1baee34721b9da4f83af4b918db9eebc5813cfe8383e37fdaa196ed4aa4ccf5a4e679",,,"2022-03-21T21:00:00.000","20","NO CONTROLS","NO CONTROLS","CLEAR","DARKNESS, LIGHTED ROAD","REAR END","DIVIDED - W/MEDIAN (NOT RAISED)",,"STRAIGHT AND LEVEL","DRY","NO DEFECTS","NOT ON SCENE (DESK REPORT)","NO INJURY / DRIVE AWAY",,,"Y","OVER $1,500","2022-03-22T12:41:00.000","UNABLE TO DETERMINE","NOT APPLICABLE","3700","W","LAKE ST","1122",,,,,,,"2","NO INDICATION OF INJURY","0","0","0","0","0","2","0","21","2","3","41.885179723","-87.718613964","POINT (-87.718613964493 41.885179722738)"
"fa1662e4f56c203c0bb51eaf42db2fd6c101a4bddc8712b7480aaa22e7908b156b6dee196d471502633baf1acc041d4d12a2e751b6630ea65c755eb311238fce",,,"2022-03-21T20:58:00.000","35","NO CONTROLS","NO CONTROLS","CLEAR","DARKNESS, LIGHTED ROAD","PARKED MOTOR VEHICLE","ONE-WAY",,"STRAIGHT AND LEVEL","DRY","NO DEFECTS","ON SCENE","NO INJURY / DRIVE AWAY",,,,"$500 OR LESS","2022-03-21T20:59:00.000","IMPROPER BACKING","UNABLE TO DETERMINE","3113","W","65TH ST","831",,,,,,,"2","NO INDICATION OF INJURY","0","0","0","0","0","1","0","20","2","3","41.775240407","-87.701210145","POINT (-87.701210145123 41.775240406933)"
"c5d6fa6acdb6d0359a06168fa9275eda8265c1f8caed2f7f2696799fa986623a270c7cb8ba59f71d333d276707f19377bd8b65154c28475151b8832d39aa0369",,,"2022-03-21T20:55:00.000","30","NO CONTROLS","NO CONTROLS","CLEAR","DARKNESS, LIGHTED ROAD","REAR END","DIVIDED - W/MEDIAN (NOT RAISED)",,"STRAIGHT AND LEVEL","DRY","NO DEFECTS","ON SCENE","NO INJURY / DRIVE AWAY",,,,"$500 OR LESS","2022-03-21T20:56:00.000","UNABLE TO DETERMINE","NOT APPLICABLE","5750","W","GRAND AVE","2515",,,,,,,"2","NO INDICATION OF INJURY","0","0","0","0","0","2","0","20","2","3","41.919665201","-87.770130502","POINT (-87.770130501786 41.919665201328)"
"f70ce9f50ab3e1cedec8d3db662d7f7597ddf30556439c23c77c4e77403739b8d7052c188a5cb3555932ae37e6c6a933cbe7cb93e3cc728faeef6778e7fac5c1",,,"2022-03-21T20:50:00.000","35","STOP SIGN/FLASHER","OTHER","CLEAR","DARKNESS, LIGHTED ROAD","SIDESWIPE OPPOSITE DIRECTION","NOT DIVIDED",,"STRAIGHT AND LEVEL","DRY","NO DEFECTS","NOT ON SCENE (DESK REPORT)","NO INJURY / DRIVE AWAY","Y",,,"$501 - $1,500","2022-03-21T21:15:00.000","UNABLE TO DETERMINE","UNABLE TO DETERMINE","6300","S","DR MARTIN LUTHER KING JR DR","312",,,,,,,"2","NO INDICATION OF INJURY","0","0","0","0","0","2","0","20","2","3","41.780211322","-87.615768292","POINT (-87.615768291828 41.780211321839)"