"crash_record_id","rd_no","crash_date_est_i","crash_date","posted_speed_limit","traffic_control_device","device_condition","weather_condition","lighting_condition","first_crash_type","trafficway_type","lane_cnt","alignment","roadway_surface_cond","road_defect","report_type","crash_type","intersection_related_i","private_property_i","hit_and_run_i","damage","date_police_notified","prim_contributory_cause","sec_contributory_cause","street_no","street_direction","street_name","beat_of_occurrence","photos_taken_i","statements_taken_i","dooring_i","work_zone_i","work_zone_type","workers_present_i","num_units","most_severe_injury","injuries_total","injuries_fatal","injuries_incapacitating","injuries_non_incapacitating","injuries_reported_not_evident","injuries_no_indication","injuries_unknown","crash_hour","crash_day_of_week","crash_month","latitude","longitude","location"
"61130d53ffdc698adb039b978d9fbd9666add080bcfcadaf3f1597fc5edf7a4f7ee425c3fa46dc779464a45133a161fceaf738e01f082280fdaf2eeca13b52ab",,,"2022-03-21T20:48:00.000","25","NO CONTROLS","NO CONTROLS","CLEAR","DARKNESS","PEDESTRIAN","ONE-WAY",,"STRAIGHT AND LEVEL","DRY","UNKNOWN","ON SCENE","INJURY AND / OR TOW DUE TO CRASH",,,,"OVER $1,500","2022-03-21T20:49:00.000","HAD BEEN DRINKING (USE WHEN ARREST IS NOT MADE)","NOT APPLICABLE","5600","W","LE MOYNE ST","2531",,,,,,,"2","INCAPACITATING INJURY","1","0","1","0","0","1","0","20","2","3","41.907674922","-87.765910875","POINT (-87.765910874923 41.907674921799)"
"639ccde5762afb2b54e3e42ad8c3d1a06f9492ae6ee3c3ad977387dcbdd62bc66c72b4a7615d82e9c3c07741e68276097b34a78378baebc0b8deb969646ad937",,,"2022-03-21T20:30:00.000","25","NO CONTROLS","NO CONTROLS","CLEAR","DARKNESS, LIGHTED ROAD","PARKED MOTOR VEHICLE","NOT DIVIDED",,"STRAIGHT AND LEVEL","DRY","NO DEFECTS","ON SCENE","NO INJURY / DRIVE AWAY",,,,"OVER $1,500","2022-03-21T20:41:00.000","DRIVING SKILLS/KNOWLEDGE/EXPERIENCE","UNABLE TO DETERMINE","2717","S","PRINCETON AVE","914",,,,,,,"2","NO INDICATION OF INJURY","0","0","0","0","0","2","0","20","2","3","41.843494348","-87.634089065","POINT (-87.634089064888 41.843494347844)"
"673a071ccb9eabab547e07408df2b46cbc16d0cb3beca27fb4d0c26ffb78edaf5e2ccdb3a7876c392a597f2881ab99d78c29bd01673f31e4295b984e73c828e6",,,"2022-03-21T20:24:00.000","30","NO CONTROLS","NO CONTROLS","CLEAR","DARKNESS, LIGHTED ROAD","SIDESWIPE SAME DIRECTION","DIVIDED - W/MEDIAN BARRIER",,"STRAIGHT AND LEVEL","DRY","NO DEFECTS","ON SCENE","INJURY AND / OR TOW DUE TO CRASH",,,"Y","OVER $1,500","2022-03-21T20:24:00.000","IMPROPER OVERTAKING/PASSING","IMPROPER OVERTAKING/PASSING","4423","W","79TH ST","834",,,,,,,"2","NONINCAPACITATING INJURY","1","0","0","1","0","1","0","20","2","3","41.74913459","-87.732627438","POINT (-87.732627438468 41.749134590285)"
"f505a84a091590b84ffecda63e0a2c34b7881b45ff10043a56dec1a9fe630b0e1a649223d5c458e30ee6da45c46f9ca7b14a4a1ac26bcf28ed097f62f26500bb",,,"2022-03-21T20:19:00.000","30","NO CONTROLS","NO CONTROLS","CLEAR","DARKNESS","PARKED MOTOR VEHICLE","DIVIDED - W/MEDIAN (NOT RAISED)",,"STRAIGHT AND LEVEL","DRY","NO DEFECTS","NOT ON SCENE (DESK REPORT)","NO INJURY / DRIVE AWAY",,,"Y","OVER $1,500","2022-03-21T21:37:00.000","IMPROPER BACKING","UNABLE TO DETERMINE","2000","E","HAYES DR","331",,,,,,,"2","NO INDICATION OF INJURY","0","0","0","0","0","1","0","20","2","3","41.780503236","-87.577547876","POINT (-87.577547876387 41.780503235854)"
"55817956385aa6e01b27bcc8f58270e7fac1a2b8c9914f917d54317474cbdf780fcdbdb2a76a7186d21adab937229d8afefb070613ed305f9f868b9dd1d90baa",,,"2022-03-21T20:14:00.000","15","NO CONTROLS","NO CONTROLS","CLEAR","DARKNESS, LIGHTED ROAD","REAR END","PARKING LOT",,"STRAIGHT AND LEVEL","DRY","NO DEFECTS",,"NO INJURY / DRIVE AWAY",,"Y",,"OVER $1,500","2022-03-21T21:10:00.000","UNABLE TO DETERMINE","UNABLE TO DETERMINE","6448","S","KEDZIE AVE","823",,,,,,,"2","NO INDICATION OF INJURY","0","0","0","0","0","5","0","20","2","3","41.775639149","-87.703206859","POINT (-87.703206859061 41.775639149418)"
"9c63e9a61aff42b8ac62fb7bce2d8767ec02980fbc7b79c87fb8040d87f4fc47842cbe307c0e7502f1b0359cdd4daf991483c3f40b328c4d1db4ac0696939aef",,,"2022-03-21T20:10:00.000","30","NO CONTROLS","NO CONTROLS","CLEAR","DARKNESS, LIGHTED ROAD","REAR END","NOT DIVIDED",,"STRAIGHT AND LEVEL","DRY","NO DEFECTS","NOT ON SCENE (DESK REPORT)","NO INJURY / DRIVE AWAY",,,"Y","OVER $1,500","2022-03-21T21:40:00.000","UNABLE TO DETERMINE","UNABLE TO DETERMINE","1733","W","GRAND AVE","1215",,,,,,,"2","NO INDICATION OF INJURY","0","0","0","0","0","2","0","20","2","3","41.890813277","-87.670894796","POINT (-87.670894796438 41.890813276886)"
"bcde2ed9495e8f1bf6c52c5c978302ab4158d910949ccce0436682de4032d2919ff9058c28bb085f610836979845b70bbc5ad80b9c740e876ae613e61ab672a6",,,"2022-03-21T19:57:00.000","30","STOP SIGN/FLASHER","NO CONTROLS","CLEAR","DUSK","REAR END","Y-INTERSECTION",,"STRAIGHT AND LEVEL","DRY","NO DEFECTS","ON SCENE","INJURY AND / OR TOW DUE TO CRASH","Y",,"Y","$501 - $1,500","2022-03-21T20:30:00.000","FOLLOWING TOO CLOSELY","UNABLE TO DETERMINE","500","E","MORGAN DR","233",,,,,,,"2","REPORTED, NOT EVIDENT","3","0","0","0","3","1","0","19","2","3","41.79378884","-87.612923341","POINT (-87.612923340911 41.793788839828)"
"9685603c2426211f8671097d9e1c74853c83b1166693a5b55f3442b8ee5959e1319a3a3461ff3c0a068fd8da65b934a9d40b555c55bdf379ba4f8ed65e71c347",,,"2022-03-21T19:55:00.000","30","TRAFFIC SIGNAL","FUNCTIONING PROPERLY","RAIN","DARKNESS, LIGHTED ROAD","TURNING","CENTER TURN LANE",,"STRAIGHT AND LEVEL","UNKNOWN","UNKNOWN","NOT ON SCENE (DESK REPORT)","NO INJURY / DRIVE AWAY",,,"Y","OVER $1,500","2022-03-22T10:58:00.000","UNABLE TO DETERMINE","UNABLE TO DETERMINE","231","E","WACKER DR","114",,,,,,,"2","NO INDICATION OF INJURY","0","0","0","0","0","2","0","19","2","3","41.887801411","-87.621341693","POINT (-87.621341692746 41.88780141094)"
"89353422224ce5f24e2c54ec7179cee2a59f18fbcbc488a1218f9ea3043cf204c2354cf45ffcd557c1c5fa41796e738d1ee2c38519a4d663f6fd905c71d01e8b",,,"2022-03-21T19:52:00.000","30","NO CONTROLS","NO CONTROLS","CLEAR","DARKNESS, LIGHTED ROAD","PARKED MOTOR VEHICLE","NOT DIVIDED",,"STRAIGHT AND LEVEL","DRY","NO DEFECTS","ON SCENE","NO INJURY / DRIVE AWAY",,,,"OVER $1,500","2022-03-21T19:52:00.000","DRIVING SKILLS/KNOWLEDGE/EXPERIENCE","UNABLE TO DETERMINE","3107","W","FULLERTON AVE","1414",,,,,,,"2","NO INDICATION OF INJURY","0","0","0","0","0","1","0","19","2","3","41.924629604","-87.704976103","POINT (-87.704976103371 41.924629603681)"
"4331f11978aa1e0b3e82ed293da7b47aea0ac62a21bbc262ab12de1947f16453088f52562ef948842827931ed5af950ca7ca3f165bcee7c13309c4d0266eba5f",,,"2022-03-21T19:50:00.000","30","NO CONTROLS","NO CONTROLS","CLEAR","DUSK","SIDESWIPE SAME DIRECTION","NOT DIVIDED",,"CURVE, LEVEL","DRY","NO DEFECTS",,"INJURY AND / OR TOW DUE TO CRASH",,,,"OVER $1,500","2022-03-21T19:57:00.000","IMPROPER OVERTAKING/PASSING","NOT APPLICABLE","600","E","MORGAN DR","233",,"N","N",,,,"2","FATAL","4","2","0","2","0","1","0","19","2","3","41.793258191","-87.610947544","POINT (-87.610947544466 41.793258191206)"
"7ce1e63882e5efa19ca912654fc0c6e3b9a1a0914bc7ec2a82b99ead33c2e0b8e6ed9360ff212d68346520d461492a3f20080bf6d790c5ad65d0a53800dbd108",,,"2022-03-21T19:41:00.000","30","TRAFFIC SIGNAL","FUNCTIONING PROPERLY","CLEAR","DARKNESS, LIGHTED ROAD","REAR END","NOT DIVIDED",,"STRAIGHT AND LEVEL","DRY","NO DEFECTS","ON SCENE","NO INJURY / DRIVE AWAY",,,,"$501 - $1,500","2022-03-21T19:41:00.000","FOLLOWING TOO CLOSELY","FOLLOWING TOO CLOSELY","634","W","ROOSEVELT RD","124",,,,,,,"3","NO INDICATION OF INJURY","0","0","0","0","0","3","0","19","2","3","41.867310033","-87.64359022","POINT (-87.643590220245 41.867310032947)"
"ba6cca939ffb3553ac815bc94513a23fb0bf83da060431ee8e55e4a1f9c9bb6c116c9ebb6411b7e1840a5bf0f5766578ed9a098021e22d52bae10b352408c4fd",,,"2022-03-21T19:40:00.000","30","NO CONTROLS","NO CONTROLS","CLEAR","DARKNESS, LIGHTED ROAD","PARKED MOTOR VEHICLE","ONE-WAY",,"STRAIGHT AND LEVEL","DRY","NO DEFECTS","ON SCENE","NO INJURY / DRIVE AWAY",,,,"OVER $1,500","2022-03-21T19:41:00.000","DRIVING SKILLS/KNOWLEDGE/EXPERIENCE","IMPROPER TURNING/NO SIGNAL","5109","S","WENTWORTH AVE","225",,,,,,,"2","NO INDICATION OF INJURY","0","0","0","0","0","5","0","19","2","3","41.801491106","-87.630550561","POINT (-87.630550560693 41.801491105523)"
"39561b59ee396843f06b50c769fd6fef6ae5f2e536012bb50124ea852a3dc1257582cd00cec0ce7b50174f2266eb1c1c5ae7251c2179314d62ba758289e18e1e",,,"2022-03-21T19:30:00.000","30","NO CONTROLS","NO CONTROLS","CLEAR","DARKNESS, LIGHTED ROAD","SIDESWIPE SAME DIRECTION","ONE-WAY",,"STRAIGHT AND LEVEL","DRY","NO DEFECTS","ON SCENE","NO INJURY / DRIVE AWAY",,,,"OVER $1,500","2022-03-21T19:53:00.000","DRIVING SKILLS/KNOWLEDGE/EXPERIENCE","NOT APPLICABLE","159","E","LA SALLE DR","1814",,,,,,,"2","NO INDICATION OF INJURY","0","0","0","0","0","2","0","19","2","3","41.913407546","-87.625788942","POINT (-87.625788941845 41.913407546097)"
"7c1225e259547a862c3314107680d53062bda790752a0a0370ef66d284eed3e9d01094a9e57d494b99a09a5101a8c3cb590cf27fae29502b3ca854fda15cf4fb",,,"2022-03-21T19:30:00.000","30","NO CONTROLS","NO CONTROLS","CLEAR","DARKNESS, LIGHTED ROAD","PARKED MOTOR VEHICLE","NOT DIVIDED",,"STRAIGHT AND LEVEL","DRY","NO DEFECTS","ON SCENE","NO INJURY / DRIVE AWAY",,,"Y","$501 - $1,500","2022-03-21T23:10:00.000","UNABLE TO DETERMINE","NOT APPLICABLE","832","N","CHRISTIANA AVE","1121",,,,,,,"2","NO INDICATION OF INJURY","0","0","0","0","0","1","0","19","2","3","41.896472322","-87.710084818","POINT (-87.710084817797 41.896472322317)"
"a66df9531501204a6d75fbab54fe2f2a3434c7dc6c9dd3ffe387d66efe3613b2b7d1cf16b44bc493abbd383be119eac1ac73a640ea8a4beb658832652951f28b",,,"2022-03-21T19:30:00.000","30","NO CONTROLS","NO CONTROLS","CLEAR","DARKNESS, LIGHTED ROAD","SIDESWIPE SAME DIRECTION","NOT DIVIDED",,"STRAIGHT AND LEVEL","DRY","RUT, HOLES","NOT ON SCENE (DESK REPORT)","NO INJURY / DRIVE AWAY",,,"Y","OVER $1,500","2022-03-21T21:15:00.000","UNABLE TO DETERMINE","NOT APPLICABLE","7700","S","KEDZIE AVE","835",,,,,,,"2","NO INDICATION OF INJURY","0","0","0","0","0","2","0","19","2","3","41.75335698","-87.70264255","POINT (-87.70264255049 41.753356980012)"
"a3df163f0a023c1c1844331e09445f2ecd8ab8f6c27f9900134c3399507b137986b03a4ac371b869c4ee7486841848ea33fd276db1aa92db6290c21e37511172",,,"2022-03-21T19:20:00.000","30","UNKNOWN","UNKNOWN","CLEAR","DAYLIGHT","PARKED MOTOR VEHICLE","UNKNOWN",,"STRAIGHT AND LEVEL","DRY","UNKNOWN","NOT ON SCENE (DESK REPORT)","NO INJURY / DRIVE AWAY",,,"Y","OVER $1,500","2022-03-21T20:00:00.000","UNABLE TO DETERMINE","UNABLE TO DETERMINE","1451","E","53RD ST","234",,,,,,,"2","NO INDICATION OF INJURY","0","0","0","0","0","1","0","19","2","3","41.799426389","-87.589801257","POINT (-87.589801257056 41.799426388793)"
"200bc7f041cb8198a2dd23e85b461bddf8b4ab2c1c398f8ebc81d0fa5b1ef1fa8120a06704ef5dafb0a7e19be718afa02bebf6bb8dae2e6605a48fe23d5f8f45",,,"2022-03-21T19:10:00.000","30","NO CONTROLS","NO CONTROLS","CLEAR","DAYLIGHT","PARKED MOTOR VEHICLE","ONE-WAY",,"STRAIGHT AND LEVEL","DRY","NO DEFECTS","NOT ON SCENE (DESK REPORT)","NO INJURY / DRIVE AWAY",,,,"OVER $1,500","2022-03-21T19:10:00.000","UNABLE TO DETERMINE","UNABLE TO DETERMINE","3911","W","84TH ST","834",,,,,,,"2","NO INDICATION OF INJURY","0","0","0","0","0","1","0","19","2","3","41.740269883","-87.719681402","POINT (-87.719681402393 41.74026988318)"
"ddc6398b8573d27e79b99c7c418aa489598c253a39f9bf8befb6954a234397c29a99814c208a9d23de6ded8236038ebf69f05271d8088ac54a08b6013745d142",,,"2022-03-21T19:04:00.000","30","NO CONTROLS","NO CONTROLS","CLEAR","DAYLIGHT","REAR END","DIVIDED - W/MEDIAN (NOT RAISED)",,"STRAIGHT AND LEVEL","DRY","NO DEFECTS","ON SCENE","NO INJURY / DRIVE AWAY",,,"Y","OVER $1,500","2022-03-21T19:30:00.000","FAILING TO REDUCE SPEED TO AVOID CRASH","NOT APPLICABLE","4150","W","63RD ST","813",,,,,,,"2","NO INDICATION OF INJURY","0","0","0","0","0","3","0","19","2","3","41.778713433","-87.727247528","POINT (-87.727247528029 41.77871343254)"
"b0659a5a6c466c30ccf65eb3a15a558174bb19144b92662b431288166d498ac45c38074a50ebfdabc2dd15ea9e0647437c9db38496469317b1f684ba7fb6a110",,"Y","2022-03-21T19:00:00.000","30","NO CONTROLS","NO CONTROLS","CLEAR","DARKNESS, LIGHTED ROAD","PARKED MOTOR VEHICLE","ONE-WAY",,"STRAIGHT AND LEVEL","DRY","UNKNOWN","NOT ON SCENE (DESK REPORT)","NO INJURY / DRIVE AWAY",,,"Y","OVER $1,500","2022-03-22T14:15:00.000","UNABLE TO DETERMINE","UNABLE TO DETERMINE","2736","W","FRANCIS PL","1431",,,,,,,"2","NO INDICATION OF INJURY","0","0","0","0","0","1","0","19","2","3","41.918538148","-87.695366506","POINT (-87.695366506207 41.91853814818)"
"d93573800537cc1be49a4bff70c0a5a9f937aa235c312a8dd36a65c815ec4939c53e62b4155a520d83fad52ce79dced4f7057755e0d3538a2f776d7d5279c9f8",,,"2022-03-21T19:00:00.000","30","TRAFFIC SIGNAL","FUNCTIONING PROPERLY","CLEAR","DAYLIGHT","REAR END","ONE-WAY",,"STRAIGHT AND LEVEL","DRY","NO DEFECTS","NOT ON SCENE (DESK REPORT)","INJURY AND / OR TOW DUE TO CRASH",,,,"$500 OR LESS","2022-03-21T19:49:00.000","UNABLE TO DETERMINE","NOT APPLICABLE","1800","S","CANAL ST","1235",,,,,,,"2","REPORTED, NOT EVIDENT","1","0","0","0","1","1","0","19","2","3","41.857564071","-87.639078911","POINT (-87.639078910579 41.857564070819)"
"5f486a148664cf8480bb12d139767939e75f86721b0b8f6dd64d2757bc46c6b47032d447282081d9b68dd5ada19e5f09cc84c89c48ddfa318f63d24db7f50297",,,"2022-03-21T18:48:00.000","30","NO CONTROLS","NO CONTROLS","CLEAR","DARKNESS, LIGHTED ROAD","PARKED MOTOR VEHICLE","ONE-WAY",,"STRAIGHT AND LEVEL","DRY","NO DEFECTS","NOT ON SCENE (DESK REPORT)","NO INJURY / DRIVE AWAY",,,"Y","OVER $1,500","2022-03-21T19:48:00.000","UNABLE TO DETERMINE","NOT APPLICABLE","6712","S","PARNELL AVE","722",,,,,,,"2","NO INDICATION OF INJURY","0","0","0","0","0","1","0","18","2","3","41.772137299","-87.63885992","POINT (-87.63885991968 41.772137299162)"
"74dad3a204c305fd3ebc330c2c7dd58dafe6b1716ac54479b1259f0dc803fa6abf52d776d32bfe5fa7ad805898ecbcfbb7b3a555ab653f2f51415c2610111dd7",,,"2022-03-21T18:43:00.000","30","NO CONTROLS","NO CONTROLS","CLEAR","DAYLIGHT","PARKED MOTOR VEHICLE","NOT DIVIDED",,"STRAIGHT AND LEVEL","DRY","NO DEFECTS","ON SCENE","INJURY AND / OR TOW DUE TO CRASH",,,,"OVER $1,500","2022-03-21T18:43:00.000","IMPROPER OVERTAKING/PASSING","NOT APPLICABLE","7002","S","HALSTED ST","733",,,,,,,"2","NO INDICATION OF INJURY","0","0","0","0","0","1","0","18","2","3","41.766866192","-87.644601102","POINT (-87.644601102146 41.766866191897)"
"3217fcb92074e6ae6419becbc1bb85d65a99609a61576ec601cafa10ed59a96cc19e2bc822ce6e584bc365f8d8dc731b8194db7865daef16833bd124ce8e685e",,,"2022-03-21T18:40:00.000","30","NO CONTROLS","NO CONTROLS","CLEAR","DAYLIGHT","SIDESWIPE SAME DIRECTION","DIVIDED - W/MEDIAN (NOT RAISED)",,"STRAIGHT AND LEVEL","DRY","UNKNOWN","ON SCENE","INJURY AND / OR TOW DUE TO CRASH",,,,"OVER $1,500","2022-03-21T18:44:00.000","FAILING TO YIELD RIGHT-OF-WAY","NOT APPLICABLE","6110","W","NORTH AVE","2513",,,,,,,"2","NO INDICATION OF INJURY","0","0","0","0","0","2","0","18","2","3","41.909330906","-87.77818441","POINT (-87.778184410388 41.909330905923)"
"4646b8d1ae099320398aaa6af8f504a73b380e6f17cdf0006b8fab0794d8146bd1ea3500a489d866b12cd167fbfaebf8e79feca2bfe8b4e37d7a55cbfdf81f18",,,"2022-03-21T18:33:00.000","30","TRAFFIC SIGNAL","FUNCTIONING PROPERLY","CLEAR","DAYLIGHT","REAR END","DIVIDED - W/MEDIAN (NOT RAISED)",,"STRAIGHT AND LEVEL","DRY","NO DEFECTS","NOT ON SCENE (DESK REPORT)","NO INJURY / DRIVE AWAY",,,"Y","OVER $1,500","2022-03-21T18:44:00.000","FAILING TO REDUCE SPEED TO AVOID CRASH","UNABLE TO DETERMINE","3101","N","WESTERN AVE","1931",,,,,,,"2","NO INDICATION OF INJURY","0","0","0","0","0","2","0","18","2","3","41.937689624","-87.687739473","POINT (-87.687739473082 41.937689624366)"
"06b72e7293809f072ce8375c84e1e99edf92853d1588620184d6f1e8ae5758b0547b644f34917f0b723578de56e134c96448370a015de2fc273a385a95fc1ef6",,,"2022-03-21T18:30:00.000","30","NO CONTROLS","NO CONTROLS","CLEAR","DARKNESS, LIGHTED ROAD","REAR END","NOT DIVIDED",,"STRAIGHT AND LEVEL","DRY","NO DEFECTS","NOT ON SCENE (DESK REPORT)","NO INJURY / DRIVE AWAY",,,,"OVER $1,500","2022-03-21T20:05:00.000","FOLLOWING TOO CLOSELY","UNABLE TO DETERMINE","806","S","DAMEN AVE","1225",,,,,,,"2","NO INDICATION OF INJURY","0","0","0","0","0","2","0","18","2","3","41.871254954","-87.676524168","POINT (-87.676524167782 41.871254953833)"
"309e17b48f60a218cadf3c834d9dc72a45903388bc7ef15aa28be348a254f1149d08e4c61960d17946e089db86b4ae5d562c1ff2c51ac85ee4a51371ce6ff1f8",,"Y","2022-03-21T18:15:00.000","30","NO CONTROLS","NO CONTROLS","UNKNOWN","UNKNOWN","PARKED MOTOR VEHICLE","PARKING LOT",,"STRAIGHT AND LEVEL","UNKNOWN","UNKNOWN","NOT ON SCENE (DESK REPORT)","NO INJURY / DRIVE AWAY",,"Y",,"OVER $1,500","2022-03-21T18:50:00.000","UNABLE TO DETERMINE","NOT APPLICABLE","112","W","87TH ST","622",,,,,,,"2","NO INDICATION OF INJURY","0","0","0","0","0","1","0","18","2","3","41.736380046","-87.627509219","POINT (-87.627509219026 41.736380045588)"
"cae237be73af6d5d7b86dfed5dd6f654e577ad5a67a479b58c6ef7455f8b8025819a5d88a50cdd4d44b1395c9bf7fa598c997041cf9d44c9edf3badb79f6658d",,,"2022-03-21T18:15:00.000","30","TRAFFIC SIGNAL","FUNCTIONING PROPERLY","CLEAR","DAYLIGHT","REAR END","NOT DIVIDED",,"STRAIGHT AND LEVEL","DRY","NO DEFECTS","ON SCENE","NO INJURY / DRIVE AWAY",,,,"$501 - $1,500","2022-03-21T18:19:00.000","NOT APPLICABLE","NOT APPLICABLE","6358","W","63RD ST","812",,,,,,,"2","NO INDICATION OF INJURY","0","0","0","0","0","2","0","18","2","3","41.77778662","-87.781207738","POINT (-87.781207738197 41.777786619928)"
"add477688186ca3ca2f18e0d16c8f18609756a3c18982a3abd261495bd91cbdc8188c972ab29d37d58b189683b239123648e629a5040ae1a9f1b5b6fd3f109da",,,"2022-03-21T18:13:00.000","30","NO CONTROLS","NO CONTROLS","CLEAR","DAYLIGHT","PARKED MOTOR VEHICLE","ONE-WAY",,"STRAIGHT AND LEVEL","DRY","UNKNOWN","NOT ON SCENE (DESK REPORT)","NO INJURY / DRIVE AWAY",,,"Y","$501 - $1,500","2022-03-21T18:35:00.000","OPERATING VEHICLE IN ERRATIC, RECKLESS, CARELESS, NEGLIGENT OR AGGRESSIVE MANNER","UNABLE TO DETERMINE","5076","W","ADAMS ST","1533",,,,,,,"2","NO INDICATION OF INJURY","0","0","0","0","0","1","0","18","2","3","41.878614841","-87.752445081","POINT (-87.752445080935 41.878614841085)"
"408b320b1f090a4e5f752d2dd7b707d3a9fc655858a9c2959bbab8a1bb295f47a4d108d2a22488ed0f26560c8e6d9ff2b7d851a6434531e4048c8cd0a6e6664a",,,"2022-03-21T18:00:00.000","30","NO CONTROLS","NO CONTROLS","CLEAR","DAYLIGHT","PARKED MOTOR VEHICLE","NOT DIVIDED",,"STRAIGHT AND LEVEL","DRY","NO DEFECTS","ON SCENE","INJURY AND / OR TOW DUE TO CRASH",,,,"OVER $1,500","2022-03-21T18:18:00.000","FAILING TO REDUCE SPEED TO AVOID CRASH","UNABLE TO DETERMINE","8750","S","RACINE AVE","2222",,,,,,,"2","NO INDICATION OF INJURY","0","0","0","0","0","1","0","18","2","3","41.734425227","-87.653443031","POINT (-87.653443030528 41.734425226572)"
"7670222ca78a434d4e0c57d4d110138279f1ea2e4b16180cfe188e7d58c417c072a3d213ec7d31a1971391f7eaa99a7e89401be3f776678ed52e548e639e2e35",,,"2022-03-21T18:00:00.000","30","NO CONTROLS","NO CONTROLS","CLEAR","DAYLIGHT","SIDESWIPE SAME DIRECTION","NOT DIVIDED",,"STRAIGHT AND LEVEL","DRY","NO DEFECTS","ON SCENE","NO INJURY / DRIVE AWAY",,,"Y","$501 - $1,500","2022-03-21T18:09:00.000","UNABLE TO DETERMINE","UNABLE TO DETERMINE","4099","N","MARINE DR","1915",,,,,,,"2","NO INDICATION OF INJURY","0","0","0","0","0","2","0","18","2","3","41.955751883","-87.645387835","POINT (-87.645387834906 41.955751883033)"
"a37e0a618b8a3aa302deb99da8fcaf52af90e14d4e9ea5f3ceaf0f85cf4db6f5430fc8a9d82b98f38c9f13b42e9d29239c3d4fb62b09ab6c76452965be38529b",,,"2022-03-21T18:00:00.000","30","NO CONTROLS","NO CONTROLS","CLEAR","DAYLIGHT","PARKED MOTOR VEHICLE","ONE-WAY",,"STRAIGHT AND LEVEL","DRY","NO DEFECTS","ON SCENE","NO INJURY / DRIVE AWAY",,,"Y","$501 - $1,500","2022-03-21T18:29:00.000","IMPROPER BACKING","NOT APPLICABLE","4128","N","CENTRAL PARK AVE","1723",,,,,,,"2","NO INDICATION OF INJURY","0","0","0","0","0","1","0","18","2","3","41.956488385","-87.718040205","POINT (-87.718040205269 41.956488385089)"
"2a23d6911f77414e5e2e6d277650973ccd2b44c543326f2b2813e6164d3f10bb099c11e00d7a5f3fa474b0e9b68686ca79d8d67e5b05380b9bedd2bde5a35dc7",,,"2022-03-21T17:55:00.000","30","STOP SIGN/FLASHER","FUNCTIONING PROPERLY","CLEAR","DAYLIGHT","PARKED MOTOR VEHICLE","FOUR WAY",,"STRAIGHT AND LEVEL","DRY","NO DEFECTS","ON SCENE","NO INJURY / DRIVE AWAY","Y",,,"$500 OR LESS","2022-03-21T18:00:00.000","NOT APPLICABLE","NOT APPLICABLE","1102","W","47TH PL","933",,,,,,,"2","NO INDICATION OF INJURY","0","0","0","0","0","1","0","17","2","3","41.807955955","-87.652991402","POINT (-87.652991402222 41.807955954905)"
"5227115248a491151e1b2aaa3cbeea48607c24cf8f3343e8f3883188699e6376c477a5805274725a4b75c4619896a07bcd4a8b2b9f533702d479ad8391e186f6",,,"2022-03-21T17:51:00.000","25","TRAFFIC SIGNAL","FUNCTIONING PROPERLY","CLEAR","DAYLIGHT","TURNING","FOUR WAY",,"STRAIGHT ON GRADE","DRY","NO DEFECTS","ON SCENE","NO INJURY / DRIVE AWAY","Y",,"Y","$500 OR LESS","2022-03-21T17:51:00.000","IMPROPER OVERTAKING/PASSING","NOT APPLICABLE","3199","W","HOWARD ST","2411",,,,,,,"2","NO INDICATION OF INJURY","0","0","0","0","0","2","0","17","2","3","42.019037228","-87.708555619","POINT (-87.708555619346 42.019037228485)"
"4c92bbedd679a24dad41911d01941e7824da05b7f21319325008430803ee8280d2cbf145ed2c7f96bc4c90e576281c3d3c14fed75ec784095af14d6d411b951a",,,"2022-03-21T17:50:00.000","30","NO CONTROLS","NO CONTROLS","CLEAR","DAYLIGHT","SIDESWIPE SAME DIRECTION","NOT DIVIDED",,"STRAIGHT ON GRADE","DRY","UNKNOWN","ON SCENE","NO INJURY / DRIVE AWAY",,,,"OVER $1,500","2022-03-21T17:52:00.000","DRIVING SKILLS/KNOWLEDGE/EXPERIENCE","UNABLE TO DETERMINE","540","W","71ST ST","732",,,,,,,"2","NO INDICATION OF INJURY","0","0","0","0","0","2","0","17","2","3","41.765401587","-87.638707498","POINT (-87.638707497566 41.765401586603)"
"2fe93d1f7fb04ed8ce201484c07782b05b3c81c02a904d5ad5347e2733b42f3bb0cecce07ffe36ee7697e7ea15e1a8f5c635874712803b9a342dfeacac8fb68a",,,"2022-03-21T17:45:00.000","30","STOP SIGN/FLASHER","FUNCTIONING PROPERLY","CLEAR","DAYLIGHT","PEDESTRIAN","NOT DIVIDED",,"STRAIGHT AND LEVEL","DRY","NO DEFECTS","NOT ON SCENE (DESK REPORT)","NO INJURY / DRIVE AWAY","Y",,,"$500 OR LESS","2022-03-21T20:00:00.000","UNABLE TO DETERMINE","UNABLE TO DETERMINE","2200","N","SOUTHPORT AVE","1811",,,,,,,"2","NO INDICATION OF INJURY","0","0","0","0","0","2","0","17","2","3","41.921707321","-87.663347559","POINT (-87.66334755872 41.921707321157)"