"crash_record_id","rd_no","crash_date_est_i","crash_date","posted_speed_limit","traffic_control_device","device_condition","weather_condition","lighting_condition","first_crash_type","trafficway_type","lane_cnt","alignment","roadway_surface_cond","road_defect","report_type","crash_type","intersection_related_i","private_property_i","hit_and_run_i","damage","date_police_notified","prim_contributory_cause","sec_contributory_cause","street_no","street_direction","street_name","beat_of_occurrence","photos_taken_i","statements_taken_i","dooring_i","work_zone_i","work_zone_type","workers_present_i","num_units","most_severe_injury","injuries_total","injuries_fatal","injuries_incapacitating","injuries_non_incapacitating","injuries_reported_not_evident","injuries_no_indication","injuries_unknown","crash_hour","crash_day_of_week","crash_month","latitude","longitude","location"
"4701e4ae96fd61e418975f8104e412c5392461a4f28fb57463b414a72ece89b61714131a1abd578ac109073262bb8c5364c0b30e4568023941ca303fa18fdea9",,,"2022-03-21T17:45:00.000","30","NO CONTROLS","NO CONTROLS","CLEAR","DAYLIGHT","PARKED MOTOR VEHICLE","NOT DIVIDED",,"STRAIGHT ON GRADE","DRY","NO DEFECTS","ON SCENE","INJURY AND / OR TOW DUE TO CRASH",,,,"OVER $1,500","2022-03-21T18:00:00.000","DISTRACTION - FROM OUTSIDE VEHICLE","UNABLE TO DETERMINE","6550","S","WESTERN AVE","832",,,,,,,"2","INCAPACITATING INJURY","1","0","1","0","0","0","0","17","2","3","41.774097349","-87.6836505","POINT (-87.683650500419 41.77409734891)"
"4675d844084042d4e7f5e7cf828b434860c2370104d696739434b4ef7a8a5a7f958509a384291aafadbf583e968b9a4479efc0f0d3e1f7153b2c2354ee362f29",,,"2022-03-21T17:43:00.000","15","NO CONTROLS","NO CONTROLS","CLEAR","DAYLIGHT","REAR TO SIDE","PARKING LOT",,"STRAIGHT AND LEVEL","DRY","NO DEFECTS","ON SCENE","NO INJURY / DRIVE AWAY",,"Y",,"$501 - $1,500","2022-03-21T17:49:00.000","IMPROPER BACKING","NOT APPLICABLE","5000","S","ARCHER AVE","815",,,,,,,"2","NO INDICATION OF INJURY","0","0","0","0","0","2","0","17","2","3","41.802365973","-87.723576766","POINT (-87.72357676611 41.802365973339)"
"04e62736c34ded11b206ac2827a603266bfef712d7bf2944a9eb6df427ccd301b924ad3dd28d072b839a7ce3c4a5adfdb14105eb10185e3bcc07bc5dcb2546f5",,,"2022-03-21T17:40:00.000","25","UNKNOWN","UNKNOWN","CLEAR","DAYLIGHT","REAR END","NOT DIVIDED",,"STRAIGHT AND LEVEL","UNKNOWN","UNKNOWN","NOT ON SCENE (DESK REPORT)","NO INJURY / DRIVE AWAY",,,,"OVER $1,500","2022-03-21T19:20:00.000","FOLLOWING TOO CLOSELY","UNABLE TO DETERMINE","4400","N","MEADE AVE","1622",,,,,,,"3","NO INDICATION OF INJURY","0","0","0","0","0","3","0","17","2","3","41.960404997","-87.779614842","POINT (-87.779614841988 41.960404997277)"
"5f8e1199bd86533a69dff9d47c558378f6f7033147e4dc70c6a4390e03826f2c013c51e577c295a70db88a0465348cc7530cc6b88315bcdf816ba8da14bd3464",,,"2022-03-21T17:35:00.000","45","TRAFFIC SIGNAL","NOT FUNCTIONING","CLEAR","DAYLIGHT","ANGLE","NOT DIVIDED",,"STRAIGHT AND LEVEL","DRY","NO DEFECTS","ON SCENE","INJURY AND / OR TOW DUE TO CRASH",,,"Y","OVER $1,500","2022-03-21T18:11:00.000","UNABLE TO DETERMINE","NOT APPLICABLE","2000","E","HAYES DR","331",,,,,,,"2","REPORTED, NOT EVIDENT","1","0","0","0","1","1","0","17","2","3","41.780503236","-87.577547876","POINT (-87.577547876387 41.780503235854)"
"7ba48a741d047158d7d0494a8841dd7fbc3cbd04d9ab60f5cc53d5d3c1cfa05c86053bdb0c62a981f8c87de00666a4ea37ced9e43e207b1da32031ca4d5aee68",,,"2022-03-21T17:30:00.000","30","TRAFFIC SIGNAL","FUNCTIONING PROPERLY","CLEAR","DAYLIGHT","SIDESWIPE OPPOSITE DIRECTION","DIVIDED - W/MEDIAN (NOT RAISED)",,"STRAIGHT AND LEVEL","DRY","UNKNOWN","NOT ON SCENE (DESK REPORT)","NO INJURY / DRIVE AWAY","Y",,"Y","OVER $1,500","2022-03-21T18:20:00.000","UNABLE TO DETERMINE","NOT APPLICABLE","3200","W","PETERSON AVE","1711",,,,,,,"2","NO INDICATION OF INJURY","0","0","0","0","0","3","0","17","2","3","41.99049313","-87.70919219","POINT (-87.70919219044 41.99049312958)"
"e19472feb573becb89d064755dddc78d71e6c9a1060ad75816e0a6e9974797948023a6d50089899dc07f7de3df9b4d97b988f42448b6cdb6be39b540e9b26652",,,"2022-03-21T17:30:00.000","35","TRAFFIC SIGNAL","FUNCTIONING PROPERLY","CLEAR","DAYLIGHT","OTHER NONCOLLISION","DIVIDED - W/MEDIAN (NOT RAISED)",,"STRAIGHT AND LEVEL","DRY","RUT, HOLES","NOT ON SCENE (DESK REPORT)","NO INJURY / DRIVE AWAY","Y",,,"OVER $1,500","2022-03-22T18:50:00.000","ROAD ENGINEERING/SURFACE/MARKING DEFECTS","UNABLE TO DETERMINE","7600","S","PERRY AVE","623",,,,,,,"1","NO INDICATION OF INJURY","0","0","0","0","0","1","0","17","2","3","41.756265627","-87.628105363","POINT (-87.628105363257 41.756265627351)"
"397bc927b82a3072972733c8b625514cb5d2b4f487ebaaa044bc5086ae886bffe22aa33aad9f5655cb2cf696e97e29d2c4a9c9dc3497d659ad260ae3c225aff3",,,"2022-03-21T17:25:00.000","30","TRAFFIC SIGNAL","FUNCTIONING PROPERLY","CLEAR","DAYLIGHT","PEDESTRIAN","FOUR WAY",,"STRAIGHT AND LEVEL","DRY","WORN SURFACE","ON SCENE","INJURY AND / OR TOW DUE TO CRASH","Y",,"Y","$501 - $1,500","2022-03-21T17:37:00.000","UNABLE TO DETERMINE","NOT APPLICABLE","6701","S","NORMAL BLVD","722",,,,,,,"3","REPORTED, NOT EVIDENT","1","0","0","0","1","3","0","17","2","3","41.772512055","-87.63717196","POINT (-87.637171959508 41.772512055482)"
"67db659d64caefb3b6edd234211192dfdc6ba3b1200594a35694dd2653d81f7af1077e1627057b05bbf6a4089ba9df98965c625cce121c40356ad454d3bb442e",,,"2022-03-21T17:16:00.000","10","NO CONTROLS","NO CONTROLS","CLEAR","DAYLIGHT","PARKED MOTOR VEHICLE","PARKING LOT",,"STRAIGHT AND LEVEL","UNKNOWN","UNKNOWN","NOT ON SCENE (DESK REPORT)","NO INJURY / DRIVE AWAY",,,"Y","$501 - $1,500","2022-03-21T18:33:00.000","UNABLE TO DETERMINE","UNABLE TO DETERMINE","4720","N","MARINE DR","1914",,,,,,,"2","NO INDICATION OF INJURY","0","0","0","0","0","1","0","17","2","3","41.968053047","-87.649474555","POINT (-87.649474555172 41.968053047156)"
"443578bb71569f8441d1465c3be4b5cff6d2368a31160c848f3fe2611cb3909bf384ddeb52b6975a89316adf1ff45d785641663ed311f91af2022d0cd2f871bc",,,"2022-03-21T17:15:00.000","30","UNKNOWN","UNKNOWN","CLEAR","DAYLIGHT","SIDESWIPE SAME DIRECTION","NOT DIVIDED",,"STRAIGHT AND LEVEL","DRY","NO DEFECTS","NOT ON SCENE (DESK REPORT)","NO INJURY / DRIVE AWAY",,,,"OVER $1,500","2022-03-21T18:21:00.000","FAILING TO YIELD RIGHT-OF-WAY","IMPROPER OVERTAKING/PASSING","730","W","LAKE ST","1214",,,,,,,"2","NO INDICATION OF INJURY","0","0","0","0","0","4","0","17","2","3","41.885782095","-87.647021516","POINT (-87.647021516303 41.885782094501)"
"c6c8eeae3f2bfa0a6898e173eb6bc59cf72de0ffadc5f9bdfc470c11768fd77488edaa1e9f404bb61e3c780ebf9721c971e00a65009f82bd584f00b5efba6f17",,,"2022-03-21T17:10:00.000","30","TRAFFIC SIGNAL","FUNCTIONING PROPERLY","CLOUDY/OVERCAST","DAYLIGHT","TURNING","NOT DIVIDED",,"STRAIGHT AND LEVEL","DRY","NO DEFECTS","NOT ON SCENE (DESK REPORT)","NO INJURY / DRIVE AWAY",,,"Y","$501 - $1,500","2022-03-21T17:30:00.000","FAILING TO YIELD RIGHT-OF-WAY","FAILING TO YIELD RIGHT-OF-WAY","2600","S","WESTERN AVE","1034",,,,,,,"2","NO INDICATION OF INJURY","0","0","0","0","0","2","0","17","2","3","41.844820376","-87.685593114","POINT (-87.685593114094 41.84482037639)"
"43aea703e7986949018a79853cbf4c7fe18a0d4a050a7d1c812dc0e1fb968e6a72e3dd6284d7b14b0a83acc5ba2cf9332cdb963de39efbddc71a82c01c65c7e8",,,"2022-03-21T17:05:00.000","30","STOP SIGN/FLASHER","OTHER","CLEAR","DAYLIGHT","ANGLE","FOUR WAY",,"STRAIGHT AND LEVEL","DRY","NO DEFECTS","NOT ON SCENE (DESK REPORT)","NO INJURY / DRIVE AWAY","Y",,,"$501 - $1,500","2022-03-21T17:30:00.000","FAILING TO YIELD RIGHT-OF-WAY","IMPROPER OVERTAKING/PASSING","3471","N","ELSTON AVE","1733",,,,,,,"2","NO INDICATION OF INJURY","0","0","0","0","0","3","0","17","2","3","41.944311954","-87.705254822","POINT (-87.705254822155 41.944311953934)"
"dfd6c394f73f98b7eb13b47e8faac806742765c9445567424beea540839a32e4065cf5eea6e956e2a9ef5cf43b48db5048b1048f3d6b110f586107b45329c008",,,"2022-03-21T17:02:00.000","30","TRAFFIC SIGNAL","NO CONTROLS","UNKNOWN","UNKNOWN","REAR END","FOUR WAY",,"STRAIGHT AND LEVEL","UNKNOWN","UNKNOWN","NOT ON SCENE (DESK REPORT)","NO INJURY / DRIVE AWAY",,,"Y","OVER $1,500","2022-03-21T17:50:00.000","UNABLE TO DETERMINE","NOT APPLICABLE","1","E","87TH ST","632",,,,,,,"2","NO INDICATION OF INJURY","0","0","0","0","0","2","0","17","2","3","41.736191518","-87.624078067","POINT (-87.624078066975 41.736191517717)"
"936cef59aed8e3652b22031f733ebde04dc65228eca1399057b90bf3b56b314e9e3a96033471ead59bfa447b5fcc0961291e9d2d83fbf99da32882b593b6d7c9",,,"2022-03-21T17:00:00.000","15","UNKNOWN","NO CONTROLS","CLEAR","DAYLIGHT","ANGLE","PARKING LOT",,"STRAIGHT AND LEVEL","DRY","UNKNOWN","NOT ON SCENE (DESK REPORT)","NO INJURY / DRIVE AWAY",,"Y",,"OVER $1,500","2022-03-21T17:45:00.000","UNABLE TO DETERMINE","UNABLE TO DETERMINE","5153","W","NORTH AVE","2533",,,,,,,"2","NO INDICATION OF INJURY","0","0","0","0","0","3","0","17","2","3","41.909394895","-87.755514114","POINT (-87.755514113733 41.909394895326)"
"99bfcdd81245540bb645c325e5d9cfb9036547ebd59fcd90aa83185ee04de3d19405397ac80631dc41d7acb0006aa3d87954227516924e6e917014f04c0bb775",,,"2022-03-21T17:00:00.000","20","TRAFFIC SIGNAL","FUNCTIONING PROPERLY","CLEAR","DAYLIGHT","SIDESWIPE SAME DIRECTION","NOT DIVIDED",,"STRAIGHT AND LEVEL","DRY","NO DEFECTS","NOT ON SCENE (DESK REPORT)","NO INJURY / DRIVE AWAY",,,,"OVER $1,500","2022-03-21T19:10:00.000","UNABLE TO DETERMINE","NOT APPLICABLE","4300","S","ASHLAND AVE","924",,,,,,,"2","NO INDICATION OF INJURY","0","0","0","0","0","2","0","17","2","3","41.815778427","-87.66529289","POINT (-87.665292890367 41.815778426908)"
"9c30916e6ebb6dca75b404fd2228f3cdf3aa823d1f9e33e616a8b95bc68eb3f0f5c40dfa70bf6d348f88b20218ea752af4aa3235d9dd7d66967e287c29ff6540",,,"2022-03-21T17:00:00.000","25","NO CONTROLS","NO CONTROLS","CLEAR","DAYLIGHT","SIDESWIPE SAME DIRECTION","DIVIDED - W/MEDIAN (NOT RAISED)",,"STRAIGHT AND LEVEL","DRY","NO DEFECTS","ON SCENE","NO INJURY / DRIVE AWAY",,,"Y","$501 - $1,500","2022-03-21T17:01:00.000","IMPROPER OVERTAKING/PASSING","NOT APPLICABLE","1500","N","CENTRAL AVE","2531",,,,,,,"2","NO INDICATION OF INJURY","0","0","0","0","0","2","0","17","2","3","41.907654375","-87.765997959","POINT (-87.765997959166 41.90765437542)"
"7c0ebbe345b4a50c03301fffe3afb4a257c7a6678937ba4bd9b9b5890f5afa0ce4e8e670e2bb2eeeddad0f334f2b892cb354932b79d57817385dc0021ddce6ed",,,"2022-03-21T16:58:00.000","30","NO CONTROLS","NO CONTROLS","CLEAR","DAYLIGHT","TURNING","NOT DIVIDED",,"STRAIGHT AND LEVEL","UNKNOWN","UNKNOWN",,"NO INJURY / DRIVE AWAY",,,,"$501 - $1,500","2022-03-21T19:41:00.000","IMPROPER TURNING/NO SIGNAL","IMPROPER OVERTAKING/PASSING","1530","W","LAWRENCE AVE","2032",,,,,,,"2","NO INDICATION OF INJURY","0","0","0","0","0","2","0","16","2","3","41.96898976","-87.668844718","POINT (-87.668844718118 41.968989760172)"
"a2c5f5d0be6bd547498f9ee4d24f77e6ff0f8725bc4a8afb69f4b2631399ce1b768365c6d6059ba6eaf060673c651b30d7328cadfee76dc0242abfc0092d9636",,,"2022-03-21T16:45:00.000","30","NO CONTROLS","NO CONTROLS","CLEAR","DAYLIGHT","SIDESWIPE SAME DIRECTION","DIVIDED - W/MEDIAN (NOT RAISED)",,"STRAIGHT AND LEVEL","DRY","UNKNOWN","NOT ON SCENE (DESK REPORT)","NO INJURY / DRIVE AWAY",,,,"OVER $1,500","2022-03-21T19:25:00.000","UNABLE TO DETERMINE","UNABLE TO DETERMINE","3254","W","GRAND AVE","1121",,,,,,,"2","NO INDICATION OF INJURY","0","0","0","0","0","2","0","16","2","3","41.899228619","-87.708645946","POINT (-87.708645946208 41.899228619183)"
"7589654ea4e043b43be7ce37f07c20c282ccd8be6130680fe9de8bbef35e0a704fdfdb7e616bd9d5dd8cf69af5d2096914e644e190f91324cb431564c329b40c",,,"2022-03-21T16:40:00.000","30","UNKNOWN","UNKNOWN","CLEAR","DAYLIGHT","REAR END","NOT DIVIDED",,"STRAIGHT AND LEVEL","UNKNOWN","UNKNOWN","ON SCENE","NO INJURY / DRIVE AWAY",,,"N","$501 - $1,500","2022-03-21T16:41:00.000","NOT APPLICABLE","IMPROPER BACKING","5048","W","WASHINGTON BLVD","1532",,,,,,,"2","NO INDICATION OF INJURY","0","0","0","0","0","3","0","16","2","3","41.881837398","-87.752168534","POINT (-87.75216853387 41.881837398151)"
"a609bbb0b9b525bafdc6072858200711ea102fa8403e66f270343be7e1a1a9dd4352cf0456db912f509b936af7b81665b5d14eac03d14dbfa0535bd09595b3a3",,,"2022-03-21T16:40:00.000","30","TRAFFIC SIGNAL","FUNCTIONING PROPERLY","CLEAR","DAYLIGHT","TURNING","FOUR WAY",,"STRAIGHT AND LEVEL","DRY","NO DEFECTS","NOT ON SCENE (DESK REPORT)","NO INJURY / DRIVE AWAY","Y",,,"OVER $1,500","2022-03-21T17:40:00.000","NOT APPLICABLE","NOT APPLICABLE","300","E","JACKSON DR","114",,,,,,,"2","NO INDICATION OF INJURY","0","0","0","0","0","2","0","16","2","3","41.87844405","-87.620517958","POINT (-87.620517957578 41.878444050454)"
"af1ba8377c584554c03ade58f8dc794779b5ae5523b6fd30346fb4ebb4564609c316adc4be7667db57a022eaa83f4ba6385e52084e718913c08c2175c083ccac",,,"2022-03-21T16:40:00.000","30","TRAFFIC SIGNAL","FUNCTIONING PROPERLY","CLEAR","DUSK","REAR END","UNKNOWN INTERSECTION TYPE",,"STRAIGHT AND LEVEL","DRY","NO DEFECTS","NOT ON SCENE (DESK REPORT)","NO INJURY / DRIVE AWAY","Y",,,"OVER $1,500","2022-03-21T18:40:00.000","UNABLE TO DETERMINE","NOT APPLICABLE","2158","W","FULLERTON AVE","1432",,,,,,,"2","NO INDICATION OF INJURY","0","0","0","0","0","2","0","16","2","3","41.925066785","-87.683495111","POINT (-87.683495110909 41.925066784763)"
"cbdb969e8eedf1f2b9b69d61e9d3d7d3db86794ce6dcce9b724f3260dc372349fcd38b2f034bd0e084c07186f95f68c5063c7b0e750d320196cdb981ff9aa984",,,"2022-03-21T16:40:00.000","30","TRAFFIC SIGNAL","FUNCTIONING PROPERLY","CLEAR","DAYLIGHT","REAR END","DIVIDED - W/MEDIAN (NOT RAISED)",,"STRAIGHT AND LEVEL","DRY","NO DEFECTS","ON SCENE","NO INJURY / DRIVE AWAY",,,,"$501 - $1,500","2022-03-21T16:40:00.000","FAILING TO REDUCE SPEED TO AVOID CRASH","NOT APPLICABLE","5458","S","PULASKI RD","815",,,,,,,"2","NO INDICATION OF INJURY","0","0","0","0","0","2","0","16","2","3","41.793293569","-87.723309185","POINT (-87.723309184773 41.793293569206)"
"296f880c3ae202e82ec6e8129299931366dab96a163708793e099a379c59fbc16b19e3a9ce21d210eebaf0884c4619ff765863b70852199318bfd2392fc75f32",,,"2022-03-21T16:34:00.000","30","TRAFFIC SIGNAL","FUNCTIONING PROPERLY","CLEAR","DAYLIGHT","REAR END","NOT DIVIDED",,"STRAIGHT AND LEVEL","DRY","NO DEFECTS","NOT ON SCENE (DESK REPORT)","NO INJURY / DRIVE AWAY",,,,"OVER $1,500","2022-03-21T17:20:00.000","FOLLOWING TOO CLOSELY","UNABLE TO DETERMINE","800","E","95TH ST","633",,,,,,,"2","NO INDICATION OF INJURY","0","0","0","0","0","2","0","16","2","3","41.722153939","-87.604447736","POINT (-87.604447735644 41.722153938772)"
"0449c963d1411029076b02adecad9ae9109b38ba39a47d1ddfdf1394bbcb239d46b45af0ad031283e8f5a3c717101b890555640b65ce710840ded853f5da54e9",,,"2022-03-21T16:30:00.000","30","NO CONTROLS","NO CONTROLS","CLEAR","DAYLIGHT","FIXED OBJECT","NOT DIVIDED",,"STRAIGHT AND LEVEL","DRY","NO DEFECTS","ON SCENE","INJURY AND / OR TOW DUE TO CRASH",,,"Y","OVER $1,500","2022-03-21T16:30:00.000","OPERATING VEHICLE IN ERRATIC, RECKLESS, CARELESS, NEGLIGENT OR AGGRESSIVE MANNER","NOT APPLICABLE","334","E","PERSHING RD","212",,,,,,,"1","NONINCAPACITATING INJURY","1","0","0","1","0","1","0","16","2","3","41.823932663","-87.617738841","POINT (-87.617738841334 41.823932662923)"
"2f0391e1fa9225fd51fbb890b135d7aa1b2e43fc982876a976fb7d2374a6b2617aae64ff1873d499eaa28d2645d10e7822ef7cda1e873d6fb7756aa8d01dcaad",,,"2022-03-21T16:30:00.000","30","NO CONTROLS","NO CONTROLS","CLEAR","DAYLIGHT","SIDESWIPE SAME DIRECTION","NOT DIVIDED",,"STRAIGHT AND LEVEL","DRY","NO DEFECTS","NOT ON SCENE (DESK REPORT)","NO INJURY / DRIVE AWAY",,,,"OVER $1,500","2022-03-21T17:34:00.000","IMPROPER LANE USAGE","IMPROPER LANE USAGE","3948","W","87TH ST","834",,,,,,,"2","NO INDICATION OF INJURY","0","0","0","0","0","2","0","16","2","3","41.734978553","-87.72089791","POINT (-87.720897909768 41.734978552649)"
"894193bddb8f063846e7d4de99bc5d5939bfea963966a5abfd5c546b3a1feb69dc444b303747ad90a50118dcc61ad73b7b10bbedd7d4651219b9b8cc57f96803",,,"2022-03-21T16:30:00.000","30","NO CONTROLS","NO CONTROLS","CLEAR","DAYLIGHT","REAR END","DIVIDED - W/MEDIAN (NOT RAISED)",,"STRAIGHT AND LEVEL","DRY","UNKNOWN","NOT ON SCENE (DESK REPORT)","NO INJURY / DRIVE AWAY",,,,"OVER $1,500","2022-03-21T19:00:00.000","UNABLE TO DETERMINE","UNABLE TO DETERMINE","4605","W","LAWRENCE AVE","1722",,,,,,,"2","NO INDICATION OF INJURY","0","0","0","0","0","2","0","16","2","3","41.967971378","-87.743061769","POINT (-87.743061768572 41.967971377767)"
"e2ff52934001d0767bd730dc5d2570fae6f9c91ef2e3e2653d86f73127c6f8e2afe0e475257a4bb5446c4a768af44904dfc5f3c309622199e5e478a9ed92e6d3",,,"2022-03-21T16:30:00.000","30","NO CONTROLS","NO CONTROLS","CLEAR","DAYLIGHT","REAR END","PARKING LOT",,"STRAIGHT AND LEVEL","DRY","NO DEFECTS","NOT ON SCENE (DESK REPORT)","NO INJURY / DRIVE AWAY",,"Y",,"OVER $1,500","2022-03-21T17:00:00.000","UNABLE TO DETERMINE","UNABLE TO DETERMINE","4920","W","MADISON ST","1533",,,,,,,"2","NO INDICATION OF INJURY","0","0","0","0","0","3","0","16","2","3","41.880563638","-87.748613669","POINT (-87.748613669334 41.880563637564)"
"03ca3e40e0483483d3ad40add4480a5601eaed109dee516eeab02253de1b8f010ef701252686b77c3e97d1e7fc408c6bf18a93879dd62ba3b374f94108617e4b",,,"2022-03-21T16:24:00.000","30","NO CONTROLS","NO CONTROLS","CLEAR","DAYLIGHT","FIXED OBJECT","DIVIDED - W/MEDIAN BARRIER",,"STRAIGHT AND LEVEL","DRY","UNKNOWN","ON SCENE","INJURY AND / OR TOW DUE TO CRASH",,,,"OVER $1,500","2022-03-21T16:25:00.000","UNABLE TO DETERMINE","NOT APPLICABLE","13000","S","INDIANA AVE","533",,"Y",,,,,"1","NO INDICATION OF INJURY","0","0","0","0","0","1","0","16","2","3","41.659009216","-87.617447906","POINT (-87.617447906473 41.659009215787)"
"cde5a1d530d288ffad10e22deb48c306844a9bbcd39a31892066fe2f56486e1ca1a69c751c2982bd537fbd6edfb8e856e34f5fce15afe8182fb1acec43ce81fc",,,"2022-03-21T16:23:00.000","30","NO CONTROLS","NO CONTROLS","CLEAR","DAYLIGHT","SIDESWIPE SAME DIRECTION","NOT DIVIDED",,"STRAIGHT AND LEVEL","DRY","NO DEFECTS","ON SCENE","INJURY AND / OR TOW DUE TO CRASH",,,,"OVER $1,500","2022-03-21T16:24:00.000","IMPROPER LANE USAGE","UNABLE TO DETERMINE","4640","W","LAKE ST","1113",,,,,,,"2","NONINCAPACITATING INJURY","1","0","0","1","0","4","0","16","2","3","41.886500695","-87.741968438","POINT (-87.741968438072 41.886500694805)"
"49d7b1817269817480b4d43ae53379b95d018e753a531ac5bdad685a05abefa6904ea8df6a88d4d57b409373d722aefb55ce4f161f505dde65f9282c78433d38",,,"2022-03-21T16:22:00.000","35","NO PASSING","NO CONTROLS","CLEAR","DAYLIGHT","PARKED MOTOR VEHICLE","NOT DIVIDED",,"STRAIGHT AND LEVEL","DRY","NO DEFECTS","ON SCENE","NO INJURY / DRIVE AWAY",,,"N","OVER $1,500","2022-03-21T16:22:00.000","UNDER THE INFLUENCE OF ALCOHOL/DRUGS (USE WHEN ARREST IS EFFECTED)","IMPROPER OVERTAKING/PASSING","2019","W","79TH ST","611",,,,,,,"3","NO INDICATION OF INJURY","0","0","0","0","0","1","0","16","2","3","41.750113166","-87.673898599","POINT (-87.673898598534 41.750113166349)"
"8582f5e87ecb2f9ea26848a68a8061730db4ab97befbdc0e3e755962a7673f5ee0ae0425041d000b242c130cf24ceed10be125e801bf6782d606863f603882a0",,,"2022-03-21T16:21:00.000","30","NO CONTROLS","NO CONTROLS","CLEAR","DAYLIGHT","SIDESWIPE OPPOSITE DIRECTION","DIVIDED - W/MEDIAN BARRIER",,"CURVE, LEVEL","DRY","NO DEFECTS","ON SCENE","INJURY AND / OR TOW DUE TO CRASH",,,,"OVER $1,500","2022-03-21T16:22:00.000","EQUIPMENT - VEHICLE CONDITION","UNABLE TO DETERMINE","2431","W","31ST BLVD","1034",,,,,,,"2","NO INDICATION OF INJURY","0","0","0","0","0","2","0","16","2","3","41.838505045","-87.686106888","POINT (-87.686106888083 41.838505044899)"
"1a76419e45afe698d463417048a29594421ab987236e86145353065e41b57e30babbfff911162e422b294635934b6cd463b9a34184671886f36f90568dbdfc5a",,,"2022-03-21T16:00:00.000","30","NO CONTROLS","NO CONTROLS","CLEAR","DAYLIGHT","PARKED MOTOR VEHICLE","NOT DIVIDED",,"STRAIGHT AND LEVEL","DRY","NO DEFECTS","ON SCENE","NO INJURY / DRIVE AWAY",,,"Y","$501 - $1,500","2022-03-21T16:14:00.000","UNABLE TO DETERMINE","NOT APPLICABLE","4241","S","CAMPBELL AVE","921",,,,,,,"2","NO INDICATION OF INJURY","0","0","0","0","0","1","0","16","2","3","41.816333194","-87.686983248","POINT (-87.686983247808 41.816333193764)"
"3d6d1035663638dbd66146165afa7abbce3245d75b67c354466cc45b351ed7b4e9acb525c6f9411281af89eec0cab7ccf15f61241985d6372d1a18e9c6ff5b6e",,,"2022-03-21T16:00:00.000","25","TRAFFIC SIGNAL","FUNCTIONING PROPERLY","CLEAR","DAYLIGHT","REAR END","NOT DIVIDED",,"STRAIGHT AND LEVEL","UNKNOWN","NO DEFECTS","NOT ON SCENE (DESK REPORT)","NO INJURY / DRIVE AWAY",,,,"$501 - $1,500","2022-03-21T17:27:00.000","UNABLE TO DETERMINE","NOT APPLICABLE","2199","N","CICERO AVE","2522",,,,,,,"3","NO INDICATION OF INJURY","0","0","0","0","0","3","0","16","2","3","41.920540414","-87.746062272","POINT (-87.746062272349 41.920540414453)"
"c00ca8e60de79ae79ad248078b0eab4cd681ea733caf6e7e481e2226a61b5e2582ff2a1a900d4b7b7d0b0cae30ce90eefa165692ccf0af795bbf3f751a187689",,,"2022-03-21T16:00:00.000","30","NO CONTROLS","NO CONTROLS","CLEAR","DAYLIGHT","REAR END","NOT DIVIDED",,"STRAIGHT AND LEVEL","DRY","NO DEFECTS","NOT ON SCENE (DESK REPORT)","NO INJURY / DRIVE AWAY",,,,"OVER $1,500","2022-03-21T17:00:00.000","FOLLOWING TOO CLOSELY","FOLLOWING TOO CLOSELY","5600","S","CENTRAL AVE","811",,,,,,,"2","NO INDICATION OF INJURY","0","0","0","0","0","2","0","16","2","3","41.790804773","-87.762383463","POINT (-87.76238346284 41.79080477277)"
"f475372c43ddc850d2b318c9b3b731d759997c518bde0a4ab7913397d55ab930c45dbc7a4e994de9702f1bc9d145f42cd62c54f4950dc16979d38bc1f358aef4",,,"2022-03-21T16:00:00.000","35","NO CONTROLS","NO CONTROLS","CLEAR","DAYLIGHT","REAR END","NOT DIVIDED",,"STRAIGHT AND LEVEL","DRY","NO DEFECTS","NOT ON SCENE (DESK REPORT)","NO INJURY / DRIVE AWAY",,,,"OVER $1,500","2022-03-21T16:55:00.000","DRIVING SKILLS/KNOWLEDGE/EXPERIENCE","NOT APPLICABLE","6900","S","RACINE AVE","734",,,,,,,"2","NO INDICATION OF INJURY","0","0","0","0","0","2","0","16","2","3","41.76859881","-87.654354405","POINT (-87.654354404608 41.768598809778)"