"crash_record_id","rd_no","crash_date_est_i","crash_date","posted_speed_limit","traffic_control_device","device_condition","weather_condition","lighting_condition","first_crash_type","trafficway_type","lane_cnt","alignment","roadway_surface_cond","road_defect","report_type","crash_type","intersection_related_i","private_property_i","hit_and_run_i","damage","date_police_notified","prim_contributory_cause","sec_contributory_cause","street_no","street_direction","street_name","beat_of_occurrence","photos_taken_i","statements_taken_i","dooring_i","work_zone_i","work_zone_type","workers_present_i","num_units","most_severe_injury","injuries_total","injuries_fatal","injuries_incapacitating","injuries_non_incapacitating","injuries_reported_not_evident","injuries_no_indication","injuries_unknown","crash_hour","crash_day_of_week","crash_month","latitude","longitude","location"
"6544ca9ec090e1e78aa6e48979f90e1d1847e0db39be8724dcc158fa269872897a882476ba88a12bfef5725aa708cd440cc502e61c01e74dfb38e0eda6289476",,,"2022-03-21T15:57:00.000","30","TRAFFIC SIGNAL","FUNCTIONING PROPERLY","CLEAR","DAYLIGHT","PARKED MOTOR VEHICLE","DIVIDED - W/MEDIAN (NOT RAISED)",,"STRAIGHT AND LEVEL","DRY","UNKNOWN","ON SCENE","NO INJURY / DRIVE AWAY",,,,"OVER $1,500","2022-03-21T16:51:00.000","UNABLE TO DETERMINE","UNABLE TO DETERMINE","1509","W","FOSTER AVE","2032",,,,,,,"2","NO INDICATION OF INJURY","0","0","0","0","0","1","0","15","2","3","41.976075079","-87.668743188","POINT (-87.668743188395 41.976075078693)"
"f416c194cbcf51e707645d694050bb468462db4746a57bc3933c07945b5e10d4179c44085506a9d7dbfa2d1c09a5cba01535ad6a0e509d340968a499d524812e",,,"2022-03-21T15:50:00.000","30","TRAFFIC SIGNAL","FUNCTIONING PROPERLY","CLEAR","DAYLIGHT","ANGLE","FOUR WAY",,"STRAIGHT AND LEVEL","DRY","NO DEFECTS","ON SCENE","INJURY AND / OR TOW DUE TO CRASH","Y",,,"OVER $1,500","2022-03-21T15:54:00.000","DISREGARDING TRAFFIC SIGNALS","UNABLE TO DETERMINE","4659","S","WALLACE ST","925",,,,,,,"2","NONINCAPACITATING INJURY","1","0","0","1","0","1","0","15","2","3","41.808996408","-87.640531254","POINT (-87.640531253885 41.808996407829)"
"05ce5348ccffe397f2546d68d15508b8b2ca8161fa5f2d43bd474565d58f2407597c740d7b7adf88097c7a833ffa296028682034a6c70168516a09e7fd22af63",,,"2022-03-21T15:39:00.000","30","UNKNOWN","OTHER","CLEAR","DAYLIGHT","REAR END","ONE-WAY",,"STRAIGHT AND LEVEL","DRY","UNKNOWN","NOT ON SCENE (DESK REPORT)","NO INJURY / DRIVE AWAY",,,,"$501 - $1,500","2022-03-21T17:23:00.000","FOLLOWING TOO CLOSELY","DRIVING SKILLS/KNOWLEDGE/EXPERIENCE","1242","N","LAKE SHORE DR","1824",,,,,,,"2","NO INDICATION OF INJURY","0","0","0","0","0","4","0","15","2","3","41.905261743","-87.62529126","POINT (-87.625291259943 41.905261743191)"
"047df41297f6c124c706a6f57ec7dd4c76957c107358451338f1c8d1e7b3a1f900d7cc3076df82ecf1b0d56151714f10a9eadfaf4a80556b36966a631f0ccbc5",,,"2022-03-21T15:35:00.000","25","NO CONTROLS","NO CONTROLS","UNKNOWN","DAYLIGHT","REAR TO SIDE","NOT DIVIDED",,"STRAIGHT AND LEVEL","UNKNOWN","UNKNOWN","NOT ON SCENE (DESK REPORT)","NO INJURY / DRIVE AWAY",,,,"OVER $1,500","2022-03-21T18:45:00.000","UNABLE TO DETERMINE","UNABLE TO DETERMINE","32","S","JEFFERSON ST","121",,,,,,,"2","NO INDICATION OF INJURY","0","0","0","0","0","2","0","15","2","3","41.880831728","-87.642775292","POINT (-87.642775292351 41.880831728236)"
"2f7746196a535911b042d9a9f59686066c4bd1118186590c827d3f4e1e58d0cfe1e403d672a7c154286dc4622c04baff66663a719fc4553553fdd95d305e6103",,,"2022-03-21T15:35:00.000","10","NO CONTROLS","NO CONTROLS","CLEAR","DAYLIGHT","REAR TO SIDE","PARKING LOT",,"STRAIGHT AND LEVEL","DRY","NO DEFECTS","ON SCENE","NO INJURY / DRIVE AWAY",,"Y",,"$501 - $1,500","2022-03-21T15:40:00.000","IMPROPER BACKING","FAILING TO REDUCE SPEED TO AVOID CRASH","32","S","JEFFERSON ST","121",,,,,,,"2","NO INDICATION OF INJURY","0","0","0","0","0","3","0","15","2","3","41.880831728","-87.642775292","POINT (-87.642775292351 41.880831728236)"
"e14c338dca8f7072eea0b73dabda0cb1cddb68e991bf5200e645e5aa66e9576a5d7d95231c620b7bcdd783251f7260facf0d4d3b43aad3d6ffa15b3f9530e2ce",,,"2022-03-21T15:25:00.000","35","NO CONTROLS","NO CONTROLS","CLEAR","DAYLIGHT","REAR END","NOT DIVIDED",,"STRAIGHT AND LEVEL","DRY","NO DEFECTS","ON SCENE","NO INJURY / DRIVE AWAY",,,,"OVER $1,500","2022-03-21T15:30:00.000","FOLLOWING TOO CLOSELY","NOT APPLICABLE","1099","W","98TH ST","2223",,,,,,,"2","NO INDICATION OF INJURY","0","0","0","0","0","3","0","15","2","3","41.715713902","-87.65029743","POINT (-87.650297430067 41.715713901603)"
"01ba1936cedb02445c720edd09cb53e283f6ea8a21a123ba78c21911eb789e4494793406099bdb5aec17893d35637d0dce57bb5cf1469fc56d645470724a0822",,,"2022-03-21T15:23:00.000","30","NO CONTROLS","NO CONTROLS","CLEAR","DAYLIGHT","SIDESWIPE SAME DIRECTION","NOT DIVIDED",,"STRAIGHT AND LEVEL","DRY","NO DEFECTS","ON SCENE","NO INJURY / DRIVE AWAY",,,,"OVER $1,500","2022-03-21T15:28:00.000","UNABLE TO DETERMINE","NOT APPLICABLE","4728","W","FOSTER AVE","1712",,,,,,,"2","NO INDICATION OF INJURY","0","0","0","0","0","2","0","15","2","3","41.975462412","-87.746929574","POINT (-87.746929573894 41.975462411884)"
"735dbf06a8530d25e2794e4481bf5d655020acd5e8c9271163edcf0ce39ad05fffde6d1dfebf8ba10abcb370fca747946f519cff6b94bc7a69b8cd4655fa8549",,,"2022-03-21T15:23:00.000","30","TRAFFIC SIGNAL","FUNCTIONING PROPERLY","CLEAR","DAYLIGHT","TURNING","FOUR WAY",,"STRAIGHT AND LEVEL","DRY","NO DEFECTS","ON SCENE","INJURY AND / OR TOW DUE TO CRASH","Y",,,"OVER $1,500","2022-03-21T15:45:00.000","FAILING TO YIELD RIGHT-OF-WAY","FAILING TO REDUCE SPEED TO AVOID CRASH","1602","W","IRVING PARK RD","1912",,,,,,,"2","NO INDICATION OF INJURY","0","0","0","0","0","3","0","15","2","3","41.954398277","-87.669191866","POINT (-87.669191865634 41.954398276687)"
"ee15c7d26188f6f077467811df6413d8f4040a0ec02b4c7697ce2770c94f80e178f9f0477c18b14e9ecc0426011ac2b0190a9219ced3a3f8c11d0879d4569c3d",,,"2022-03-21T15:23:00.000","40","NO CONTROLS","NO CONTROLS","CLEAR","DAYLIGHT","SIDESWIPE SAME DIRECTION","DIVIDED - W/MEDIAN BARRIER",,"STRAIGHT AND LEVEL","DRY","NO DEFECTS","ON SCENE","INJURY AND / OR TOW DUE TO CRASH",,,"Y","OVER $1,500","2022-03-21T15:23:00.000","IMPROPER OVERTAKING/PASSING","NOT APPLICABLE","5800","S","LAKE SHORE DR","331",,,,,,,"2","NO INDICATION OF INJURY","0","0","0","0","0","3","0","15","2","3","41.789978993","-87.579020249","POINT (-87.579020248594 41.789978993058)"
"cea04cf4f58e8c00f4d985dffdd09a5c31f7d13b198e2d8ac1c2be154d5ba00041a6fabfacd83c1b9907e1bb6f087e48964bfcdcb4570d70dc359d2d8702c059",,,"2022-03-21T15:20:00.000","40","NO CONTROLS","NO CONTROLS","CLEAR","DAYLIGHT","SIDESWIPE SAME DIRECTION","ONE-WAY",,"STRAIGHT AND LEVEL","DRY","NO DEFECTS","ON SCENE","NO INJURY / DRIVE AWAY",,,,"OVER $1,500","2022-03-21T15:31:00.000","IMPROPER OVERTAKING/PASSING","NOT APPLICABLE","1600","N","LAKE SHORE DR","1814",,"N",,,,,"2","NO INDICATION OF INJURY","0","0","0","0","0","2","0","15","2","3","41.911224556","-87.626482572","POINT (-87.626482572426 41.911224555611)"
"f70aec1bd531b5561181fc99b41820a15531e6a999226f9e66e9a6205e22395b0b410361c34d395c8383aa95cf2af8058aa64c51e1faf99917ffff3ba5e72f1f",,,"2022-03-21T15:20:00.000","10","STOP SIGN/FLASHER","FUNCTIONING PROPERLY","CLEAR","DAYLIGHT","SIDESWIPE SAME DIRECTION","PARKING LOT",,"CURVE, LEVEL","DRY","NO DEFECTS","NOT ON SCENE (DESK REPORT)","NO INJURY / DRIVE AWAY",,,"Y","OVER $1,500","2022-03-21T17:10:00.000","NOT APPLICABLE","NOT APPLICABLE","87","W","87TH ST","634",,,,,,,"2","NO INDICATION OF INJURY","0","0","0","0","0","3","0","15","2","3","41.736145128","-87.626917844","POINT (-87.626917843973 41.736145128237)"
"5c1c90a47ad0e5e4db63fb87d46db122996a0967989f1b6b7e5168f0b43e179a93f61f3e0a4ffc0ca78047c733f34294168d40167b7a752c8f62061618c07ab6",,,"2022-03-21T15:15:00.000","30","NO CONTROLS","FUNCTIONING PROPERLY","CLEAR","DAYLIGHT","PARKED MOTOR VEHICLE","NOT DIVIDED",,"STRAIGHT AND LEVEL","DRY","NO DEFECTS","ON SCENE","INJURY AND / OR TOW DUE TO CRASH",,,"Y","OVER $1,500","2022-03-21T16:27:00.000","DRIVING SKILLS/KNOWLEDGE/EXPERIENCE","UNABLE TO DETERMINE","3100","E","83RD ST","424",,,,,,,"2","NO INDICATION OF INJURY","0","0","0","0","0","1","0","15","2","3","41.744801389","-87.549062081","POINT (-87.549062080977 41.744801389001)"
"aaa47019c094b98bb58d1ba5e98cb48d66899b7b8da1ffa8b6ea4767b9ab7ee31a7f5285423e065e3c46bc99644bf7e95ba0b51d87476451aa460bfe5f8ef9bd",,,"2022-03-21T15:15:00.000","30","TRAFFIC SIGNAL","NO CONTROLS","UNKNOWN","UNKNOWN","ANGLE","FOUR WAY",,"STRAIGHT AND LEVEL","UNKNOWN","UNKNOWN","NOT ON SCENE (DESK REPORT)","NO INJURY / DRIVE AWAY","Y",,"Y","OVER $1,500","2022-03-21T15:40:00.000","UNABLE TO DETERMINE","NOT APPLICABLE","800","W","69TH ST","723",,,,,,,"2","NO INDICATION OF INJURY","0","0","0","0","0","2","0","15","2","3","41.768946489","-87.644570662","POINT (-87.644570662029 41.768946489336)"
"c41b74a7b8e1068b07ab6e9e38359885524c0e0ed0db13c81eef44cf0ae00e112c3457fa15db404e37caa59726e7e906158622126d4e5a5b3984d8d5f5ce1c37",,,"2022-03-21T15:15:00.000","30","NO CONTROLS","NO CONTROLS","CLEAR","DAYLIGHT","REAR END","DIVIDED - W/MEDIAN BARRIER",,"STRAIGHT AND LEVEL","DRY","NO DEFECTS","ON SCENE","INJURY AND / OR TOW DUE TO CRASH",,,,"OVER $1,500","2022-03-21T15:40:00.000","FOLLOWING TOO CLOSELY","NOT APPLICABLE","901","S","ASHLAND AVE","1231",,,,,,,"3","NO INDICATION OF INJURY","0","0","0","0","0","4","0","15","2","3","41.870386161","-87.666340664","POINT (-87.666340663907 41.870386161123)"
"0060b3610e8080f0761bb3c3373fd4880dd6798bc5c15fb82c81728be8603486b68c6064c65ae06fd77cd45df0b64d21543b2edf3acee9ec87b745e071cac2fb",,,"2022-03-21T15:12:00.000","30","TRAFFIC SIGNAL","FUNCTIONING PROPERLY","CLEAR","DAYLIGHT","SIDESWIPE SAME DIRECTION","NOT DIVIDED",,"STRAIGHT AND LEVEL","DRY","NO DEFECTS","ON SCENE","INJURY AND / OR TOW DUE TO CRASH",,,"Y","$501 - $1,500","2022-03-21T15:18:00.000","IMPROPER OVERTAKING/PASSING","NOT APPLICABLE","601","S","INDEPENDENCE BLVD","1133",,,,,,,"2","INCAPACITATING INJURY","1","0","1","0","0","1","0","15","2","3","41.873479221","-87.719608896","POINT (-87.719608895659 41.873479220546)"
"27ca70bda4b59d23ac664d1000a810428b024b2b6774d2c46a42a73de18af290811dcfe30f6d3b4b1f118a22f0ca6ab8ae961ea3f9e85492f494311d6aa15e9f",,,"2022-03-21T15:10:00.000","20","NO CONTROLS","NO CONTROLS","CLEAR","DAYLIGHT","PARKED MOTOR VEHICLE","NOT DIVIDED",,"STRAIGHT AND LEVEL","DRY","NO DEFECTS","ON SCENE","NO INJURY / DRIVE AWAY",,,"Y","OVER $1,500","2022-03-22T08:50:00.000","UNABLE TO DETERMINE","UNABLE TO DETERMINE","5815","N","NATOMA AVE","1612",,,,,,,"2","NO INDICATION OF INJURY","0","0","0","0","0","2","0","15","2","3","41.98699605","-87.794174076","POINT (-87.794174076116 41.986996049571)"
"cab5275ca3543976d72e25698655cc015f57a89c478c556828d3f1da3b798a50650057e7967b182d76992d5e4548882bf8f8ed25e6e9d03720c8740c1b602db4",,,"2022-03-21T15:10:00.000","30","NO CONTROLS","NO CONTROLS","CLEAR","DAYLIGHT","PARKED MOTOR VEHICLE","PARKING LOT",,"STRAIGHT AND LEVEL","DRY","NO DEFECTS","NOT ON SCENE (DESK REPORT)","INJURY AND / OR TOW DUE TO CRASH",,,,"OVER $1,500","2022-03-21T19:15:00.000","UNABLE TO DETERMINE","UNABLE TO DETERMINE","2731","S","SACRAMENTO AVE","1033",,,,,,,"2","NO INDICATION OF INJURY","0","0","0","0","0","1","0","15","2","3","41.841842292","-87.699909836","POINT (-87.699909835744 41.841842292423)"
"fceb98dbca7afde53366ee1d5fc5d31fe5969a8f661eec72af41245e29925d0af6763dbd42ec0092e0c41a9ee10186e56e4c6b1142cdd6da3694538e1a6eed0b",,,"2022-03-21T15:10:00.000","30","TRAFFIC SIGNAL","FUNCTIONING PROPERLY","CLEAR","DAYLIGHT","SIDESWIPE SAME DIRECTION","NOT DIVIDED",,"STRAIGHT AND LEVEL","DRY","NO DEFECTS","NOT ON SCENE (DESK REPORT)","NO INJURY / DRIVE AWAY",,,"Y","OVER $1,500","2022-03-22T08:30:00.000","UNABLE TO DETERMINE","IMPROPER OVERTAKING/PASSING","9","S","KOSTNER AVE","1115",,,,,,,"2","NO INDICATION OF INJURY","0","0","0","0","0","2","0","15","2","3","41.880275138","-87.735317192","POINT (-87.735317192382 41.880275137806)"
"447aa7829b3e6013f34c813744ec91451a9c01183ebec60afcaa0b22e756ee811faf28d4ef6021dd4bda37f0c055b41686227fac6a626d604ba81048edbdefb0",,,"2022-03-21T15:00:00.000","15","NO CONTROLS","NO CONTROLS","CLEAR","DAYLIGHT","PARKED MOTOR VEHICLE","OTHER",,"STRAIGHT AND LEVEL","DRY","NO DEFECTS","NOT ON SCENE (DESK REPORT)","NO INJURY / DRIVE AWAY",,,"Y","OVER $1,500","2022-03-21T16:45:00.000","UNABLE TO DETERMINE","NOT APPLICABLE","5600","S","ASHLAND AVE","715",,,,,,,"2","NO INDICATION OF INJURY","0","0","0","0","0","1","0","15","2","3","41.79211392","-87.664683168","POINT (-87.664683167907 41.792113920404)"
"b1dace6e9ac467a099f376b7f3b86e3690ca2aa8d040b9c48b16df3f11b7efab074ba7408a534d9a8e4248e318bd7cdb15da9c3b749b2c4a0c069c5ebd7e22bc",,,"2022-03-21T15:00:00.000","30","TRAFFIC SIGNAL","FUNCTIONING PROPERLY","CLEAR","DAYLIGHT","REAR END","NOT DIVIDED",,"STRAIGHT AND LEVEL","UNKNOWN","UNKNOWN","NOT ON SCENE (DESK REPORT)","NO INJURY / DRIVE AWAY",,,,"$501 - $1,500","2022-03-21T15:45:00.000","UNABLE TO DETERMINE","UNABLE TO DETERMINE","6055","N","LINCOLN AVE","2413",,,,,,,"2","NO INDICATION OF INJURY","0","0","0","0","0","3","0","15","2","3","41.991467587","-87.708893128","POINT (-87.708893127876 41.991467586764)"
"c6d953b62894cd47b7cdd537b1dff75bc01a17c1bdf05c5dcacb16933ea966998df2a30b1d7699811bd8ce7d5f84b940e30755d5caafe5c1d2ea19c6c2019a2d",,,"2022-03-21T15:00:00.000","30","NO CONTROLS","NO CONTROLS","CLEAR","DAYLIGHT","PARKED MOTOR VEHICLE","PARKING LOT",,"STRAIGHT AND LEVEL","UNKNOWN","UNKNOWN","NOT ON SCENE (DESK REPORT)","NO INJURY / DRIVE AWAY",,,"Y","OVER $1,500","2022-03-22T11:25:00.000","UNABLE TO DETERMINE","NOT APPLICABLE","11702","S","MARSHFIELD AVE","2234",,,,,,,"2","NO INDICATION OF INJURY","0","0","0","0","0","1","0","15","2","3","41.681212162","-87.66261332","POINT (-87.662613320086 41.681212162325)"
"f3655fe083f989121a623673aafed6ca5aec5c2a1b468d200e7b1330ae7bb0eb8e1c8545de5eba1f44d11a6fffc6d161e03de7ac15fa1becbe2604af202b3009",,,"2022-03-21T15:00:00.000","15","STOP SIGN/FLASHER","FUNCTIONING PROPERLY","CLEAR","DAYLIGHT","PEDALCYCLIST","ALLEY",,"STRAIGHT AND LEVEL","UNKNOWN","UNKNOWN","NOT ON SCENE (DESK REPORT)","NO INJURY / DRIVE AWAY",,,,"OVER $1,500","2022-03-21T17:00:00.000","UNABLE TO DETERMINE","UNABLE TO DETERMINE","3459","N","PITTSBURGH AVE","1631",,,,,,,"2","NO INDICATION OF INJURY","0","0","0","0","0","2","0","15","2","3","41.942872484","-87.832499158","POINT (-87.832499158058 41.94287248381)"
"f386d12452e62b8114b225521a625ca43b6a0a91e6f61a91fe343ac56d43d807f197fe71033f3baaa77f6f89fc16f381caa0dceb59f1b41b17d36151539c9a46",,,"2022-03-21T15:00:00.000","30","NO CONTROLS","NO CONTROLS","CLEAR","DAYLIGHT","ANGLE","ALLEY",,"STRAIGHT AND LEVEL","DRY","NO DEFECTS","ON SCENE","INJURY AND / OR TOW DUE TO CRASH","Y",,,"OVER $1,500","2022-03-21T15:01:00.000","FAILING TO YIELD RIGHT-OF-WAY","UNABLE TO DETERMINE","3746","N","LAVERGNE AVE","1634",,,,,,,"2","NO INDICATION OF INJURY","0","0","0","0","0","2","0","15","2","3","41.949310226","-87.752265421","POINT (-87.752265421185 41.949310226044)"
"033df6362274c01ee7cf0e80bbceb4a2ef20bb57b965b1d6850320b518cfc30d35856febf4a07c5f62d7dea1bc903c66688c3459b94a07e82d4965060bf3d810",,,"2022-03-21T14:50:00.000","30","NO CONTROLS","NO CONTROLS","CLEAR","DAYLIGHT","REAR END","DIVIDED - W/MEDIAN (NOT RAISED)",,"STRAIGHT AND LEVEL","UNKNOWN","UNKNOWN","ON SCENE","INJURY AND / OR TOW DUE TO CRASH",,,,"OVER $1,500","2022-03-21T15:12:00.000","UNABLE TO DETERMINE","NOT APPLICABLE","6526","W","DIVERSEY AVE","2511",,,,,,,"3","NO INDICATION OF INJURY","0","0","0","0","0","3","0","14","2","3","41.931052556","-87.789216383","POINT (-87.789216383234 41.931052555765)"
"7677e826899093e45e4a98433dba437c992b142d8da136bab4864bf1a624a6c2a5dc6ff2f95a8e9cbf56aaeb719bb47ee4e89f95049da486af0b9d15d74eabad",,,"2022-03-21T14:45:00.000","30","UNKNOWN","UNKNOWN","CLEAR","DAYLIGHT","ANGLE","UNKNOWN",,"STRAIGHT AND LEVEL","DRY","UNKNOWN","NOT ON SCENE (DESK REPORT)","NO INJURY / DRIVE AWAY",,,,"OVER $1,500","2022-03-21T16:00:00.000","UNABLE TO DETERMINE","UNABLE TO DETERMINE","5500","S","LAKE PARK AVE","235",,,,,,,"2","NO INDICATION OF INJURY","0","0","0","0","0","2","0","14","2","3","41.795105937","-87.587709412","POINT (-87.587709412142 41.795105937194)"
"0dacb7a52570812a41fe60827019ae80c4eee1703566079c0a306402ffcd65f975255930f9ad6c1b5829cb00beb5dc778199f3bc7d9e87b617ec0f63315e2631",,,"2022-03-21T14:40:00.000","25","NO CONTROLS","NO CONTROLS","CLEAR","DAYLIGHT","SIDESWIPE SAME DIRECTION","NOT DIVIDED",,"STRAIGHT AND LEVEL","DRY","NO DEFECTS","ON SCENE","NO INJURY / DRIVE AWAY",,,,"OVER $1,500","2022-03-21T14:44:00.000","UNABLE TO DETERMINE","FAILING TO YIELD RIGHT-OF-WAY","4903","N","LECLAIRE AVE","1623",,,,,,,"2","NO INDICATION OF INJURY","0","0","0","0","0","4","0","14","2","3","41.969876232","-87.75496029","POINT (-87.754960289508 41.96987623245)"
"cc48f64d7cd53e5a432dd0992a074214f8ab8c3cfaa49c70426950a3717191499eb426490030e1275199d9c9013e41550e4c24326e463416021900e42dab4297",,,"2022-03-21T14:40:00.000","30","STOP SIGN/FLASHER","FUNCTIONING PROPERLY","CLEAR","DAYLIGHT","SIDESWIPE SAME DIRECTION","ONE-WAY",,"STRAIGHT AND LEVEL","DRY","NO DEFECTS","NOT ON SCENE (DESK REPORT)","NO INJURY / DRIVE AWAY",,,"Y","OVER $1,500","2022-03-21T15:30:00.000","UNABLE TO DETERMINE","UNABLE TO DETERMINE","2023","N","DRAKE AVE","1413",,,,,,,"2","NO INDICATION OF INJURY","0","0","0","0","0","2","0","14","2","3","41.917998492","-87.715026116","POINT (-87.715026115527 41.917998492459)"
"37f35ffbd9e84d90c68ee4187b170dc9bf8ba9ad8c8cb5f9ee1c3eb1b9777fc3e81f1c0ae95ea4852b7381ad6e3c6907e0101964071b0493a9df6372eeccb106",,,"2022-03-21T14:27:00.000","30","NO CONTROLS","NO CONTROLS","CLEAR","DAYLIGHT","PARKED MOTOR VEHICLE","UNKNOWN",,"STRAIGHT AND LEVEL","DRY","UNKNOWN","NOT ON SCENE (DESK REPORT)","NO INJURY / DRIVE AWAY",,,,"$501 - $1,500","2022-03-21T15:08:00.000","IMPROPER BACKING","IMPROPER BACKING","2650","S","CALIFORNIA BLVD","1034",,,,,,,"2","NO INDICATION OF INJURY","0","0","0","0","0","2","0","14","2","3","41.843238354","-87.694764544","POINT (-87.69476454437 41.84323835355)"
"5090623ac750a577fc379ecdfbd01adaee9f72c570e7a7c77b489b1498119f43b66ae8722824355455af5235e72fca2affb2f12607892157d777d8b4d9fa9001",,,"2022-03-21T14:26:00.000","30","NO CONTROLS","NO CONTROLS","CLEAR","DAYLIGHT","REAR END","DIVIDED - W/MEDIAN (NOT RAISED)",,"STRAIGHT AND LEVEL","DRY","NO DEFECTS","ON SCENE","NO INJURY / DRIVE AWAY",,,,"OVER $1,500","2022-03-21T15:11:00.000","FOLLOWING TOO CLOSELY","UNABLE TO DETERMINE","3042","W","DIVERSEY AVE","1411",,,,,,,"2","NO INDICATION OF INJURY","0","0","0","0","0","2","0","14","2","3","41.932156018","-87.704289498","POINT (-87.704289497974 41.932156017555)"
"6a5024b2e65430d5b564322eeaaf9c340ebd7f42a7dc78451ff5546d8972c5c62c150196fd0799669bedc63a87663f442f7a6dc318a873caa49a215a7d253d04",,,"2022-03-21T14:25:00.000","35","STOP SIGN/FLASHER","NO CONTROLS","CLEAR","DAYLIGHT","TURNING","DIVIDED - W/MEDIAN (NOT RAISED)",,"STRAIGHT AND LEVEL","DRY","UNKNOWN","ON SCENE","INJURY AND / OR TOW DUE TO CRASH",,,,"OVER $1,500","2022-03-21T14:27:00.000","FAILING TO YIELD RIGHT-OF-WAY","IMPROPER TURNING/NO SIGNAL","13000","S","EBERHART AVE","533",,,,,,,"2","INCAPACITATING INJURY","3","0","1","2","0","1","0","14","2","3","41.65904408","-87.610793096","POINT (-87.610793096398 41.659044079517)"
"962b78e6d293f6983c580db9fdf525a6d2e7ada4387d21ecbc4faa08c2215146573cc0183ec3d154788af27deabd66c71c7dc6f09cc530b74becefe91e8cd656",,,"2022-03-21T14:25:00.000","30","NO CONTROLS","NO CONTROLS","CLEAR","DAYLIGHT","TURNING","DIVIDED - W/MEDIAN (NOT RAISED)",,"STRAIGHT AND LEVEL","DRY","NO DEFECTS","ON SCENE","INJURY AND / OR TOW DUE TO CRASH",,,,"OVER $1,500","2022-03-21T15:00:00.000","IMPROPER OVERTAKING/PASSING","NOT APPLICABLE","1639","W","95TH ST","2213",,,,,,,"2","REPORTED, NOT EVIDENT","2","0","0","0","2","2","0","14","2","3","41.721081735","-87.664273384","POINT (-87.664273383911 41.721081735483)"
"92bf7d607015532b9f222e78af72626f88be439d6977214e6eef18c35c60ca4d5a1addc0d1d843f8dc5bc7f78f93e2c3cb1c597de6489a35fc5ace1cedaf0a52",,,"2022-03-21T14:15:00.000","10","NO CONTROLS","NO CONTROLS","CLEAR","DAYLIGHT","REAR TO REAR","PARKING LOT",,"STRAIGHT AND LEVEL","DRY","NO DEFECTS","NOT ON SCENE (DESK REPORT)","NO INJURY / DRIVE AWAY",,,,"OVER $1,500","2022-03-21T14:32:00.000","UNABLE TO DETERMINE","UNABLE TO DETERMINE","4042","W","FOSTER AVE","1712",,,,,,,"2","NO INDICATION OF INJURY","0","0","0","0","0","3","0","14","2","3","41.975624112","-87.729844562","POINT (-87.72984456157 41.975624112446)"
"57689cea1e467d7b5bdff5aadb397547548257d90a1642c00bdfd675b604bab56ded3123a0e5c4adde1ff7736c31fbf14e5cf7cc94690ba54f1daa01ceaa58fb",,,"2022-03-21T14:00:00.000","35","NO CONTROLS","NO CONTROLS","CLEAR","DAYLIGHT","ANGLE","NOT DIVIDED",,"STRAIGHT AND LEVEL","DRY","NO DEFECTS","NOT ON SCENE (DESK REPORT)","NO INJURY / DRIVE AWAY",,,,"$501 - $1,500","2022-03-21T14:55:00.000","DRIVING SKILLS/KNOWLEDGE/EXPERIENCE","NOT APPLICABLE","4750","W","79TH ST","834",,,,,,,"2","NO INDICATION OF INJURY","0","0","0","0","0","2","0","14","2","3","41.749269959","-87.740971697","POINT (-87.740971697311 41.749269959164)"
"7ddfa1f9e2c6fd0351caef9d59be78569b354a9cbd7a9d70614b06208f74dcebc8c9eec5f28ff662c533a534fbec6f6bd9f10602f4ce18df886f7f585628b1f8",,,"2022-03-21T14:00:00.000","30","NO CONTROLS","NO CONTROLS","CLEAR","DAYLIGHT","PARKED MOTOR VEHICLE","DIVIDED - W/MEDIAN (NOT RAISED)",,"STRAIGHT AND LEVEL","DRY","UNKNOWN","NOT ON SCENE (DESK REPORT)","NO INJURY / DRIVE AWAY",,,,"$500 OR LESS","2022-03-21T16:00:00.000","UNABLE TO DETERMINE","NOT APPLICABLE","5615","N","WESTERN AVE","2012",,,,,,,"2","NO INDICATION OF INJURY","0","0","0","0","0","1","0","14","2","3","41.983655154","-87.689312785","POINT (-87.689312785077 41.983655154464)"
"8cb350f196bd5dcb116ba9cc2b8a5d7df2847a0548efa4030a3cfeb3967a2764c328ff3b0859575db6b12a9083b6b0804fc5638a543b29bf2a4d8f558a8da7f0",,"Y","2022-03-21T14:00:00.000","30","TRAFFIC SIGNAL","FUNCTIONING PROPERLY","CLEAR","DAYLIGHT","REAR END","NOT DIVIDED",,"STRAIGHT AND LEVEL","DRY","NO DEFECTS","ON SCENE","INJURY AND / OR TOW DUE TO CRASH","N",,,"OVER $1,500","2022-03-21T15:02:00.000","FAILING TO REDUCE SPEED TO AVOID CRASH","NOT APPLICABLE","557","E","47TH ST","223",,,,,,,"2","NONINCAPACITATING INJURY","2","0","0","1","1","2","0","14","2","3","41.809348091","-87.61167964","POINT (-87.611679639745 41.809348091406)"