"crash_record_id","rd_no","crash_date_est_i","crash_date","posted_speed_limit","traffic_control_device","device_condition","weather_condition","lighting_condition","first_crash_type","trafficway_type","lane_cnt","alignment","roadway_surface_cond","road_defect","report_type","crash_type","intersection_related_i","private_property_i","hit_and_run_i","damage","date_police_notified","prim_contributory_cause","sec_contributory_cause","street_no","street_direction","street_name","beat_of_occurrence","photos_taken_i","statements_taken_i","dooring_i","work_zone_i","work_zone_type","workers_present_i","num_units","most_severe_injury","injuries_total","injuries_fatal","injuries_incapacitating","injuries_non_incapacitating","injuries_reported_not_evident","injuries_no_indication","injuries_unknown","crash_hour","crash_day_of_week","crash_month","latitude","longitude","location"
"ad05093f8635b236e0798a98676e0aa41d90e9a9a8f846e688512bd9ad8869ca282b24cad9c7530811726cd945f8f04f91feae6ce17218256671aaa9061b4cab",,,"2022-03-21T14:00:00.000","30","NO CONTROLS","NO CONTROLS","UNKNOWN","UNKNOWN","REAR END","NOT DIVIDED",,"STRAIGHT AND LEVEL","UNKNOWN","UNKNOWN","NOT ON SCENE (DESK REPORT)","NO INJURY / DRIVE AWAY",,,"Y","OVER $1,500","2022-03-21T14:45:00.000","HAD BEEN DRINKING (USE WHEN ARREST IS NOT MADE)","NOT APPLICABLE","1744","W","79TH ST","611",,,,,,,"2","NO INDICATION OF INJURY","0","0","0","0","0","2","0","14","2","3","41.750410613","-87.667645831","POINT (-87.667645830544 41.750410612907)"
"0f0095071b014df7d39dcf045a6060401fe19a39e22555f2a7332e0d6fe095c350ab28c560d1e427e7e063ac8ec6760bfbc00462bbcbf0ed09e616aff9602d33",,,"2022-03-21T13:55:00.000","25","TRAFFIC SIGNAL","FUNCTIONING PROPERLY","UNKNOWN","UNKNOWN","ANGLE","NOT DIVIDED",,"STRAIGHT AND LEVEL","UNKNOWN","UNKNOWN","NOT ON SCENE (DESK REPORT)","NO INJURY / DRIVE AWAY",,,,"$501 - $1,500","2022-03-21T15:35:00.000","UNABLE TO DETERMINE","NOT APPLICABLE","4200","W","AUGUSTA BLVD","1111",,,,,,,"2","NO INDICATION OF INJURY","0","0","0","0","0","2","0","13","2","3","41.899045744","-87.731241837","POINT (-87.731241837079 41.899045744342)"
"cff3e80ed95338873b88b6e77e6da3c6d7c6e8826abf25283999ab6405d55f84bce12e6d24b4de9da169a25f91b341b720727ebae4f34cecdb092f03d76b54fe",,,"2022-03-21T13:51:00.000","45","TRAFFIC SIGNAL","FUNCTIONING PROPERLY","CLEAR","DAYLIGHT","REAR END","DIVIDED - W/MEDIAN BARRIER",,"STRAIGHT AND LEVEL","DRY","NO DEFECTS","ON SCENE","INJURY AND / OR TOW DUE TO CRASH",,,,"OVER $1,500","2022-03-21T13:56:00.000","PHYSICAL CONDITION OF DRIVER","PHYSICAL CONDITION OF DRIVER","5701","S","LAKE SHORE DR","331",,,,,,,"3","NONINCAPACITATING INJURY","2","0","0","2","0","1","0","13","2","3","41.791497853","-87.579873342","POINT (-87.579873341626 41.791497853446)"
"50bcc48a29751799103a062113084c71edba68c7b5ea4a4bdfa4176fb63ce382f525ecf3fbec5b09ecabe2e5efedaeee2500c3cf8fd77010ce7a8eea7f666936",,,"2022-03-21T13:47:00.000","25","NO CONTROLS","NO CONTROLS","CLEAR","DAYLIGHT","PARKED MOTOR VEHICLE","ONE-WAY",,"STRAIGHT AND LEVEL","DRY","NO DEFECTS","ON SCENE","NO INJURY / DRIVE AWAY",,,"Y","OVER $1,500","2022-03-21T13:50:00.000","NOT APPLICABLE","NOT APPLICABLE","1717","N","MC VICKER AVE","2513",,,,,,,"2","NO INDICATION OF INJURY","0","0","0","0","0","1","0","13","2","3","41.911613841","-87.776367609","POINT (-87.77636760856 41.911613841482)"
"44e96dc4868b9a189a415af1c4da25a6803d6ee616cb2d673da3819ffd36ec5e2329b72452d2bb0f1ec1c399552ee5dc247e953c8e327c1c1c0db85f26c86f09",,,"2022-03-21T13:45:00.000","30","NO CONTROLS","NO CONTROLS","CLEAR","DAYLIGHT","TURNING","NOT DIVIDED",,"STRAIGHT AND LEVEL","DRY","NO DEFECTS","ON SCENE","INJURY AND / OR TOW DUE TO CRASH","Y",,,"OVER $1,500","2022-03-21T13:55:00.000","IMPROPER TURNING/NO SIGNAL","NOT APPLICABLE","331","E","87TH ST","632",,,,,,,"2","NO INDICATION OF INJURY","0","0","0","0","0","3","0","13","2","3","41.736366803","-87.616387642","POINT (-87.616387642052 41.736366802852)"
"e8f174cd8b3f186a073e8bf1d0d68380ca4e81953c94e57a26dc957ef8df46144dd58ec630ff9357cd2253f729a238ba2de2e8babda5bdeaa6db5c541cf812c2",,,"2022-03-21T13:45:00.000","25","NO CONTROLS","NO CONTROLS","CLEAR","DAYLIGHT","TURNING","NOT DIVIDED",,"STRAIGHT AND LEVEL","DRY","NO DEFECTS","ON SCENE","INJURY AND / OR TOW DUE TO CRASH",,,,"OVER $1,500","2022-03-21T13:53:00.000","IMPROPER TURNING/NO SIGNAL","FOLLOWING TOO CLOSELY","851","W","GRAND AVE","1214",,,,,,,"2","NO INDICATION OF INJURY","0","0","0","0","0","2","0","13","2","3","41.891050251","-87.64971019","POINT (-87.64971019011 41.891050251273)"
"18a6f5989b8f6541d883ed381e3e95d652dd62a0f1816368a60b6d6916ecd171a8d4fcebbad1587c37862f157edb880b0c275e6d34eba9603b58841e4e9912bd",,,"2022-03-21T13:40:00.000","30","TRAFFIC SIGNAL","FUNCTIONING PROPERLY","CLEAR","DAYLIGHT","TURNING","NOT DIVIDED",,"STRAIGHT AND LEVEL","DRY","NO DEFECTS",,"NO INJURY / DRIVE AWAY",,,,"$501 - $1,500","2022-03-21T18:15:00.000","FAILING TO YIELD RIGHT-OF-WAY","FAILING TO YIELD RIGHT-OF-WAY","2100","S","WESTERN AVE","1023",,,,,,,"2","NO INDICATION OF INJURY","0","0","0","0","0","2","0","13","2","3","41.853828253","-87.685833965","POINT (-87.685833964746 41.853828252932)"
"9f019f96d6f915a6054c53f8dfa9b396eb204ae2fd0445cdace97036cabeb161fe27eeec443853169780798350b1f23fc87f17c5b9b4d88bdb9cafc230982631",,,"2022-03-21T13:38:00.000","30","NO CONTROLS","NO CONTROLS","CLEAR","DAYLIGHT","PARKED MOTOR VEHICLE","NOT DIVIDED",,"STRAIGHT AND LEVEL","DRY","UNKNOWN","NOT ON SCENE (DESK REPORT)","NO INJURY / DRIVE AWAY",,,,"OVER $1,500","2022-03-21T15:35:00.000","DRIVING SKILLS/KNOWLEDGE/EXPERIENCE","UNABLE TO DETERMINE","3151","W","DIVERSEY AVE","1411",,,,,,,"2","NO INDICATION OF INJURY","0","0","0","0","0","1","0","13","2","3","41.931917711","-87.707048203","POINT (-87.707048203396 41.931917711338)"
"9e16318367fc7b2106d2c266f953e1b1718ad64f5671cfcff8b612de9df0c3478d9c3ed739c7bf2089d07dec8cc5e4d44c252c0b4de2608bad9cb22e4fb95806",,,"2022-03-21T13:20:00.000","25","NO CONTROLS","NO CONTROLS","CLEAR","DAYLIGHT","TURNING","NOT DIVIDED",,"STRAIGHT AND LEVEL","DRY","UNKNOWN","ON SCENE","NO INJURY / DRIVE AWAY",,,,"OVER $1,500","2022-03-21T13:40:00.000","UNABLE TO DETERMINE","NOT APPLICABLE","1599","W","DIVERSEY PKWY","1932",,,,,,,"2","NO INDICATION OF INJURY","0","0","0","0","0","2","0","13","2","3","41.932294513","-87.668331498","POINT (-87.668331497545 41.932294512639)"
"706640333ad72bfdf252a1ce2c3f93bdde0f185aae85bbc74a559772d0c085de4a8d3d0378fa96acf9b8f4ba1fcff82eff463b445fdcf254d2a33b4466623707",,,"2022-03-21T13:15:00.000","30","NO CONTROLS","NO CONTROLS","CLEAR","DAYLIGHT","REAR TO SIDE","ONE-WAY",,"STRAIGHT AND LEVEL","DRY","NO DEFECTS","NOT ON SCENE (DESK REPORT)","NO INJURY / DRIVE AWAY",,,,"OVER $1,500","2022-03-21T14:10:00.000","IMPROPER BACKING","NOT APPLICABLE","4718","N","LINCOLN AVE","1911",,,,,,,"2","NO INDICATION OF INJURY","0","0","0","0","0","2","0","13","2","3","41.967004856","-87.687680334","POINT (-87.687680334277 41.967004855971)"
"d7a0fa8fad92d092c476ac500be056900bc84c463c3c9c5ffc72f2edd03445570d1b3ee8029472fc6490af54a674680d8c5790512c090a27e234dc5380ca7f5d",,,"2022-03-21T13:15:00.000","30","TRAFFIC SIGNAL","FUNCTIONING PROPERLY","CLEAR","DAYLIGHT","FIXED OBJECT","DIVIDED - W/MEDIAN (NOT RAISED)",,"STRAIGHT AND LEVEL","DRY","NO DEFECTS","ON SCENE","INJURY AND / OR TOW DUE TO CRASH",,,,"$501 - $1,500","2022-03-21T13:15:00.000","PHYSICAL CONDITION OF DRIVER","UNABLE TO DETERMINE","4415","W","MADISON ST","1113",,,,,,,"1","NONINCAPACITATING INJURY","1","0","0","1","0","0","0","13","2","3","41.88049325","-87.736128364","POINT (-87.736128364201 41.880493250058)"
"f4147e53d7f26b917eecbf73299187c13b5978a0c82bacfe2fb8a9c17ca064b095e0e1b5c839ef504ef6665177782d19aa6f42dc2a7ada892c2007324ef53466",,,"2022-03-21T13:15:00.000","10","NO CONTROLS","NO CONTROLS","CLEAR","DAYLIGHT","REAR END","DIVIDED - W/MEDIAN (NOT RAISED)",,"STRAIGHT AND LEVEL","DRY","UNKNOWN","NOT ON SCENE (DESK REPORT)","NO INJURY / DRIVE AWAY",,,,"$501 - $1,500","2022-03-21T13:53:00.000","UNABLE TO DETERMINE","UNABLE TO DETERMINE","5601","N","LINCOLN AVE","2011",,,,,,,"2","NO INDICATION OF INJURY","0","0","0","0","0","2","0","13","2","3","41.98324971","-87.695078038","POINT (-87.695078038334 41.983249709865)"
"84014791195597e6e7f6dbaf18b153de39e708b8958f83e60b3587bb08c3e76a1f28af3cb3ba58ee4b0902735c6b146039f74685bb5bee85375cdc0f3fce1867",,,"2022-03-21T13:00:00.000","30","TRAFFIC SIGNAL","FUNCTIONING PROPERLY","CLEAR","DAYLIGHT","SIDESWIPE SAME DIRECTION","NOT DIVIDED",,"STRAIGHT AND LEVEL","DRY","NO DEFECTS","NOT ON SCENE (DESK REPORT)","NO INJURY / DRIVE AWAY",,,,"OVER $1,500","2022-03-21T13:20:00.000","IMPROPER OVERTAKING/PASSING","IMPROPER OVERTAKING/PASSING","6300","S","HALSTED ST","723",,,,,,,"2","NO INDICATION OF INJURY","0","0","0","0","0","2","0","13","2","3","41.7796575","-87.644930993","POINT (-87.644930992789 41.779657500363)"
"9cdff916e212b74068af26b7d811b08417dd174611b5224ef55b5807f874361e793141d4ac1c5db85d41d0a0b10f299ab132642827f137582bf70e8538559487",,,"2022-03-21T13:00:00.000","30","NO CONTROLS","NO CONTROLS","CLEAR","DAYLIGHT","SIDESWIPE SAME DIRECTION","DIVIDED - W/MEDIAN (NOT RAISED)",,"STRAIGHT AND LEVEL","DRY","NO DEFECTS","NOT ON SCENE (DESK REPORT)","NO INJURY / DRIVE AWAY",,,"Y","OVER $1,500","2022-03-21T14:10:00.000","IMPROPER OVERTAKING/PASSING","UNABLE TO DETERMINE","9831","S","WESTERN AVE","2213",,,,,,,"2","NO INDICATION OF INJURY","0","0","0","0","0","2","0","13","2","3","41.714554471","-87.681720596","POINT (-87.681720596489 41.714554470687)"
"1c6c8e77bd6a30d79b1195875c0dffad398deef0efc08d6f1b41a98cf53ad9cc18e72bee98d069ef1c245ab30f9d831a60584c064e6909323565218c2797a2a2",,,"2022-03-21T12:50:00.000","25","NO CONTROLS","NO CONTROLS","CLEAR","DAYLIGHT","PARKED MOTOR VEHICLE","NOT DIVIDED",,"STRAIGHT AND LEVEL","DRY","NO DEFECTS","NOT ON SCENE (DESK REPORT)","NO INJURY / DRIVE AWAY",,,"Y","$500 OR LESS","2022-03-21T13:20:00.000","UNABLE TO DETERMINE","DRIVING SKILLS/KNOWLEDGE/EXPERIENCE","6758","N","SHERIDAN RD","2432",,,,,,,"2","NO INDICATION OF INJURY","0","0","0","0","0","1","0","12","2","3","42.00526912","-87.661031287","POINT (-87.661031287027 42.005269120451)"
"057a0e733c954b63d3b5014ccf7ba7bfb8d1aaffc79280836a58cf46cc79052a9a7b7b11ba95060df3ab1001f55b6a137484130cbc9f4f27ee89ae45bc57d36d",,,"2022-03-21T12:40:00.000","30","NO CONTROLS","NO CONTROLS","CLEAR","DAYLIGHT","PARKED MOTOR VEHICLE","PARKING LOT",,"STRAIGHT AND LEVEL","DRY","WORN SURFACE","ON SCENE","NO INJURY / DRIVE AWAY",,,"Y","$501 - $1,500","2022-03-21T13:10:00.000","UNABLE TO DETERMINE","NOT APPLICABLE","120","W","87TH ST","622",,,,,,,"2","NO INDICATION OF INJURY","0","0","0","0","0","1","0","12","2","3","41.736380202","-87.627699235","POINT (-87.627699234706 41.736380201841)"
"d896c9f5edaef486d0f175d79d692d930c8156935c702b030bdc0262a23e6bbab1d428d6e476491c2bdbd73c28253bdde9f0933e3f3cfdd78f45c05589e19b3c",,,"2022-03-21T12:40:00.000","5","NO CONTROLS","NO CONTROLS","CLEAR","DAYLIGHT","ANGLE","PARKING LOT",,"STRAIGHT AND LEVEL","DRY","NO DEFECTS","NOT ON SCENE (DESK REPORT)","NO INJURY / DRIVE AWAY",,,,"OVER $1,500","2022-03-21T13:26:00.000","DRIVING SKILLS/KNOWLEDGE/EXPERIENCE","FAILING TO YIELD RIGHT-OF-WAY","2357","W","FULLERTON AVE","1432",,,,,,,"2","NO INDICATION OF INJURY","0","0","0","0","0","2","0","12","2","3","41.924791907","-87.687521795","POINT (-87.687521795166 41.924791906639)"
"ef5713de31238016cce57e636ce68ff98479b811a2aae3023a4bc7bb63a678cc0e9f99c3620d4062520f0f1104a120e22f768262987bedb5bc3b1e46fde3a41d",,,"2022-03-21T12:40:00.000","30","TRAFFIC SIGNAL","FUNCTIONING PROPERLY","CLEAR","DAYLIGHT","REAR END","DIVIDED - W/MEDIAN (NOT RAISED)",,"STRAIGHT AND LEVEL","DRY","NO DEFECTS","ON SCENE","INJURY AND / OR TOW DUE TO CRASH","Y",,,"OVER $1,500","2022-03-21T12:43:00.000","FAILING TO REDUCE SPEED TO AVOID CRASH","DRIVING SKILLS/KNOWLEDGE/EXPERIENCE","200","W","107TH ST","512",,,,,,,"2","NO INDICATION OF INJURY","0","0","0","0","0","3","0","12","2","3","41.699922339","-87.628215747","POINT (-87.628215747197 41.699922339218)"
"29605573c80f693ebb3773a3b209127f60830b204f2b19c2e4d6034955de6cfe81aa760f62798efa6f27d2dd1097efd98082688da3bb94686dab31bc324da33d",,,"2022-03-21T12:35:00.000","30","OTHER","OTHER","CLEAR","DAYLIGHT","SIDESWIPE SAME DIRECTION","NOT DIVIDED",,"STRAIGHT AND LEVEL","DRY","NO DEFECTS","NOT ON SCENE (DESK REPORT)","NO INJURY / DRIVE AWAY",,,,"OVER $1,500","2022-03-21T14:15:00.000","IMPROPER OVERTAKING/PASSING","FAILING TO YIELD RIGHT-OF-WAY","853","W","ARMITAGE AVE","1813",,,,,,,"2","NO INDICATION OF INJURY","0","0","0","0","0","2","0","12","2","3","41.918037071","-87.650623358","POINT (-87.650623358314 41.918037070921)"
"7ee31526fcb590a574d9503b3fdfa810cd0963feeccdca32e0850340370a2f35a74f7d669c927660c603e722bde386bfb9fe1c8b1aadee61f7708060b1ce3efb",,,"2022-03-21T12:35:00.000","30","STOP SIGN/FLASHER","FUNCTIONING PROPERLY","CLEAR","DAYLIGHT","TURNING","T-INTERSECTION",,"STRAIGHT ON GRADE","DRY","NO DEFECTS","ON SCENE","INJURY AND / OR TOW DUE TO CRASH","Y",,,"OVER $1,500","2022-03-21T12:42:00.000","FAILING TO REDUCE SPEED TO AVOID CRASH","FAILING TO YIELD RIGHT-OF-WAY","10754","S","WESTERN AVE","2212",,,,,,,"2","NONINCAPACITATING INJURY","1","0","0","1","0","1","0","12","2","3","41.69741799","-87.681479469","POINT (-87.681479468883 41.697417990312)"
"e4d8934d039ce03280d553a613f84045a127f17250ac763e4918dd41681c29c811a1f912f3c49e2302896da0f99cc940a5016489ecdec3f5c7c22ae80b066b25",,,"2022-03-21T12:30:00.000","30","NO CONTROLS","NO CONTROLS","CLEAR","DAYLIGHT","REAR TO FRONT","NOT DIVIDED",,"STRAIGHT AND LEVEL","DRY","UNKNOWN","NOT ON SCENE (DESK REPORT)","NO INJURY / DRIVE AWAY",,,,"$501 - $1,500","2022-03-21T13:55:00.000","IMPROPER BACKING","IMPROPER BACKING","3200","W","27TH ST","1032",,,,,,,"2","NO INDICATION OF INJURY","0","0","0","0","0","2","0","12","2","3","41.842805398","-87.705048298","POINT (-87.705048297815 41.842805398006)"
"021996b50df739f3e6cc62d5c0fe896475e0aa9d0d444f099dd352a45c45c4c7114f69394a0f94f10bd148e734448f16bd0737eb06ded364d9aeca3bb381054b",,"Y","2022-03-21T12:15:00.000","15","NO CONTROLS","NO CONTROLS","UNKNOWN","UNKNOWN","PARKED MOTOR VEHICLE","PARKING LOT",,"STRAIGHT AND LEVEL","UNKNOWN","UNKNOWN","NOT ON SCENE (DESK REPORT)","NO INJURY / DRIVE AWAY",,,"Y","OVER $1,500","2022-03-21T18:00:00.000","UNABLE TO DETERMINE","UNABLE TO DETERMINE","3924","S","ARCHER AVE","921",,,,,,,"2","NO INDICATION OF INJURY","0","0","0","0","0","1","0","12","2","3","41.822408641","-87.690911924","POINT (-87.690911923859 41.822408640659)"
"b1e0dde0f8a98cf787ce58d1a3e56815ec402fa4f4a1856d99e7149694589933e20b0decbcc5ce435670e9e9ab964eafc8e2d9cc4fa984e0425732bb69f0cb7d",,,"2022-03-21T12:15:00.000","30","NO CONTROLS","NO CONTROLS","CLEAR","DAYLIGHT","PARKED MOTOR VEHICLE","OTHER",,"STRAIGHT AND LEVEL","DRY","NO DEFECTS","ON SCENE","INJURY AND / OR TOW DUE TO CRASH",,,,"OVER $1,500","2022-03-21T12:25:00.000","UNABLE TO DETERMINE","UNABLE TO DETERMINE","2853","W","DIVERSEY AVE","1411",,,,,,,"2","NO INDICATION OF INJURY","0","0","0","0","0","1","0","12","2","3","41.931971514","-87.69977387","POINT (-87.699773870038 41.931971514128)"
"682a16789a9546934a092d686f6b1824bbc0accdf075e2415c867898889de8d645f2778cc9b5be1fc7817327dd5604e58590d943a26c9c5cfe7c44a3e6e59226",,,"2022-03-21T12:00:00.000","30","NO CONTROLS","UNKNOWN","CLEAR","DAYLIGHT","PARKED MOTOR VEHICLE","NOT DIVIDED",,"STRAIGHT AND LEVEL","UNKNOWN","UNKNOWN","NOT ON SCENE (DESK REPORT)","NO INJURY / DRIVE AWAY",,,"Y","OVER $1,500","2022-03-22T18:15:00.000","UNABLE TO DETERMINE","UNABLE TO DETERMINE","6710","N","OLIPHANT AVE","1611",,,,,,,"2","NO INDICATION OF INJURY","0","0","0","0","0","1","0","12","2","3","42.003110931","-87.815964893","POINT (-87.815964892923 42.003110930911)"
"dbec6835c1d5c47d74f06998b07c5370b5ab88d1b8026a7dd7ef09db5f303cce9380a995258b7274ff246de74a16af00f9efd3bd00a5efb1ae717125b32d0d6a",,,"2022-03-21T12:00:00.000","30","NO CONTROLS","NO CONTROLS","CLEAR","DAYLIGHT","SIDESWIPE SAME DIRECTION","NOT DIVIDED",,"STRAIGHT AND LEVEL","DRY","NO DEFECTS","ON SCENE","NO INJURY / DRIVE AWAY",,,"Y","OVER $1,500","2022-03-21T18:34:00.000","IMPROPER OVERTAKING/PASSING","DRIVING SKILLS/KNOWLEDGE/EXPERIENCE","2312","W","FULLERTON AVE","1432",,,,,,,"2","NO INDICATION OF INJURY","0","0","0","0","0","2","0","12","2","3","41.925033577","-87.685757912","POINT (-87.685757912183 41.9250335767)"
"7fa1b573ed770211007750ca846b55efc7fbfd2ddfa03460e21b44721a930c41d8f4a06d41270a0994fba407aaf827621c61b9b066eeddf67a211b11c54f002f",,,"2022-03-21T11:59:00.000","30","TRAFFIC SIGNAL","FUNCTIONING PROPERLY","CLEAR","DAYLIGHT","TURNING","FOUR WAY",,"STRAIGHT AND LEVEL","DRY","NO DEFECTS","ON SCENE","INJURY AND / OR TOW DUE TO CRASH","Y",,,"OVER $1,500","2022-03-21T12:00:00.000","IMPROPER OVERTAKING/PASSING","DRIVING SKILLS/KNOWLEDGE/EXPERIENCE","3630","S","CALIFORNIA AVE","911",,,,,,,"2","NONINCAPACITATING INJURY","2","0","0","2","0","0","0","11","2","3","41.827383537","-87.694888215","POINT (-87.694888215483 41.827383537174)"
"9fd22bb5c1bf81158c16c5c1c3a0b69b423ca5e4a72ed04ed697dd2a87da9c6769829575c76c4a4980a6337accc2c19f2d27428192aa64937c183c794dc8f29d",,,"2022-03-21T11:50:00.000","30","NO CONTROLS","NO CONTROLS","CLEAR","DAYLIGHT","PARKED MOTOR VEHICLE","PARKING LOT",,"STRAIGHT AND LEVEL","DRY","NO DEFECTS","NOT ON SCENE (DESK REPORT)","NO INJURY / DRIVE AWAY",,"Y","Y","OVER $1,500","2022-03-21T14:00:00.000","IMPROPER OVERTAKING/PASSING","NOT APPLICABLE","2270","N","CLYBOURN AVE","1811",,,,,,,"2","NO INDICATION OF INJURY","0","0","0","0","0","1","0","11","2","3","41.923077526","-87.666649304","POINT (-87.666649304247 41.923077525582)"
"aeff3f33277b97038e8a53a4084f3f8bc6e470b49e4f2eec09a12b030e934a957c6f65342d8780f04a8ae17c1a8cbf15a475f1f2bdbd1db7db0f2bbfb153d7f7",,,"2022-03-21T11:20:00.000","20","NO CONTROLS","NO CONTROLS","CLEAR","DAYLIGHT","REAR END","PARKING LOT",,"STRAIGHT AND LEVEL","DRY","NO DEFECTS","NOT ON SCENE (DESK REPORT)","NO INJURY / DRIVE AWAY",,,,"OVER $1,500","2022-03-22T15:00:00.000","OPERATING VEHICLE IN ERRATIC, RECKLESS, CARELESS, NEGLIGENT OR AGGRESSIVE MANNER","NOT APPLICABLE","501","W","ROOSEVELT RD","124",,,,,,,"2","NO INDICATION OF INJURY","0","0","0","0","0","2","0","11","2","3","41.86714316","-87.639293174","POINT (-87.639293174131 41.867143159823)"
"6ea5aa7fbbe5699429091de2eec282b2953f681708a64b9598248ddceabac3d3bf2ea0e3697eaae6bc8a7a499370aff3247594e965b5349c90e3bd21341c67ba",,,"2022-03-21T11:09:00.000","30","TRAFFIC SIGNAL","FUNCTIONING PROPERLY","CLEAR","DAYLIGHT","PEDESTRIAN","FOUR WAY",,"STRAIGHT AND LEVEL","DRY","NO DEFECTS",,"INJURY AND / OR TOW DUE TO CRASH","Y",,"Y","OVER $1,500","2022-03-21T11:24:00.000","FAILING TO YIELD RIGHT-OF-WAY","UNABLE TO DETERMINE","200","W","OHIO ST","1831",,,,,,,"2","NONINCAPACITATING INJURY","1","0","0","1","0","1","0","11","2","3","41.892497422","-87.634166225","POINT (-87.634166225396 41.89249742233)"
"2080bfb2f963144d83e5df8a6ba1f4a0a5149ff18cba35850ca4945135148a2fc6ba8c87d2b6949856f120dbb72913170dee8d8bf9c21befac51e26fbddc4542",,,"2022-03-21T11:00:00.000","30","NO CONTROLS","NO CONTROLS","CLEAR","DAYLIGHT","FIXED OBJECT","NOT DIVIDED",,"STRAIGHT AND LEVEL","DRY","NO DEFECTS","ON SCENE","NO INJURY / DRIVE AWAY","N",,,"OVER $1,500","2022-03-21T15:36:00.000","UNABLE TO DETERMINE","UNABLE TO DETERMINE","1100","W","HOLLYWOOD AVE","2022","N",,,,,,"1","NO INDICATION OF INJURY","0","0","0","0","0","1","0","11","2","3","41.985591461","-87.658178319","POINT (-87.658178319023 41.985591460501)"
"2deb9b4b81a6165450b7352e0b9d888c1b651400500e875cdd9419ca2b3e92ad36aae95f19b23956018c9fb5c7c4711757a58bcb94662144c6c40a3e7ed773d2",,,"2022-03-21T11:00:00.000","30","NO CONTROLS","NO CONTROLS","CLEAR","DAYLIGHT","SIDESWIPE SAME DIRECTION","NOT DIVIDED",,"STRAIGHT AND LEVEL","DRY","NO DEFECTS","ON SCENE","NO INJURY / DRIVE AWAY",,,,"OVER $1,500","2022-03-21T11:10:00.000","DRIVING SKILLS/KNOWLEDGE/EXPERIENCE","UNABLE TO DETERMINE","4230","S","RACINE AVE","924",,,,,,,"2","NO INDICATION OF INJURY","0","0","0","0","0","2","0","11","2","3","41.81644993","-87.655493047","POINT (-87.655493046772 41.816449930121)"
"3ca96295114a15f4457f41a2cd74b2d44912aeb5807b56bba34f3f255628a189a1c14c06022dd60f98c677f4d4d83d97bc2ae0e8cfb87841759190d245adcf99",,,"2022-03-21T11:00:00.000","35","NO CONTROLS","NO CONTROLS","CLEAR","DAYLIGHT","SIDESWIPE SAME DIRECTION","ONE-WAY",,"STRAIGHT AND LEVEL","DRY","NO DEFECTS","NOT ON SCENE (DESK REPORT)","NO INJURY / DRIVE AWAY",,,,"OVER $1,500","2022-03-21T18:09:00.000","IMPROPER OVERTAKING/PASSING","IMPROPER OVERTAKING/PASSING","177","W","LAKE ST","122",,,,,,,"2","NO INDICATION OF INJURY","0","0","0","0","0","2","0","11","2","3","41.885621787","-87.633243132","POINT (-87.633243131937 41.885621787147)"
"9250e4c7082d3adaf2aa0e743fdfe0de05ba9337d2e7a0e5075ccb38a6b1679fca6678c2780a26a674fb6e0c0ce5bf74b25d4f980adca2caa2b45d218e3080cf",,,"2022-03-21T11:00:00.000","30","UNKNOWN","UNKNOWN","UNKNOWN","UNKNOWN","SIDESWIPE SAME DIRECTION","DIVIDED - W/MEDIAN BARRIER",,"STRAIGHT AND LEVEL","UNKNOWN","UNKNOWN","NOT ON SCENE (DESK REPORT)","NO INJURY / DRIVE AWAY",,,,"OVER $1,500","2022-03-21T12:05:00.000","UNABLE TO DETERMINE","UNABLE TO DETERMINE","1920","N","KEDZIE AVE","1421",,,,,,,"2","NO INDICATION OF INJURY","0","0","0","0","0","3","0","11","2","3","41.916215134","-87.707080264","POINT (-87.707080263969 41.916215134484)"
"c1f3b615afa37c0aa5bc899d414c2d3d5234ba7d789340ebc58a84eaed6309c8ec070cb2c6c2f897e56d841454c1b5cd765435a62f5b5268d2df2997cf12c610",,,"2022-03-21T11:00:00.000","30","NO CONTROLS","NO CONTROLS","CLEAR","DAYLIGHT","PARKED MOTOR VEHICLE","NOT DIVIDED",,"STRAIGHT AND LEVEL","DRY","NO DEFECTS","NOT ON SCENE (DESK REPORT)","NO INJURY / DRIVE AWAY",,,"Y","OVER $1,500","2022-03-21T11:40:00.000","IMPROPER LANE USAGE","IMPROPER LANE USAGE","5026","S","ASHLAND AVE","931",,,,,,,"2","NO INDICATION OF INJURY","0","0","0","0","0","1","0","11","2","3","41.802311692","-87.664946264","POINT (-87.664946263687 41.802311692463)"
"d6fc7a7494a699a5702bbd6111e5a85e608bf6f1e862115053981e24dd8b11cc71ec0486a71a1b554de8b1fb85bfec427a6b4441de9b2d9a9805eee39a567889",,,"2022-03-21T11:00:00.000","10","NO CONTROLS","NO CONTROLS","CLEAR","DAYLIGHT","PARKED MOTOR VEHICLE","PARKING LOT",,"STRAIGHT AND LEVEL","DRY","UNKNOWN","NOT ON SCENE (DESK REPORT)","NO INJURY / DRIVE AWAY",,,"Y","$501 - $1,500","2022-03-22T14:28:00.000","UNABLE TO DETERMINE","UNABLE TO DETERMINE","2550","W","BRYN MAWR AVE","2011",,,,,,,"2","NO INDICATION OF INJURY","0","0","0","0","0","1","0","11","2","3","41.983257485","-87.693989932","POINT (-87.693989931789 41.983257485323)"