"crash_record_id","rd_no","crash_date_est_i","crash_date","posted_speed_limit","traffic_control_device","device_condition","weather_condition","lighting_condition","first_crash_type","trafficway_type","lane_cnt","alignment","roadway_surface_cond","road_defect","report_type","crash_type","intersection_related_i","private_property_i","hit_and_run_i","damage","date_police_notified","prim_contributory_cause","sec_contributory_cause","street_no","street_direction","street_name","beat_of_occurrence","photos_taken_i","statements_taken_i","dooring_i","work_zone_i","work_zone_type","workers_present_i","num_units","most_severe_injury","injuries_total","injuries_fatal","injuries_incapacitating","injuries_non_incapacitating","injuries_reported_not_evident","injuries_no_indication","injuries_unknown","crash_hour","crash_day_of_week","crash_month","latitude","longitude","location"
"e911f4d72af6756871859abf9fc6167dacd721ea8ec825bf38a79399229ce09dbe2f0786e440e16fc6a70ce874fb07e90a7882711ce183a0879a776688c1e823",,,"2022-03-21T11:00:00.000","30","NO CONTROLS","NO CONTROLS","CLEAR","DAYLIGHT","PARKED MOTOR VEHICLE","NOT DIVIDED",,"STRAIGHT AND LEVEL","DRY","UNKNOWN","ON SCENE","NO INJURY / DRIVE AWAY",,,,"OVER $1,500","2022-03-21T11:00:00.000","UNABLE TO DETERMINE","UNABLE TO DETERMINE","5400","W","52ND ST","814",,,,,,,"2","NO INDICATION OF INJURY","0","0","0","0","0","1","0","11","2","3","41.798407049","-87.757633728","POINT (-87.757633728471 41.798407048858)"
"19e27367030e64db820f997b4ab5276e2a042ca382d883e0587117729325866e5d028fa14a8d9e1540d8b75b65ac27c14885ad151276141ccd3be23639f0da6c",,,"2022-03-21T10:30:00.000","30","NO CONTROLS","NO CONTROLS","CLEAR","DAYLIGHT","SIDESWIPE SAME DIRECTION","DIVIDED - W/MEDIAN (NOT RAISED)",,"STRAIGHT AND LEVEL","DRY","NO DEFECTS","ON SCENE","NO INJURY / DRIVE AWAY",,,,"OVER $1,500","2022-03-21T10:34:00.000","UNABLE TO DETERMINE","UNABLE TO DETERMINE","4810","W","LAWRENCE AVE","1623",,,,,,,"2","NO INDICATION OF INJURY","0","0","0","0","0","2","0","10","2","3","41.968129116","-87.748396435","POINT (-87.7483964355 41.968129116325)"
"a1882dde4467f4e1fb3867d7364c0b5deeb5e9c04ee80d24b82ffcbe5801c728a3b429fbe8a1b1ca3dcf0b48209ac1ad38b7212edb69f2ed082f8d0b4afc2ca5",,,"2022-03-21T10:30:00.000","15","UNKNOWN","NO CONTROLS","CLEAR","DAYLIGHT","PARKED MOTOR VEHICLE","ONE-WAY",,"STRAIGHT AND LEVEL","DRY","UNKNOWN","ON SCENE","NO INJURY / DRIVE AWAY","N",,,"OVER $1,500","2022-03-21T10:37:00.000","FOLLOWING TOO CLOSELY","FOLLOWING TOO CLOSELY","4950","W","FERDINAND ST","1532",,"Y",,,,,"2","NO INDICATION OF INJURY","0","0","0","0","0","1","0","10","2","3","41.889636304","-87.750084365","POINT (-87.750084365176 41.889636304086)"
"f99afea392b9ab3b57673ee15581a8a6179720be5df6472729574433b631f4f3a36b208beeaae8d3a577310091d02ecde364fcd8cf7b5d9194fd0768812f54f5",,,"2022-03-21T10:30:00.000","20","STOP SIGN/FLASHER","NO CONTROLS","CLEAR","DAYLIGHT","PARKED MOTOR VEHICLE","ONE-WAY",,"STRAIGHT AND LEVEL","DRY","NO DEFECTS","NOT ON SCENE (DESK REPORT)","NO INJURY / DRIVE AWAY",,,"Y","OVER $1,500","2022-03-21T12:00:00.000","UNABLE TO DETERMINE","UNABLE TO DETERMINE","7000","S","MICHIGAN AVE","322",,,,,,,"2","NO INDICATION OF INJURY","0","0","0","0","0","1","0","10","2","3","41.767305676","-87.62188605","POINT (-87.621886050367 41.767305676266)"
"f07d33ce02713695e34a29dc95f868538e90422e76132768f129f99f9eb1217842b2153c13063cd7ce62905a9fbfa610d88f652c59ee8b09aa89100718e68592",,,"2022-03-21T10:15:00.000","30","NO CONTROLS","NO CONTROLS","CLEAR","DAYLIGHT","REAR TO FRONT","PARKING LOT",,"STRAIGHT AND LEVEL","UNKNOWN","UNKNOWN","NOT ON SCENE (DESK REPORT)","INJURY AND / OR TOW DUE TO CRASH",,,"Y","$501 - $1,500","2022-03-21T13:39:00.000","IMPROPER BACKING","IMPROPER BACKING","5210","S","CICERO AVE","814",,,,,,,"2","REPORTED, NOT EVIDENT","1","0","0","0","1","2","0","10","2","3","41.798309978","-87.743062233","POINT (-87.743062232619 41.79830997844)"
"1242ba3cc4132f9d8fa208a7211e45d8b2d1948194d127e3f9045a68da1804448684d9aeda4fdfe80a633b6cd830b567d8ca8d46839ba471f44d393cec0f2b69",,,"2022-03-21T10:05:00.000","30","TRAFFIC SIGNAL","FUNCTIONING PROPERLY","CLEAR","DAYLIGHT","SIDESWIPE SAME DIRECTION","FOUR WAY",,"STRAIGHT AND LEVEL","DRY","NO DEFECTS","ON SCENE","NO INJURY / DRIVE AWAY","Y",,"Y","$500 OR LESS","2022-03-21T10:05:00.000","UNABLE TO DETERMINE","NOT APPLICABLE","1200","W","47TH ST","924",,,,,,,"2","NO INDICATION OF INJURY","0","0","0","0","0","8","0","10","2","3","41.808842938","-87.655304595","POINT (-87.655304594554 41.808842938485)"
"07dfe15f5e1182123a219b15d2c3a5b9cc30f6e9d7350ebfc25d5057c990666bb163b8b5d503b76a47f28eed743ac4f0baafdae3d060fc088f61af59276b8ed8",,,"2022-03-21T10:00:00.000","30","NO CONTROLS","NO CONTROLS","CLEAR","DAYLIGHT","PARKED MOTOR VEHICLE","NOT DIVIDED",,"STRAIGHT AND LEVEL","UNKNOWN","UNKNOWN","NOT ON SCENE (DESK REPORT)","NO INJURY / DRIVE AWAY",,,"Y","OVER $1,500","2022-03-22T11:00:00.000","UNABLE TO DETERMINE","UNABLE TO DETERMINE","6950","S","VINCENNES AVE","731",,,,,,,"2","NO INDICATION OF INJURY","0","0","0","0","0","1","0","10","2","3","41.767661046","-87.627100822","POINT (-87.627100822462 41.767661046046)"
"1cb9a0c5aa81871c15a835d08e9d64e7cefde6fb457638981337be94b086e826164ed6e9bcdc4f6a2cb6322210999e36974be9517fa1a62e7589858a6bc5f773",,,"2022-03-21T09:45:00.000","35","TRAFFIC SIGNAL","FUNCTIONING PROPERLY","CLEAR","DAYLIGHT","REAR END","NOT DIVIDED",,"STRAIGHT AND LEVEL","DRY","NO DEFECTS","NOT ON SCENE (DESK REPORT)","NO INJURY / DRIVE AWAY",,,,"OVER $1,500","2022-03-21T10:00:00.000","UNABLE TO DETERMINE","UNABLE TO DETERMINE","2959","W","OGDEN AVE","1022",,,,,,,"2","NO INDICATION OF INJURY","0","0","0","0","0","3","0","9","2","3","41.859481885","-87.70060271","POINT (-87.700602709946 41.859481884984)"
"819a813eb13e62a4f1367c703401f1138b836f700fb5fb2e8062531b32c61c4aea4c90d7b29c9bb8f21ecfaaa445a5f6f32647a0b94fed842018190da9bbfd6e",,,"2022-03-21T09:45:00.000","30","NO CONTROLS","NO CONTROLS","CLEAR","DAYLIGHT","SIDESWIPE SAME DIRECTION","DIVIDED - W/MEDIAN BARRIER",,"STRAIGHT AND LEVEL","DRY","NO DEFECTS","ON SCENE","NO INJURY / DRIVE AWAY",,,,"OVER $1,500","2022-03-21T10:15:00.000","UNABLE TO DETERMINE","UNABLE TO DETERMINE","5410","S","ASHLAND AVE","932",,,,,,,"2","NO INDICATION OF INJURY","0","0","0","0","0","2","0","9","2","3","41.795474059","-87.664771154","POINT (-87.664771153786 41.795474058704)"
"d1d24d63d7a03c8c097d563dfec1cc1b0fe4e31016f956fbc782b2143a733e6effe82e8406fcf034600357cf96b0dbe8a2be87b775bb40bb86d5a61744fb17bf",,,"2022-03-21T09:45:00.000","30","NO CONTROLS","NO CONTROLS","CLEAR","DAYLIGHT","PARKED MOTOR VEHICLE","OTHER",,"STRAIGHT AND LEVEL","DRY","NO DEFECTS","NOT ON SCENE (DESK REPORT)","NO INJURY / DRIVE AWAY",,"Y",,"OVER $1,500","2022-03-21T10:25:00.000","IMPROPER BACKING","NOT APPLICABLE","631","N","LA SALLE DR","1832",,,,,,,"2","NO INDICATION OF INJURY","0","0","0","0","0","1","0","9","2","3","41.893251198","-87.632493012","POINT (-87.632493012229 41.893251198465)"
"c6ad68950463fe14d8ebb6000a33c787e385838a7f5a386267b8c26efc2bc9abf6b0e48763349002bc73ccc50dfbfe36d9cc7f07b71ec1a1e97283bad5506808",,,"2022-03-21T09:35:00.000","5","NO CONTROLS","NO CONTROLS","CLEAR","DAYLIGHT","ANGLE","PARKING LOT",,"CURVE ON GRADE","DRY","NO DEFECTS","ON SCENE","NO INJURY / DRIVE AWAY",,,,"OVER $1,500","2022-03-21T10:25:00.000","UNABLE TO DETERMINE","NOT APPLICABLE","1101","S","HAMILTON AVE","1225",,,,,,,"2","NO INDICATION OF INJURY","0","0","0","0","0","2","0","9","2","3","41.86781446","-87.680159745","POINT (-87.680159745109 41.867814459985)"
"cd2303d9cb3a813dc68903b4b001f6020cb7a5c2367994bc0b09ffb3b67a5638a17642012b7a24f2f859fe6efd4da7503088f8f7ac8267361d0b0b27c49200cd",,,"2022-03-21T09:30:00.000","30","STOP SIGN/FLASHER","FUNCTIONING PROPERLY","CLEAR","DAYLIGHT","REAR END","ONE-WAY",,"STRAIGHT AND LEVEL","DRY","UNKNOWN","NOT ON SCENE (DESK REPORT)","NO INJURY / DRIVE AWAY",,,,"OVER $1,500","2022-03-21T10:20:00.000","FOLLOWING TOO CLOSELY","FOLLOWING TOO CLOSELY","1601","N","WASHTENAW AVE","1421",,,,,,,"2","NO INDICATION OF INJURY","0","0","0","0","0","2","0","9","2","3","41.910335789","-87.694396395","POINT (-87.694396394517 41.910335788691)"
"a796bbce89786b7060dd68565eaa3f6ebf5d052980042b210449f31f864d2279041dc75bbaca30b4c7974ba9f4485c6d51cdf2db546cb58dd647f748aa17e68f",,,"2022-03-21T09:20:00.000","35","TRAFFIC SIGNAL","FUNCTIONING PROPERLY","CLEAR","DAYLIGHT","TURNING","FOUR WAY",,"STRAIGHT AND LEVEL","DRY","NO DEFECTS","NOT ON SCENE (DESK REPORT)","INJURY AND / OR TOW DUE TO CRASH","Y",,,"OVER $1,500","2022-03-21T09:20:00.000","DISREGARDING TRAFFIC SIGNALS","UNABLE TO DETERMINE","4900","N","WESTERN AVE","2031",,"Y",,,,,"2","NO INDICATION OF INJURY","0","0","0","0","0","2","0","9","2","3","41.970501475","-87.689115784","POINT (-87.689115784038 41.970501474594)"
"f3bf11e3b3fa4cbb82751a3f87cffc03a3625f31a40f59f78551403a0d2b5ecbd0c951bfe9075be804bd3cf424aa3f0402bee913b55368ae5cde5fd640fc2a60",,,"2022-03-21T09:14:00.000","35","NO CONTROLS","NO CONTROLS","CLEAR","DAYLIGHT","TURNING","OTHER",,"STRAIGHT AND LEVEL","DRY","NO DEFECTS","ON SCENE","INJURY AND / OR TOW DUE TO CRASH","Y",,"Y","OVER $1,500","2022-03-21T09:14:00.000","UNABLE TO DETERMINE","UNABLE TO DETERMINE","631","W","63RD ST","723",,,,,,,"2","NO INDICATION OF INJURY","0","0","0","0","0","4","0","9","2","3","41.77969932","-87.641004587","POINT (-87.641004586766 41.779699320407)"
"4c9f0a40a02c70a313bd4383fcb0c77246c24c500a5762745a748e2cf866a19a54c8db1735b69f4d074fa1c873b9fdb82aa4582afb0c81eacb21b5604ef4e640",,,"2022-03-21T09:10:00.000","30","POLICE/FLAGMAN","FUNCTIONING PROPERLY","CLEAR","DAYLIGHT","REAR END","NOT DIVIDED",,"STRAIGHT AND LEVEL","DRY","NO DEFECTS","NOT ON SCENE (DESK REPORT)","NO INJURY / DRIVE AWAY",,,,"$501 - $1,500","2022-03-21T10:15:00.000","UNABLE TO DETERMINE","UNABLE TO DETERMINE","7210","S","JEFFERY BLVD","333",,,,,,,"2","NO INDICATION OF INJURY","0","0","0","0","0","2","0","9","2","3","41.763973348","-87.576400406","POINT (-87.576400405526 41.763973347901)"
"faad890130fe93685b3cce454bd6a1d2f8d7a234da5cb6265d9411e614f8587b8a10689bdb5d170235e443c561a9c045d882fb134113969390cee468d8c64ab4",,,"2022-03-21T09:10:00.000","30","TRAFFIC SIGNAL","FUNCTIONING PROPERLY","CLEAR","DAYLIGHT","SIDESWIPE SAME DIRECTION","NOT DIVIDED",,"STRAIGHT AND LEVEL","DRY","NO DEFECTS","ON SCENE","NO INJURY / DRIVE AWAY","Y",,,"$501 - $1,500","2022-03-21T09:15:00.000","UNABLE TO DETERMINE","UNABLE TO DETERMINE","4400","S","KEDZIE AVE","821",,,,,,,"2","NO INDICATION OF INJURY","0","0","0","0","0","2","0","9","2","3","41.813484035","-87.704333107","POINT (-87.704333106694 41.813484035263)"
"7e10eed41427e73c183126e9bf8ad75ff3dd3dee029dd3232d64cbea362d499b48724ca223b5e4e67fe0d51b9dbb52b81f23b672ef9dde4d62286c3c26b69028",,,"2022-03-21T09:09:00.000","30","NO CONTROLS","NO CONTROLS","CLEAR","DAYLIGHT","TURNING","ONE-WAY",,"STRAIGHT AND LEVEL","DRY","NO DEFECTS","ON SCENE","INJURY AND / OR TOW DUE TO CRASH","Y","Y",,"OVER $1,500","2022-03-21T09:09:00.000","UNABLE TO DETERMINE","UNABLE TO DETERMINE","520","N","LOWER MICHIGAN AVE","1834",,,,,,,"2","NO INDICATION OF INJURY","0","0","0","0","0","4","0","9","2","3","41.89168731","-87.624339841","POINT (-87.624339841024 41.891687309559)"
"5c7ff3ba44db599d2a7405299173e7b828377ae3be5d58d3b7a2a0c789b43d9d03e7c88b4c36af966636c4bd9218b5db694e13aaca3259a7440ee3bc4f196deb",,,"2022-03-21T09:00:00.000","45","NO CONTROLS","NO CONTROLS","CLEAR","DAYLIGHT","REAR END","DIVIDED - W/MEDIAN (NOT RAISED)",,"STRAIGHT AND LEVEL","DRY","NO DEFECTS","NOT ON SCENE (DESK REPORT)","NO INJURY / DRIVE AWAY",,,,"OVER $1,500","2022-03-21T09:50:00.000","FOLLOWING TOO CLOSELY","NOT APPLICABLE","1405","S","LAKE SHORE DR E","132",,,,,,,"2","NO INDICATION OF INJURY","0","0","0","0","0","2","0","9","2","3","41.864045454","-87.618636269","POINT (-87.618636269158 41.864045453873)"
"2bb25df49f5e057df8c60bea56c82ed179a6fba3c8c7097c214870eb641d28e7f332413161c6023fac94689883f76aef43e83a3b76bba046711535b3112f95b1",,,"2022-03-21T08:50:00.000","25","NO CONTROLS","NO CONTROLS","CLEAR","DAYLIGHT","PARKED MOTOR VEHICLE","NOT DIVIDED",,"STRAIGHT AND LEVEL","DRY","NO DEFECTS",,"NO INJURY / DRIVE AWAY",,,,"$501 - $1,500","2022-03-21T09:49:00.000","UNABLE TO DETERMINE","UNABLE TO DETERMINE","2650","S","CALIFORNIA BLVD","1034",,,,,,,"2","NO INDICATION OF INJURY","0","0","0","0","0","1","0","8","2","3","41.843238354","-87.694764544","POINT (-87.69476454437 41.84323835355)"
"7ad9eed1523374188474f679368ebbf627c2df25b9a3a43e79f6cc05e244edcfae04c65e001160cef5f8d909740da49b8063c30689f2cdb36abfd76c080be336",,,"2022-03-21T08:50:00.000","20","NO CONTROLS","NO CONTROLS","CLEAR","UNKNOWN","PARKED MOTOR VEHICLE","OTHER",,"STRAIGHT AND LEVEL","DRY","NO DEFECTS","ON SCENE","NO INJURY / DRIVE AWAY",,,,"$501 - $1,500","2022-03-21T08:58:00.000","UNABLE TO DETERMINE","UNABLE TO DETERMINE","2404","S","WOLCOTT AVE","1034",,,,,,,"2","NO INDICATION OF INJURY","0","0","0","0","0","2","0","8","2","3","41.848324655","-87.673434157","POINT (-87.673434156694 41.848324655385)"
"e1bdd2f4e809dfecd3b24db5cc7e43998a3f2aecadfd7ac0c0d509da4ca35d1817093312e900873c01d3f3380875d43c3f6dbd11feb82164dfe19746fc359e48",,,"2022-03-21T08:50:00.000","25","NO CONTROLS","NO CONTROLS","CLEAR","DAYLIGHT","PEDESTRIAN","NOT DIVIDED",,"STRAIGHT AND LEVEL","DRY","NO DEFECTS","ON SCENE","INJURY AND / OR TOW DUE TO CRASH","Y",,"Y","$500 OR LESS","2022-03-21T08:50:00.000","FAILING TO YIELD RIGHT-OF-WAY","NOT APPLICABLE","1540","W","PRATT BLVD","2431",,,,,,,"2","NONINCAPACITATING INJURY","1","0","0","1","0","1","0","8","2","3","42.005503942","-87.669409287","POINT (-87.669409286722 42.005503941619)"
"2ecad06d7d2d886664f9b2ab2795879e6f6e59ca74e2dab3b7d5bc7f74fe59871d5f00bd93b551058e689f1b4c14ad0535c4b06904f7ea9172f7fb88bf89169e",,,"2022-03-21T08:48:00.000","30","TRAFFIC SIGNAL","FUNCTIONING PROPERLY","CLEAR","DAYLIGHT","SIDESWIPE SAME DIRECTION","NOT DIVIDED",,"STRAIGHT AND LEVEL","DRY","NO DEFECTS","ON SCENE","NO INJURY / DRIVE AWAY",,,"Y","$500 OR LESS","2022-03-21T09:11:00.000","UNABLE TO DETERMINE","UNABLE TO DETERMINE","10600","S","AVENUE O","432",,,,,,,"2","NO INDICATION OF INJURY","0","0","0","0","0","2","0","8","2","3","41.702662544","-87.540244193","POINT (-87.540244193113 41.702662543523)"
"5cd67ec30598e81990e176e1ed2d221e5d9dc5f866fa84727c9f3e97d677dd2f6f8f3daff1d506b198a10cd664c98d505b41c3b8281db7154534c4ff3e62e5e9",,,"2022-03-21T08:45:00.000","30","STOP SIGN/FLASHER","NO CONTROLS","CLEAR","DAYLIGHT","SIDESWIPE SAME DIRECTION","NOT DIVIDED",,"STRAIGHT AND LEVEL","DRY","NO DEFECTS","NOT ON SCENE (DESK REPORT)","NO INJURY / DRIVE AWAY",,,,"OVER $1,500","2022-03-21T09:45:00.000","IMPROPER OVERTAKING/PASSING","UNABLE TO DETERMINE","4635","W","JACKSON BLVD","1131",,,,,,,"2","NO INDICATION OF INJURY","0","0","0","0","0","2","0","8","2","3","41.876777828","-87.741763739","POINT (-87.7417637393 41.876777827742)"
"60ffc54c4f0ce3f1db0b145c33f55332b5978668d41f5b8634b35d86f614345ba2e527352d0a4a230aaf440a65debf374878235aba7878cdc87ca611a200bca9",,,"2022-03-21T08:45:00.000","30","NO CONTROLS","NO CONTROLS","UNKNOWN","DAYLIGHT","SIDESWIPE SAME DIRECTION","ONE-WAY",,"STRAIGHT AND LEVEL","UNKNOWN","UNKNOWN",,"NO INJURY / DRIVE AWAY",,,,"OVER $1,500","2022-03-21T10:20:00.000","UNABLE TO DETERMINE","UNABLE TO DETERMINE","119","E","GARFIELD BLVD","231",,,,,,,"2","NO INDICATION OF INJURY","0","0","0","0","0","6","0","8","2","3","41.79428359","-87.621553355","POINT (-87.621553355235 41.794283590214)"
"6ebf82b56afbdcaf4b8940446e77d6426ea67622a7f51843d0a728d87a3ad77c95bcb88bda5961570bee5a0139846261f7a2228e7d97b69cd65d64020c373723",,,"2022-03-21T08:45:00.000","30","NO CONTROLS","NO CONTROLS","CLEAR","DAYLIGHT","REAR END","NOT DIVIDED",,"STRAIGHT AND LEVEL","DRY","NO DEFECTS","ON SCENE","NO INJURY / DRIVE AWAY",,,,"OVER $1,500","2022-03-21T08:46:00.000","UNABLE TO DETERMINE","UNABLE TO DETERMINE","3330","W","CERMAK RD","1024",,,,,,,"3","NO INDICATION OF INJURY","0","0","0","0","0","3","0","8","2","3","41.85183326","-87.708846089","POINT (-87.708846089115 41.85183325997)"
"88ffa51b0fe78d0553eceb576deafc9260943402fda27a215d12e8576e747f2ca2b40ff11c9de1250c6906ffeb4f9a6b0bc5c6a7f0395632e7676ca3a0d2fbe4",,,"2022-03-21T08:45:00.000","45","TRAFFIC SIGNAL","FUNCTIONING PROPERLY","CLEAR","DAYLIGHT","TURNING","NOT DIVIDED",,"STRAIGHT AND LEVEL","DRY","UNKNOWN","NOT ON SCENE (DESK REPORT)","NO INJURY / DRIVE AWAY",,,"Y","OVER $1,500","2022-03-21T08:57:00.000","UNABLE TO DETERMINE","FAILING TO REDUCE SPEED TO AVOID CRASH","11500","S","MICHIGAN AVE","532",,,,,,,"2","NO INDICATION OF INJURY","0","0","0","0","0","2","0","8","2","3","41.685271223","-87.620947158","POINT (-87.620947158386 41.685271222904)"
"e1009739a5646fba01827dc32f61217aa3fabf46379c966d9083654198031242bcb6f233e42230454782cc1a116669bc18f3dc1ff25be846157a1456353fbddb",,,"2022-03-21T08:40:00.000","35","TRAFFIC SIGNAL","FUNCTIONING PROPERLY","CLEAR","DAYLIGHT","REAR END","DIVIDED - W/MEDIAN (NOT RAISED)",,"STRAIGHT AND LEVEL","DRY","NO DEFECTS","ON SCENE","NO INJURY / DRIVE AWAY",,,,"OVER $1,500","2022-03-21T08:40:00.000","FOLLOWING TOO CLOSELY","DISTRACTION - FROM OUTSIDE VEHICLE","119","E","GARFIELD BLVD","231",,,,,,,"3","NO INDICATION OF INJURY","0","0","0","0","0","4","0","8","2","3","41.79428359","-87.621553355","POINT (-87.621553355235 41.794283590214)"
"ef58a8424d1fe352a67dc5deb46a068ddb71d9a2b485d4ba92340fc7450007ec74791f2602bdc0994297acc3eb9169018cbe13118acc380baf8e3dd48bc7122b",,,"2022-03-21T08:28:00.000","30","NO CONTROLS","NO CONTROLS","CLEAR","DAYLIGHT","TURNING","T-INTERSECTION",,"STRAIGHT ON GRADE","DRY","NO DEFECTS","ON SCENE","NO INJURY / DRIVE AWAY","Y",,,"OVER $1,500","2022-03-21T08:29:00.000","FAILING TO REDUCE SPEED TO AVOID CRASH","FAILING TO YIELD RIGHT-OF-WAY","3419","W","112TH PL","2211",,,,,,,"2","NO INDICATION OF INJURY","0","0","0","0","0","4","0","8","2","3","41.688601577","-87.706361921","POINT (-87.706361920876 41.688601577005)"
"2c1b95141b85b996023a0f586bf6d256dae7401ae5401e8a206e33d42f5028d90e6508bcf2cc1f6c905c85625485a7c35c876868cfde4063f331b8c2c6130618",,,"2022-03-21T08:10:00.000","30","TRAFFIC SIGNAL","FUNCTIONING PROPERLY","CLEAR","DAYLIGHT","REAR END","NOT DIVIDED",,"STRAIGHT AND LEVEL","DRY","NO DEFECTS","NOT ON SCENE (DESK REPORT)","NO INJURY / DRIVE AWAY",,,,"$501 - $1,500","2022-03-21T08:20:00.000","FOLLOWING TOO CLOSELY","UNABLE TO DETERMINE","1000","S","DAMEN AVE","1225",,,,,,,"3","NO INDICATION OF INJURY","0","0","0","0","0","3","0","8","2","3","41.869045088","-87.676461034","POINT (-87.676461033512 41.869045088257)"
"c5abc5b73daa0aa7a2c1860915346789492bff14ba65b25d99eb9ab3e36bec934a21be7a5961eb5fb00d2fb011df93e1148d6630eef26fb3d54272e75c0d0cb9",,,"2022-03-21T08:07:00.000","30","NO CONTROLS","NO CONTROLS","CLEAR","DAYLIGHT","SIDESWIPE SAME DIRECTION","NOT DIVIDED",,"STRAIGHT AND LEVEL","WET","NO DEFECTS","NOT ON SCENE (DESK REPORT)","NO INJURY / DRIVE AWAY","N",,,"OVER $1,500","2022-03-21T08:45:00.000","IMPROPER OVERTAKING/PASSING","UNABLE TO DETERMINE","4401","W","47TH ST","815",,,,,,,"2","NO INDICATION OF INJURY","0","0","0","0","0","2","0","8","2","3","41.807636549","-87.733428816","POINT (-87.733428816069 41.8076365491)"
"2cdda37fb1c89b9f4821c519a75461a67443a6c5fef223960ac815eba8dc06205efaaa73a4a72f39bb23290445afefbd1cf8f1aede63a2b7c6843d54edde8a5d",,,"2022-03-21T08:05:00.000","20","NO CONTROLS","NO CONTROLS","CLEAR","DAYLIGHT","ANGLE","NOT DIVIDED",,"STRAIGHT AND LEVEL","DRY","NO DEFECTS","NOT ON SCENE (DESK REPORT)","NO INJURY / DRIVE AWAY",,,"Y","$501 - $1,500","2022-03-21T10:31:00.000","FAILING TO YIELD RIGHT-OF-WAY","FAILING TO YIELD RIGHT-OF-WAY","6250","S","SACRAMENTO AVE","823",,,,,,,"2","NO INDICATION OF INJURY","0","0","0","0","0","5","0","8","2","3","41.779358471","-87.698421678","POINT (-87.698421678271 41.779358471078)"
"549e78710179015b1a2319ff304879e96ec4e10b08cc69e37e287f983ba306a2ff9ccd4ff22ae7df738e9453eafb630115e121bd0bc1442048dfe83d10fa31c5",,,"2022-03-21T08:05:00.000","30","NO CONTROLS","NO CONTROLS","CLEAR","DAYLIGHT","REAR END","NOT DIVIDED",,"STRAIGHT AND LEVEL","DRY","NO DEFECTS","NOT ON SCENE (DESK REPORT)","NO INJURY / DRIVE AWAY",,,,"OVER $1,500","2022-03-21T08:45:00.000","FOLLOWING TOO CLOSELY","NOT APPLICABLE","250","W","FULLERTON DR","1935",,,,,,,"2","NO INDICATION OF INJURY","0","0","0","0","0","2","0","8","2","3","41.925792211","-87.635581501","POINT (-87.63558150145 41.925792211306)"
"615e760b0b336d5a60c9a56e1b3f8f2940192ac44ebb021f65aa82060e0a0bf60cadad300f0df287f17570381a020dddeecad5dba62eec4521107e8859d22a08",,"Y","2022-03-21T07:58:00.000","30","TRAFFIC SIGNAL","FUNCTIONING PROPERLY","CLEAR","DAYLIGHT","TURNING","T-INTERSECTION",,"STRAIGHT AND LEVEL","DRY","NO DEFECTS","ON SCENE","NO INJURY / DRIVE AWAY","Y",,,"OVER $1,500","2022-03-21T08:17:00.000","DISREGARDING TRAFFIC SIGNALS","NOT APPLICABLE","1220","W","CORTLAND ST","1811",,,,,,,"2","NO INDICATION OF INJURY","0","0","0","0","0","2","0","7","2","3","41.917228678","-87.659064412","POINT (-87.659064411856 41.917228678342)"
"61871a812baec79284f0505540cbec50facc587771ece7ee77684bc026563d556d14bf442b96a85db4011944fdb870610a8ec7a327e0a24aba37c8e5648e4e4a",,,"2022-03-21T07:58:00.000","30","UNKNOWN","UNKNOWN","UNKNOWN","DAYLIGHT","SIDESWIPE OPPOSITE DIRECTION","NOT DIVIDED",,"STRAIGHT AND LEVEL","UNKNOWN","UNKNOWN","NOT ON SCENE (DESK REPORT)","NO INJURY / DRIVE AWAY",,,,"$500 OR LESS","2022-03-21T08:40:00.000","UNABLE TO DETERMINE","UNABLE TO DETERMINE","7142","S","MILLARD AVE","833",,,,,,,"2","NO INDICATION OF INJURY","0","0","0","0","0","2","0","7","2","3","41.762937975","-87.713930669","POINT (-87.713930668534 41.762937974808)"
"49e3c079f553804f7ad0e1951ead03970d7985965cbcbc3370ce5d54840746ba6ac169422c7c277e77241848e3b1e0d7d6083cc3dcd36e87eb829c6a7088c147",,,"2022-03-21T07:55:00.000","30","STOP SIGN/FLASHER","FUNCTIONING PROPERLY","CLEAR","DAYLIGHT","ANGLE","FOUR WAY",,"STRAIGHT AND LEVEL","DRY","UNKNOWN","NOT ON SCENE (DESK REPORT)","INJURY AND / OR TOW DUE TO CRASH","Y",,"Y","OVER $1,500","2022-03-21T08:35:00.000","FAILING TO YIELD RIGHT-OF-WAY","UNABLE TO DETERMINE","4900","S","HONORE ST","931",,,,,,,"2","NO INDICATION OF INJURY","0","0","0","0","0","2","0","7","2","3","41.804893066","-87.671092922","POINT (-87.671092922238 41.804893065742)"