"crash_record_id","rd_no","crash_date_est_i","crash_date","posted_speed_limit","traffic_control_device","device_condition","weather_condition","lighting_condition","first_crash_type","trafficway_type","lane_cnt","alignment","roadway_surface_cond","road_defect","report_type","crash_type","intersection_related_i","private_property_i","hit_and_run_i","damage","date_police_notified","prim_contributory_cause","sec_contributory_cause","street_no","street_direction","street_name","beat_of_occurrence","photos_taken_i","statements_taken_i","dooring_i","work_zone_i","work_zone_type","workers_present_i","num_units","most_severe_injury","injuries_total","injuries_fatal","injuries_incapacitating","injuries_non_incapacitating","injuries_reported_not_evident","injuries_no_indication","injuries_unknown","crash_hour","crash_day_of_week","crash_month","latitude","longitude","location"
"7085215735e1a376df7d6bde37a4e8797acae3a507438c715d12031e1f337e21417eff6cb3ce46c064ed4008c086c78f2896cb25d755439116fccddd80072bc2",,,"2022-03-21T07:50:00.000","30","NO CONTROLS","NO CONTROLS","CLEAR","DAYLIGHT","SIDESWIPE SAME DIRECTION","NOT DIVIDED",,"STRAIGHT AND LEVEL","DRY","NO DEFECTS","ON SCENE","NO INJURY / DRIVE AWAY",,,,"$501 - $1,500","2022-03-21T08:30:00.000","NOT APPLICABLE","NOT APPLICABLE","4332","W","31ST ST","1031",,,,,,,"2","NO INDICATION OF INJURY","0","0","0","0","0","2","0","7","2","3","41.836894415","-87.732919859","POINT (-87.732919858633 41.836894414923)"
"f97a914ad1dbb5b9a0bdd6491b8c531caf92c284c103b057f467a5db51864ab165740d4079a62542f335bea8343ffb462249186e2dbc5bbbe8a6514d448e78d5",,,"2022-03-21T07:47:00.000","30","NO CONTROLS","NO CONTROLS","CLEAR","DAYLIGHT","OTHER NONCOLLISION","DIVIDED - W/MEDIAN (NOT RAISED)",,"STRAIGHT AND LEVEL","DRY","NO DEFECTS","ON SCENE","INJURY AND / OR TOW DUE TO CRASH",,,,"OVER $1,500","2022-03-21T08:17:00.000","UNABLE TO DETERMINE","UNABLE TO DETERMINE","499","E","69TH ST","322",,,,,,,"2","NO INDICATION OF INJURY","0","0","0","0","0","2","0","7","2","3","41.769361738","-87.613549341","POINT (-87.613549340977 41.769361737994)"
"334d4f868ed7a5bb9acb91a8d27477f2a5522d94a6f3d68249af874436f287964d3248a493b1925d59db0d5c248ffd1cde7e8c2fc403f8fad6c4fd9b68f64e9d",,,"2022-03-21T07:45:00.000","30","TRAFFIC SIGNAL","FUNCTIONING PROPERLY","CLEAR","DAYLIGHT","TURNING","FOUR WAY",,"STRAIGHT AND LEVEL","DRY","NO DEFECTS","ON SCENE","NO INJURY / DRIVE AWAY","Y",,,"$501 - $1,500","2022-03-21T07:46:00.000","UNABLE TO DETERMINE","NOT APPLICABLE","4800","W","FLOURNOY ST","1533",,,,,,,"2","NO INDICATION OF INJURY","0","0","0","0","0","2","0","7","2","3","41.872180929","-87.744984428","POINT (-87.744984427653 41.87218092888)"
"7f2da21a1a8d2c4f7980279dd7874f50b23036f2e9f9272431a29847d4c80ecc83d4ed32229bf32cc35e0640c7d09f51b651cca8dacf7188a89fa29eb8522b0f",,,"2022-03-21T07:45:00.000","30","TRAFFIC SIGNAL","FUNCTIONING PROPERLY","CLEAR","DAYLIGHT","ANGLE","FOUR WAY",,"STRAIGHT AND LEVEL","DRY","NO DEFECTS","ON SCENE","NO INJURY / DRIVE AWAY","Y",,"Y","OVER $1,500","2022-03-21T07:45:00.000","DISREGARDING TRAFFIC SIGNALS","NOT APPLICABLE","7900","S","ASHLAND AVE","611",,"Y",,,,,"2","NO INDICATION OF INJURY","0","0","0","0","0","2","0","7","2","3","41.75026224","-87.663580117","POINT (-87.663580117092 41.750262240415)"
"caf3bbc1d5de58ffda08287e734652302b691c4f5afd968743f50275c1e5fe811ceb533606acc352ea0c94fa20f3ed9bccf7ed1457e17f256b0d0468bdd9b54c",,,"2022-03-21T07:40:00.000","20","NO CONTROLS","NO CONTROLS","CLEAR","DAYLIGHT","PARKED MOTOR VEHICLE","ONE-WAY",,"STRAIGHT AND LEVEL","DRY","NO DEFECTS","ON SCENE","NO INJURY / DRIVE AWAY",,,"Y","OVER $1,500","2022-03-21T08:52:00.000","UNABLE TO DETERMINE","UNABLE TO DETERMINE","1153","N","LAWLER AVE","1531",,,,,,,"2","NO INDICATION OF INJURY","0","0","0","0","0","1","0","7","2","3","41.902028276","-87.75194623","POINT (-87.751946230473 41.902028275702)"
"2ebb9492b66b28d43c2681f60a2ca281ac6ccb80b68c6f5e8b57f33a136b69b7e19db6931e9032a00f5bd7794e035de2dcf5354a2bafd1ca87dc028b15ba0b69",,,"2022-03-21T07:35:00.000","30","TRAFFIC SIGNAL","FUNCTIONING PROPERLY","CLEAR","DAYLIGHT","TURNING","FOUR WAY",,"STRAIGHT AND LEVEL","DRY","NO DEFECTS","NOT ON SCENE (DESK REPORT)","NO INJURY / DRIVE AWAY","Y",,,"OVER $1,500","2022-03-21T16:00:00.000","UNABLE TO DETERMINE","NOT APPLICABLE","6402","W","DEVON AVE","1611",,,,,,,"2","NO INDICATION OF INJURY","0","0","0","0","0","4","0","7","2","3","41.997462695","-87.787734244","POINT (-87.787734244056 41.997462695156)"
"91333ee80a5ee8c20944caf47c91a6ca2617163597a9c1f0bc2931fec5bce7af820f9f9a9227aaad7364c94d07d4394bfe34531e6017e7a144a03aec7f945d5c",,,"2022-03-21T07:33:00.000","30","NO CONTROLS","NO CONTROLS","CLEAR","DAYLIGHT","FIXED OBJECT","NOT DIVIDED",,"STRAIGHT AND LEVEL","DRY","UNKNOWN","ON SCENE","NO INJURY / DRIVE AWAY",,,,"OVER $1,500","2022-03-21T07:33:00.000","UNABLE TO DETERMINE","UNABLE TO DETERMINE","4500","W","47TH ST","815",,,,,,,"1","NO INDICATION OF INJURY","0","0","0","0","0","1","0","7","2","3","41.807822546","-87.735884865","POINT (-87.735884865498 41.807822546285)"
"a79bf08b0863dcd5ecd736605623aa785720fbeddc9896b817817cb1681adc1b640a7fbb3b554b2cd0dc6d13b3a60df7f602870e21769c03e41b5e5b8f010117",,,"2022-03-21T07:33:00.000","30","NO CONTROLS","NO CONTROLS","CLEAR","DAYLIGHT","TURNING","NOT DIVIDED",,"STRAIGHT AND LEVEL","DRY","NO DEFECTS","ON SCENE","NO INJURY / DRIVE AWAY",,,,"OVER $1,500","2022-03-21T07:42:00.000","IMPROPER LANE USAGE","FAILING TO YIELD RIGHT-OF-WAY","5045","W","FULLERTON AVE","2522",,,,,,,"2","NO INDICATION OF INJURY","0","0","0","0","0","2","0","7","2","3","41.924040253","-87.75302368","POINT (-87.753023679692 41.924040253166)"
"5536d001b4cdbf1101405218b8b486525f2c60362db5047323fbf9d9189ecaad04fe7259cc30a5b483ef10c561f45beb77d46f7b0786869c4f93ec516ac7b714",,,"2022-03-21T07:30:00.000","30","TRAFFIC SIGNAL","FUNCTIONING PROPERLY","CLEAR","DAWN","ANGLE","FOUR WAY",,"STRAIGHT AND LEVEL","DRY","NO DEFECTS","ON SCENE","INJURY AND / OR TOW DUE TO CRASH","Y",,"Y","OVER $1,500","2022-03-21T07:30:00.000","UNABLE TO DETERMINE","UNABLE TO DETERMINE","7300","S","JEFFERY BLVD","333",,,,,,,"2","NO INDICATION OF INJURY","0","0","0","0","0","2","0","7","2","3","41.7624914","-87.57636752","POINT (-87.576367519734 41.76249139992)"
"bc2f1a4b79a9f929fbd26fa5355f19b8f3576a58156ed2e0c4a7acb077174335e4640ab5348f9fdeae1d75a6790301ce85a340a1cd36774a7cbd5cca67bc2c5f",,,"2022-03-21T07:30:00.000","30","NO CONTROLS","NO CONTROLS","CLEAR","DAYLIGHT","SIDESWIPE SAME DIRECTION","ONE-WAY",,"STRAIGHT AND LEVEL","DRY","NO DEFECTS","NOT ON SCENE (DESK REPORT)","NO INJURY / DRIVE AWAY",,,,"OVER $1,500","2022-03-21T11:30:00.000","DRIVING SKILLS/KNOWLEDGE/EXPERIENCE","NOT APPLICABLE","100","W","LAKE ST","122",,,,,,,"2","NO INDICATION OF INJURY","0","0","0","0","0","2","0","7","2","3","41.885851256","-87.631049759","POINT (-87.631049758573 41.885851255687)"
"c1dfaf30d3a65022602afaea5a913b66f621453b34e57030770f25ec8067a97b4294de4b1a0e9ce928363c42ca3e832cd8f4f35859cccc89891a8cc83b42f4d9",,,"2022-03-21T07:30:00.000","30","STOP SIGN/FLASHER","FUNCTIONING PROPERLY","CLEAR","DAYLIGHT","TURNING","DIVIDED - W/MEDIAN (NOT RAISED)",,"STRAIGHT AND LEVEL","DRY","UNKNOWN","NOT ON SCENE (DESK REPORT)","NO INJURY / DRIVE AWAY",,,,"OVER $1,500","2022-03-21T20:38:00.000","FAILING TO YIELD RIGHT-OF-WAY","NOT APPLICABLE","3328","N","NARRAGANSETT AVE","1632",,,,,,,"2","NO INDICATION OF INJURY","0","0","0","0","0","2","0","7","2","3","41.941019741","-87.786316185","POINT (-87.786316185277 41.941019741161)"
"58f4677ce1b8323091562b0ae1bcdda6b6e71075b70cac2804444f96d27bc0e3f98a73cb388297de0c8af8e1f8372695c5c9aee772b472e9412e3468a4919cf2",,,"2022-03-21T07:20:00.000","30","TRAFFIC SIGNAL","FUNCTIONING PROPERLY","CLEAR","DAYLIGHT","TURNING","FOUR WAY",,"STRAIGHT AND LEVEL","DRY","NO DEFECTS","NOT ON SCENE (DESK REPORT)","NO INJURY / DRIVE AWAY","Y",,,"OVER $1,500","2022-03-21T11:09:00.000","UNABLE TO DETERMINE","UNABLE TO DETERMINE","201","N","CICERO AVE","1113",,,,,,,"2","NO INDICATION OF INJURY","0","0","0","0","0","2","0","7","2","3","41.88447811","-87.745277071","POINT (-87.745277070858 41.884478109994)"
"4411e9202a009862bb781ec8fbccefb1a0f31c7655aee10f47f06e14c1e0d8bf34708fa8fe52215a47873e0eba3cdb78cf408df97c4a22d7675ea336ab9976f5",,,"2022-03-21T07:10:00.000","30","NO CONTROLS","NO CONTROLS","CLEAR","DAYLIGHT","SIDESWIPE SAME DIRECTION","NOT DIVIDED",,"STRAIGHT AND LEVEL","DRY","NO DEFECTS","ON SCENE","INJURY AND / OR TOW DUE TO CRASH",,,"Y","OVER $1,500","2022-03-21T07:17:00.000","OPERATING VEHICLE IN ERRATIC, RECKLESS, CARELESS, NEGLIGENT OR AGGRESSIVE MANNER","FAILING TO REDUCE SPEED TO AVOID CRASH","7050","S","JEFFERY BLVD","332",,,,,,,"2","NONINCAPACITATING INJURY","1","0","0","1","0","1","0","7","2","3","41.766544185","-87.576456932","POINT (-87.576456931969 41.76654418454)"
"657a4987cd92e21899d62683ee2221c4a7667fc287d2791d8b0fbe08c2abcdf422a6130e1edbec24266e51bc77e4146820afa3e5b6054eb994197078ebce18f6",,,"2022-03-21T07:00:00.000","30","NO CONTROLS","NO CONTROLS","CLEAR","DAYLIGHT","PARKED MOTOR VEHICLE","ONE-WAY",,"STRAIGHT AND LEVEL","DRY","NO DEFECTS","ON SCENE","INJURY AND / OR TOW DUE TO CRASH",,,,"$501 - $1,500","2022-03-21T07:01:00.000","NOT APPLICABLE","NOT APPLICABLE","1155","N","LOREL AVE","1524",,,,,,,"3","NO INDICATION OF INJURY","0","0","0","0","0","1","0","7","2","3","41.902005931","-87.759379461","POINT (-87.759379461484 41.902005931265)"
"9ccb5fcbdedb030778b5d366d62f188361966e64c4386765064c21d33a1ef6ab803622e7c5e7c152519fb42bfcdea559913e0be2688195570539b7bb78ffe8a6",,,"2022-03-21T07:00:00.000","30","TRAFFIC SIGNAL","FUNCTIONING PROPERLY","CLEAR","UNKNOWN","REAR END","NOT DIVIDED",,"STRAIGHT AND LEVEL","UNKNOWN","UNKNOWN","NOT ON SCENE (DESK REPORT)","NO INJURY / DRIVE AWAY",,,"Y","$501 - $1,500","2022-03-21T11:44:00.000","UNABLE TO DETERMINE","NOT APPLICABLE","5830","S","ARCHER AVE","814",,,,,,,"2","NO INDICATION OF INJURY","0","0","0","0","0","2","0","7","2","3","41.796219062","-87.759841739","POINT (-87.759841738795 41.796219062278)"
"a655f84a770ab054146e60b59cc1c9f32466a6006f3252c8b60c1b10535a1775da97015d1dd2d2e632e081914160309f0f271558162f7b7cfcd915223704c357",,,"2022-03-21T07:00:00.000","30","TRAFFIC SIGNAL","FUNCTIONING PROPERLY","CLEAR","DAYLIGHT","REAR END","NOT DIVIDED",,"STRAIGHT AND LEVEL","DRY","NO DEFECTS","ON SCENE","NO INJURY / DRIVE AWAY",,,"Y","OVER $1,500","2022-03-21T07:04:00.000","IMPROPER OVERTAKING/PASSING","NOT APPLICABLE","1500","W","99TH ST","2213",,,,,,,"2","NO INDICATION OF INJURY","0","0","0","0","0","2","0","7","2","3","41.714105484","-87.660358483","POINT (-87.660358483477 41.714105483571)"
"c451ee15fbef1c214ac4805a84bae69a32d30ffded8477e71ec05f1135b72c0459acd3228dcfa086277b89cae5eb28b4614da352df7f29965b027f10b2fd1fda",,,"2022-03-21T07:00:00.000","30","NO CONTROLS","NOT FUNCTIONING","CLEAR","DAYLIGHT","SIDESWIPE SAME DIRECTION","ONE-WAY",,"STRAIGHT AND LEVEL","DRY","NO DEFECTS","NOT ON SCENE (DESK REPORT)","NO INJURY / DRIVE AWAY",,,"Y","OVER $1,500","2022-03-21T07:19:00.000","IMPROPER OVERTAKING/PASSING","UNABLE TO DETERMINE","99","N","KILBOURN AVE","1113",,,,,,,"2","NO INDICATION OF INJURY","0","0","0","0","0","2","0","7","2","3","41.881836975","-87.737820993","POINT (-87.737820993394 41.88183697515)"
"1838dec0ef6158c12eb2e1ee3d32853cd8191a32baeae7061c36885ed9e4010c8c53c7f079fbaeb786a53e94570e08376f27519dfc0fb254dfb8a7d2e073c306",,,"2022-03-21T06:55:00.000","30","TRAFFIC SIGNAL","FUNCTIONING PROPERLY","CLEAR","DAYLIGHT","TURNING","NOT DIVIDED",,"STRAIGHT AND LEVEL","DRY","NO DEFECTS","ON SCENE","INJURY AND / OR TOW DUE TO CRASH","Y",,,"OVER $1,500","2022-03-21T07:00:00.000","FAILING TO YIELD RIGHT-OF-WAY","ROAD CONSTRUCTION/MAINTENANCE","1600","N","CALIFORNIA AVE","1421",,,,,,,"2","NO INDICATION OF INJURY","0","0","0","0","0","2","0","6","2","3","41.910315146","-87.697174719","POINT (-87.697174719012 41.910315146253)"
"315e38c6a66a96a62d6986e9efe3445119efaaf163c4e09615d2eb014b6b412a868678f6f032271c8f0cafb362f6970cc51275ee696033fc39134cd82aac58df",,,"2022-03-21T06:54:00.000","35","NO CONTROLS","NO CONTROLS","CLEAR","DAYLIGHT","SIDESWIPE SAME DIRECTION","NOT DIVIDED",,"STRAIGHT AND LEVEL","DRY","NO DEFECTS","ON SCENE","INJURY AND / OR TOW DUE TO CRASH",,,,"OVER $1,500","2022-03-21T07:45:00.000","IMPROPER LANE USAGE","NOT APPLICABLE","2211","S","ASHLAND AVE","1235",,,,,,,"2","NO INDICATION OF INJURY","0","0","0","0","0","5","0","6","2","3","41.851811254","-87.665873341","POINT (-87.665873341285 41.851811254026)"
"fb1153728cb51ff40c2775bd3ddddd2e13b45b825073c5d2cf7c4f8826e4a054dfcd9ca5dda9a198b83914450d24f984911377f446416e9ba139713188e7ef1a",,,"2022-03-21T06:30:00.000","30","TRAFFIC SIGNAL","FUNCTIONING PROPERLY","CLEAR","DAYLIGHT","REAR END","DIVIDED - W/MEDIAN (NOT RAISED)",,"STRAIGHT AND LEVEL","DRY","NO DEFECTS","NOT ON SCENE (DESK REPORT)","NO INJURY / DRIVE AWAY",,,,"OVER $1,500","2022-03-21T12:38:00.000","FOLLOWING TOO CLOSELY","NOT APPLICABLE","7201","W","HIGGINS AVE","1613",,,,,,,"2","NO INDICATION OF INJURY","0","0","0","0","0","2","0","6","2","3","41.981027632","-87.807080762","POINT (-87.807080762271 41.981027631859)"
"4c8a9a76c39f66f8c2c5a7fb0ce342386e1c696f3798ef44a70fe973b8d6cdf52d317b0d024c66f13a682e5bd916952c83d13672317f7cba30e7ab64ce52b878",,,"2022-03-21T05:35:00.000","30","TRAFFIC SIGNAL","FUNCTIONING PROPERLY","CLEAR","DAYLIGHT","TURNING","FOUR WAY",,"STRAIGHT AND LEVEL","DRY","NO DEFECTS","NOT ON SCENE (DESK REPORT)","NO INJURY / DRIVE AWAY","Y",,"Y","OVER $1,500","2022-03-21T09:50:00.000","DISREGARDING TRAFFIC SIGNALS","DISREGARDING TRAFFIC SIGNALS","3500","S","ASHLAND AVE","912",,,,,,,"2","NO INDICATION OF INJURY","0","0","0","0","0","2","0","5","2","3","41.830408133","-87.665712758","POINT (-87.66571275812 41.830408132944)"
"acc64a8ad68a5c9c60dd35abbe506230c1709ef19af9664a79e8e59ed57f940ad791946361b35640a26a0811aef1eaf723a18f0a2488c3c7f2fabe0355cef06d",,,"2022-03-21T05:30:00.000","35","NO CONTROLS","NO CONTROLS","CLEAR","UNKNOWN","PARKED MOTOR VEHICLE","NOT DIVIDED",,"STRAIGHT AND LEVEL","DRY","NO DEFECTS","NOT ON SCENE (DESK REPORT)","NO INJURY / DRIVE AWAY",,,,"$501 - $1,500","2022-03-21T18:25:00.000","UNABLE TO DETERMINE","NOT APPLICABLE","2607","W","60TH ST","825",,,,,,,"2","NO INDICATION OF INJURY","0","0","0","0","0","1","0","5","2","3","41.784547021","-87.689000562","POINT (-87.68900056161 41.784547021427)"
"1227c365f75aef0841c4c000ed6308f770022af7c90b78a7d9d9eabdf1cab5d8a891ef751b9f0b03cc59951b397ff9c1ede8bd2ba4145a84757997a412dbb96d",,,"2022-03-21T05:07:00.000","30","NO CONTROLS","NO CONTROLS","CLEAR","DAWN","OTHER OBJECT","DIVIDED - W/MEDIAN (NOT RAISED)",,"STRAIGHT AND LEVEL","DRY","NO DEFECTS","ON SCENE","INJURY AND / OR TOW DUE TO CRASH",,,"Y","OVER $1,500","2022-03-21T05:08:00.000","FAILING TO REDUCE SPEED TO AVOID CRASH","UNABLE TO DETERMINE","1346","N","CENTRAL AVE","2531",,,,,,,"1","NO INDICATION OF INJURY","0","0","0","0","0","2","0","5","2","3","41.905334195","-87.765915283","POINT (-87.765915282535 41.9053341951)"
"b2f341cc24c8be641ba94d9a63087a903b4a9690a9b6a2fe59aef145e5a2b4ec16b2c6dbd2e918cd3c99620988352c7e38edb3f7f8329c47d9fe60dfa91fc048",,"Y","2022-03-21T04:00:00.000","25","NO CONTROLS","NO CONTROLS","CLEAR","DARKNESS, LIGHTED ROAD","PARKED MOTOR VEHICLE","NOT DIVIDED",,"STRAIGHT ON GRADE","DRY","NO DEFECTS","NOT ON SCENE (DESK REPORT)","NO INJURY / DRIVE AWAY",,,"Y","OVER $1,500","2022-03-21T20:20:00.000","FAILING TO REDUCE SPEED TO AVOID CRASH","NOT APPLICABLE","2012","W","19TH ST","1234",,,,,,,"2","NO INDICATION OF INJURY","0","0","0","0","0","1","0","4","2","3","41.855935884","-87.676527899","POINT (-87.676527898782 41.855935884135)"
"55970a1a106ad343e433b83938ddc1faa03761136c617619b15762dfeaeab9085156612886318187fad803a57b5ea194c17bb41be64745f948bb054d9f962fbe",,,"2022-03-21T03:15:00.000","30","NO CONTROLS","NO CONTROLS","CLEAR","DARKNESS, LIGHTED ROAD","REAR END","DIVIDED - W/MEDIAN BARRIER",,"STRAIGHT AND LEVEL","DRY","NO DEFECTS","NOT ON SCENE (DESK REPORT)","NO INJURY / DRIVE AWAY",,,"Y","OVER $1,500","2022-03-21T03:45:00.000","OPERATING VEHICLE IN ERRATIC, RECKLESS, CARELESS, NEGLIGENT OR AGGRESSIVE MANNER","UNABLE TO DETERMINE","12900","S","HALSTED ST","523",,,,,,,"2","NO INDICATION OF INJURY","0","0","0","0","0","2","0","3","2","3","41.65943704","-87.641439955","POINT (-87.64143995496 41.659437040174)"
"7b10e58a2296f12e91246444e86bf265f679b3014898d603c1d6e54ff5503de1f0d70575c5d33b1a0980e1c1fbaeda74ffc1e94f82029890e9aa4fb909b44ffe",,,"2022-03-21T03:00:00.000","30","NO CONTROLS","NO CONTROLS","CLEAR","DARKNESS","PARKED MOTOR VEHICLE","PARKING LOT",,"STRAIGHT AND LEVEL","DRY","NO DEFECTS","ON SCENE","NO INJURY / DRIVE AWAY",,,,"OVER $1,500","2022-03-21T03:03:00.000","UNABLE TO DETERMINE","UNABLE TO DETERMINE","2406","W","DIVERSEY AVE","1411",,,,,,,"2","NO INDICATION OF INJURY","0","0","0","0","0","1","0","3","2","3","41.932280853","-87.688190058","POINT (-87.688190057518 41.932280853103)"
"f1c8e8bef045ae647303bbac0f2e17f7d7d478b99ebec4104c28ac79fe906484437b9e5a0c3a4b6f65502bd118ddb7a07a760792e134f9adabf3aed39348bcd5",,,"2022-03-21T02:22:00.000","40","NO CONTROLS","NO CONTROLS","CLEAR","DARKNESS, LIGHTED ROAD","FIXED OBJECT","DIVIDED - W/MEDIAN BARRIER",,"STRAIGHT AND LEVEL","DRY","NO DEFECTS","ON SCENE","INJURY AND / OR TOW DUE TO CRASH",,,,"OVER $1,500","2022-03-21T02:22:00.000","UNABLE TO DETERMINE","NOT APPLICABLE","1516","N","LAKE SHORE DR SB","1824",,,,,,,"1","REPORTED, NOT EVIDENT","1","0","0","0","1","1","0","2","2","3","41.910037242","-87.626119253","POINT (-87.626119253354 41.910037242436)"
"8c734dae3bc616bfdcb56b54cf6fb6726af77005e69654672e30d36d950510b04665cca08244707fc9edb33d22029602b549edeae27bdd861c30b49335d81fb3",,,"2022-03-21T02:21:00.000","30","NO CONTROLS","NO CONTROLS","CLEAR","DARKNESS, LIGHTED ROAD","TURNING","DIVIDED - W/MEDIAN (NOT RAISED)",,"STRAIGHT AND LEVEL","DRY","UNKNOWN","ON SCENE","INJURY AND / OR TOW DUE TO CRASH",,,,"OVER $1,500","2022-03-21T02:29:00.000","UNABLE TO DETERMINE","IMPROPER OVERTAKING/PASSING","3737","N","HARLEM AVE","1632",,,,,,,"2","NONINCAPACITATING INJURY","2","0","0","2","0","1","0","2","2","3","41.948189808","-87.806961054","POINT (-87.806961054009 41.948189808251)"
"f94aa1c662c29b76b661effd81a97865b74dff4c673175f5beadb80f47a66bfe4a0c81c154571d7e99a5d3c34adb6c0a2f9c7292954b79d9a588ddcae51531e2",,,"2022-03-21T02:00:00.000","30","UNKNOWN","UNKNOWN","UNKNOWN","DARKNESS, LIGHTED ROAD","PARKED MOTOR VEHICLE","DIVIDED - W/MEDIAN (NOT RAISED)",,"STRAIGHT AND LEVEL","OTHER","UNKNOWN","ON SCENE","INJURY AND / OR TOW DUE TO CRASH",,,"Y","OVER $1,500","2022-03-21T02:15:00.000","UNABLE TO DETERMINE","NOT APPLICABLE","2463","N","SHEFFIELD AVE","1932",,,,,,,"3","NO INDICATION OF INJURY","0","0","0","0","0","1","0","2","2","3","41.92715312","-87.653521726","POINT (-87.653521725896 41.927153119555)"
"4c157ee6dfdb3ab0efa49a3559242f7395644f6ad354bf898f4e0b5903af98bd2878e755805863a582b9a1e95f2e2fec46c063287848b9bd22fe3347a60fb590",,,"2022-03-21T01:30:00.000","30","STOP SIGN/FLASHER","FUNCTIONING PROPERLY","CLEAR","DARKNESS, LIGHTED ROAD","PARKED MOTOR VEHICLE","NOT DIVIDED",,"STRAIGHT AND LEVEL","DRY","NO DEFECTS","NOT ON SCENE (DESK REPORT)","NO INJURY / DRIVE AWAY",,,"Y","OVER $1,500","2022-03-21T19:50:00.000","UNABLE TO DETERMINE","NOT APPLICABLE","7058","W","BALMORAL AVE","1613",,,,,,,"2","NO INDICATION OF INJURY","0","0","0","0","0","1","0","1","2","3","41.979247901","-87.804627668","POINT (-87.804627667975 41.979247900667)"
"05c1c6cd8b899f0a53bbe06cd76b707e79ddd2618e0ca5aeea86483522963c68340afc078445b2c1418ed00e719d952c7fa3a55bcaa89c4e9833900c14c51f8f",,,"2022-03-21T01:20:00.000","30","NO CONTROLS","NO CONTROLS","CLEAR","DARKNESS, LIGHTED ROAD","PARKED MOTOR VEHICLE","NOT DIVIDED",,"STRAIGHT AND LEVEL","DRY","NO DEFECTS","ON SCENE","NO INJURY / DRIVE AWAY",,,"Y","$500 OR LESS","2022-03-21T01:22:00.000","IMPROPER BACKING","UNABLE TO DETERMINE","1830","S","RACINE AVE","1233",,,,,,,"2","NO INDICATION OF INJURY","0","0","0","0","0","1","0","1","2","3","41.857048859","-87.656549043","POINT (-87.656549042807 41.857048858971)"
"0dd4ced69fa38f197ef8c25e097df6aa04ff50c49bf069ad3532e59fc79a9b8c28cb30fcdfa8aa92aed869d017455c95414fd96d37d85cb26936788a37c6c358",,,"2022-03-21T01:00:00.000","30","NO CONTROLS","NO CONTROLS","CLEAR","DARKNESS, LIGHTED ROAD","PARKED MOTOR VEHICLE","NOT DIVIDED",,"STRAIGHT AND LEVEL","DRY","NO DEFECTS","NOT ON SCENE (DESK REPORT)","NO INJURY / DRIVE AWAY",,,"Y","OVER $1,500","2022-03-21T19:59:00.000","UNABLE TO DETERMINE","UNABLE TO DETERMINE","6000","S","LAWNDALE AVE","823",,,,,,,"2","NO INDICATION OF INJURY","0","0","0","0","0","1","0","1","2","3","41.784183436","-87.715698956","POINT (-87.715698955972 41.784183435512)"
"56f77fdac487f234d504469f22eb82c0051e1f7163925dcff0318549bb6e5610c618556b78b444d80b299df52939f2886a1751a4a67c5140d6efa97cfba34d8c",,,"2022-03-21T01:00:00.000","30","TRAFFIC SIGNAL","FUNCTIONING PROPERLY","CLEAR","DARKNESS, LIGHTED ROAD","REAR END","FOUR WAY",,"STRAIGHT AND LEVEL","DRY","NO DEFECTS","ON SCENE","NO INJURY / DRIVE AWAY",,,"Y","$501 - $1,500","2022-03-21T19:59:00.000","NOT APPLICABLE","NOT APPLICABLE","301","S","CICERO AVE","1131",,,,,,,"2","NO INDICATION OF INJURY","0","0","0","0","0","2","0","1","2","3","41.876764729","-87.744997971","POINT (-87.744997971441 41.876764729315)"
"bd3a4218baba25bb8ca47b3c896dd61fb5cb40d8acf832935e50307644140a6919056050aeae555784f8371965d476963d66857e8ebe09db43ab2eef8a19d40e",,,"2022-03-21T01:00:00.000","30","NO CONTROLS","NO CONTROLS","CLEAR","DARKNESS","PARKED MOTOR VEHICLE","NOT DIVIDED",,"STRAIGHT AND LEVEL","DRY","NO DEFECTS","ON SCENE","INJURY AND / OR TOW DUE TO CRASH",,,,"OVER $1,500","2022-03-21T01:00:00.000","CELL PHONE USE OTHER THAN TEXTING","FAILING TO REDUCE SPEED TO AVOID CRASH","7932","S","YATES BLVD","414",,,,,,,"3","NO INDICATION OF INJURY","0","0","0","0","0","1","0","1","2","3","41.750735145","-87.566364698","POINT (-87.566364697778 41.750735144671)"