"crash_record_id","rd_no","crash_date_est_i","crash_date","posted_speed_limit","traffic_control_device","device_condition","weather_condition","lighting_condition","first_crash_type","trafficway_type","lane_cnt","alignment","roadway_surface_cond","road_defect","report_type","crash_type","intersection_related_i","private_property_i","hit_and_run_i","damage","date_police_notified","prim_contributory_cause","sec_contributory_cause","street_no","street_direction","street_name","beat_of_occurrence","photos_taken_i","statements_taken_i","dooring_i","work_zone_i","work_zone_type","workers_present_i","num_units","most_severe_injury","injuries_total","injuries_fatal","injuries_incapacitating","injuries_non_incapacitating","injuries_reported_not_evident","injuries_no_indication","injuries_unknown","crash_hour","crash_day_of_week","crash_month","latitude","longitude","location"
"406305287a240f8a563aae9495b5bf13731a14d32813411c70dc0ae5506f28fcdefa45615c3b1a34bf8fcb3d749bc43ec231a14ad71198041a6a9df8db3ccbc7",,,"2022-03-21T00:30:00.000","30","NO CONTROLS","NO CONTROLS","CLEAR","DARKNESS, LIGHTED ROAD","TURNING","NOT DIVIDED",,"STRAIGHT AND LEVEL","DRY","NO DEFECTS","ON SCENE","INJURY AND / OR TOW DUE TO CRASH","Y",,,"OVER $1,500","2022-03-21T01:40:00.000","UNABLE TO DETERMINE","NOT APPLICABLE","2532","W","JACKSON BLVD","1125",,,,,,,"2","NO INDICATION OF INJURY","0","0","0","0","0","2","0","0","2","3","41.877618152","-87.689942416","POINT (-87.689942415723 41.877618152383)"
"d3f98f9298ad9a4e7ac090ce84586c092b45ae9094a608de21c1c42c68dae1668c28ea5a30cfe882a8f114f46a5233584f94a0cb91168ff189f2f50fbde4697c",,"Y","2022-03-21T00:30:00.000","25","NO CONTROLS","NO CONTROLS","CLEAR","DARKNESS, LIGHTED ROAD","PARKED MOTOR VEHICLE","NOT DIVIDED",,"STRAIGHT AND LEVEL","DRY","NO DEFECTS","NOT ON SCENE (DESK REPORT)","NO INJURY / DRIVE AWAY",,,"Y","$501 - $1,500","2022-03-21T21:40:00.000","UNABLE TO DETERMINE","NOT APPLICABLE","5300","S","RIDGEWAY AVE","822",,,,,,,"2","NO INDICATION OF INJURY","0","0","0","0","0","1","0","0","2","3","41.796876402","-87.717281823","POINT (-87.717281823109 41.796876402111)"
"1b4700bb413c07f42e63561a60a8df7bb797587c38ec05f82fd25c5d9050ba7965adfb0a53e1406d45a1254bb2e4d1a60f002aaa3f2848d1895d24cf3f2f944b",,"Y","2022-03-21T00:10:00.000","30","NO CONTROLS","NO CONTROLS","CLEAR","DARKNESS, LIGHTED ROAD","PARKED MOTOR VEHICLE","NOT DIVIDED",,"STRAIGHT AND LEVEL","DRY","NO DEFECTS","NOT ON SCENE (DESK REPORT)","NO INJURY / DRIVE AWAY",,,"Y","$501 - $1,500","2022-03-21T07:55:00.000","UNABLE TO DETERMINE","HAD BEEN DRINKING (USE WHEN ARREST IS NOT MADE)","3528","W","27TH ST","1032",,,,,,,"2","NO INDICATION OF INJURY","0","0","0","0","0","1","0","0","2","3","41.842679371","-87.713463579","POINT (-87.713463578906 41.842679370503)"
"7348b25d37c1cf4dd68c8cf6c7b092036091ab81b8929a88f4fc71e6d334363f0b2193faadb206e1e41605d863885f47a68cfab6dbf0e2e37bfb2c6b0d39e1a0",,,"2022-03-21T00:05:00.000","30","TRAFFIC SIGNAL","FUNCTIONING PROPERLY","UNKNOWN","DARKNESS, LIGHTED ROAD","ANGLE","NOT DIVIDED",,"STRAIGHT AND LEVEL","UNKNOWN","UNKNOWN","NOT ON SCENE (DESK REPORT)","NO INJURY / DRIVE AWAY",,,"Y","OVER $1,500","2022-03-22T11:50:00.000","UNABLE TO DETERMINE","UNABLE TO DETERMINE","300","E","ONTARIO ST","1834",,,,,,,"2","NO INDICATION OF INJURY","0","0","0","0","0","2","0","0","2","3","41.893519042","-87.620153263","POINT (-87.620153263459 41.893519042362)"
"314b308cb3e51e5e612e575601fc9d395732e2bc7a4b23736821b1930594b02e00332fbf45b526792f79b518713b92aae3a7ed01743d2d4e37118ea7e185d382",,,"2022-03-21T00:01:00.000","30","STOP SIGN/FLASHER","FUNCTIONING PROPERLY","CLEAR","DARKNESS, LIGHTED ROAD","SIDESWIPE OPPOSITE DIRECTION","FOUR WAY",,"STRAIGHT AND LEVEL","DRY","NO DEFECTS","NOT ON SCENE (DESK REPORT)","NO INJURY / DRIVE AWAY",,,"Y","$501 - $1,500","2022-03-21T00:30:00.000","UNABLE TO DETERMINE","UNABLE TO DETERMINE","1200","W","63RD ST","713",,,,,,,"2","NO INDICATION OF INJURY","0","0","0","0","0","2","0","0","2","3","41.779717683","-87.654565525","POINT (-87.654565524531 41.779717682556)"
"f983bf4d4a1cf193b0a45af0c8a1fb10148352042bbec9988cb40fc4ac715290f17a48af4ab663b6e30438bd8aae29319af02211d776d3392eaf9e6ecbcf0fdf",,,"2022-03-21T00:00:00.000","30","UNKNOWN","UNKNOWN","CLEAR","UNKNOWN","PARKED MOTOR VEHICLE","DIVIDED - W/MEDIAN (NOT RAISED)",,"STRAIGHT AND LEVEL","UNKNOWN","UNKNOWN","NOT ON SCENE (DESK REPORT)","NO INJURY / DRIVE AWAY",,,"Y","$501 - $1,500","2022-03-22T16:30:00.000","UNABLE TO DETERMINE","UNABLE TO DETERMINE","2922","N","SACRAMENTO AVE","1411",,,,,,,"2","NO INDICATION OF INJURY","0","0","0","0","0","1","0","0","2","3","41.934598406","-87.702741296","POINT (-87.702741296448 41.93459840577)"
"145771fbd0a466db11cc54de7bc1ba776752e30b0054de13c9f3cd8620872d58cee935cc155619656e9f0e563fb52db2683a75fcd66c3522835e4b81e344c7e8",,,"2022-03-20T23:45:00.000","30","NO CONTROLS","NO CONTROLS","CLEAR","DARKNESS, LIGHTED ROAD","SIDESWIPE SAME DIRECTION","DIVIDED - W/MEDIAN BARRIER",,"STRAIGHT AND LEVEL","DRY","NO DEFECTS","ON SCENE","NO INJURY / DRIVE AWAY",,,,"OVER $1,500","2022-03-21T00:00:00.000","IMPROPER OVERTAKING/PASSING","IMPROPER LANE USAGE","806","W","RANDOLPH ST","1224",,,,,,,"2","NO INDICATION OF INJURY","0","0","0","0","0","2","0","23","1","3","41.884511813","-87.647760519","POINT (-87.647760518549 41.884511813325)"
"3ab9bdc9bc36e6fc972a4ae7b035c8e75c412fc5b44e220825ae4f1317d08a601095a80bb384a252fc46a0719b95efa37236d01a4f4b6827c666c4b1093fb527",,,"2022-03-20T23:39:00.000","30","NO CONTROLS","NO CONTROLS","CLEAR","DARKNESS, LIGHTED ROAD","PARKED MOTOR VEHICLE","NOT DIVIDED",,"STRAIGHT AND LEVEL","DRY","NO DEFECTS","ON SCENE","INJURY AND / OR TOW DUE TO CRASH",,,,"OVER $1,500","2022-03-20T23:42:00.000","UNDER THE INFLUENCE OF ALCOHOL/DRUGS (USE WHEN ARREST IS EFFECTED)","NOT APPLICABLE","2024","N","PULASKI RD","2525",,,,,,,"2","NO INDICATION OF INJURY","0","0","0","0","0","1","0","23","1","3","41.917913762","-87.726731399","POINT (-87.7267313991 41.917913762285)"
"f12165f32534525d822aa41336e2f4c359a89f1b099e7f986a9058875cb1417129be56b2bd9beecab4bcced273535ab2827504406e330f3fcd3d382083c096ed",,,"2022-03-20T23:39:00.000","30","TRAFFIC SIGNAL","FUNCTIONING PROPERLY","CLEAR","DARKNESS, LIGHTED ROAD","TURNING","FOUR WAY",,"STRAIGHT AND LEVEL","DRY","NO DEFECTS",,"INJURY AND / OR TOW DUE TO CRASH","Y",,,"OVER $1,500","2022-03-20T23:39:00.000","IMPROPER TURNING/NO SIGNAL","NOT APPLICABLE","1800","W","GARFIELD BLVD","932",,,,,,,"2","NO INDICATION OF INJURY","0","0","0","0","0","4","0","23","1","3","41.79407731","-87.669507534","POINT (-87.66950753394 41.794077309585)"
"8fc35123a590437c91d7e6ef0369ad400db1d8e7cac7f7c3686196748c94756337355796892566fd04f35f74065ff7b9ead8199ac82be3abe549e734cbbb14b9",,,"2022-03-20T23:20:00.000","20","NO CONTROLS","UNKNOWN","CLEAR","DARKNESS, LIGHTED ROAD","REAR END","ONE-WAY",,"STRAIGHT AND LEVEL","UNKNOWN","UNKNOWN","NOT ON SCENE (DESK REPORT)","NO INJURY / DRIVE AWAY",,,"Y","OVER $1,500","2022-03-20T23:40:00.000","UNABLE TO DETERMINE","UNABLE TO DETERMINE","3225","W","66TH ST","831",,,,,,,"2","NO INDICATION OF INJURY","0","0","0","0","0","4","0","23","1","3","41.77338595","-87.704027979","POINT (-87.704027979313 41.773385949534)"
"a01d55413a6ee03923edaa52a2edfd67bf38165abb01093983e7015803689c9db95f8522ef1daed8a8009c59112147085e2dc927939706c3ccf58f32b5e2e5d2",,"N","2022-03-20T23:20:00.000","30","NO CONTROLS","NO CONTROLS","CLEAR","DARKNESS, LIGHTED ROAD","FIXED OBJECT","NOT DIVIDED",,"STRAIGHT AND LEVEL","DRY","NO DEFECTS","ON SCENE","INJURY AND / OR TOW DUE TO CRASH",,,"Y","OVER $1,500","2022-03-20T23:30:00.000","UNABLE TO DETERMINE","UNABLE TO DETERMINE","2947","W","LAKE ST","1222",,,,,,,"1","NO INDICATION OF INJURY","0","0","0","0","0","1","0","23","1","3","41.883979371","-87.700702925","POINT (-87.700702925072 41.883979371163)"
"e36e3fd8af2c4afcea80589c46d1a3ad217533e31a7f120a1a82a0121728512e47b5a6347370f8faf9df2e4aaa3fa2484a79f7fd718914fb0969fe5c5a65a9cc",,,"2022-03-20T23:20:00.000","25","UNKNOWN","UNKNOWN","UNKNOWN","DARKNESS","REAR END","NOT DIVIDED",,"STRAIGHT AND LEVEL","UNKNOWN","UNKNOWN","NOT ON SCENE (DESK REPORT)","NO INJURY / DRIVE AWAY",,,"Y","OVER $1,500","2022-03-21T11:30:00.000","UNABLE TO DETERMINE","UNABLE TO DETERMINE","12901","S","HALSTED ST","523",,,,,,,"3","NO INDICATION OF INJURY","0","0","0","0","0","3","0","23","1","3","41.659442547","-87.641147295","POINT (-87.641147294585 41.659442546608)"
"1f1e596ed26359e2b831a6c11b47d43e234b2198a9ab6ff74a4fd5ff0a3f7a4155664a7d09f35abe7ac5511756bd630d2f0b292b8adee6401dc7c80dc58fc831",,,"2022-03-20T23:15:00.000","30","NO CONTROLS","NO CONTROLS","CLEAR","DARKNESS, LIGHTED ROAD","PARKED MOTOR VEHICLE","ONE-WAY",,"STRAIGHT AND LEVEL","DRY","NO DEFECTS","NOT ON SCENE (DESK REPORT)","NO INJURY / DRIVE AWAY",,,"Y","OVER $1,500","2022-03-21T16:48:00.000","UNABLE TO DETERMINE","NOT APPLICABLE","7700","S","MARSHFIELD AVE","611",,,,,,,"2","NO INDICATION OF INJURY","0","0","0","0","0","1","0","23","1","3","41.753884677","-87.664886701","POINT (-87.664886700675 41.753884677038)"
"8f84eb429f3faa70d9488ed153cb6d39c64c97611300d4741a98844416de41168381b1bd16149d9df7e2394775f89a3392728d3106cf526c32eb9d6718df4eab",,,"2022-03-20T23:00:00.000","30","NO CONTROLS","NO CONTROLS","CLEAR","DARKNESS, LIGHTED ROAD","SIDESWIPE SAME DIRECTION","FOUR WAY",,"STRAIGHT AND LEVEL","DRY","NO DEFECTS","NOT ON SCENE (DESK REPORT)","NO INJURY / DRIVE AWAY","Y",,,"$501 - $1,500","2022-03-21T13:50:00.000","IMPROPER OVERTAKING/PASSING","UNABLE TO DETERMINE","5632","W","MADISON ST","1513",,,,,,,"2","NO INDICATION OF INJURY","0","0","0","0","0","2","0","23","1","3","41.880333956","-87.766253945","POINT (-87.766253945447 41.880333955527)"
"cbbc4c4efb1d405281c132fe94730ff5ab0c68fba1ff5993cbd8856c38707bccd1f0c9859f78710b16708b84623344fc13e4b4d2a1a5af3379248ea1e7112284",,,"2022-03-20T23:00:00.000","30","NO CONTROLS","NO CONTROLS","CLEAR","DARKNESS","PARKED MOTOR VEHICLE","ONE-WAY",,"STRAIGHT AND LEVEL","DRY","NO DEFECTS","NOT ON SCENE (DESK REPORT)","NO INJURY / DRIVE AWAY",,,,"OVER $1,500","2022-03-21T13:00:00.000","UNABLE TO DETERMINE","NOT APPLICABLE","1447","W","17TH ST","1233",,,,,,,"2","NO INDICATION OF INJURY","0","0","0","0","0","1","0","23","1","3","41.858640108","-87.663203717","POINT (-87.663203716519 41.858640107931)"
"ea46d8ea855c9c3b6aaf2eea1d3636bd119c7faaee105af363c172bb9d89ecc56b1e650dc5fe5d12a8cca240454e4a67fd1268211760bd403924bf94e4dbeaca",,"Y","2022-03-20T23:00:00.000","15","NO CONTROLS","NO CONTROLS","CLEAR","DARKNESS, LIGHTED ROAD","PARKED MOTOR VEHICLE","ALLEY",,"STRAIGHT AND LEVEL","DRY","UNKNOWN","NOT ON SCENE (DESK REPORT)","NO INJURY / DRIVE AWAY",,"Y","Y","OVER $1,500","2022-03-21T08:30:00.000","UNABLE TO DETERMINE","UNABLE TO DETERMINE","1825","W","NORWOOD ST","2413",,,,,,,"2","NO INDICATION OF INJURY","0","0","0","0","0","1","0","23","1","3","41.991836904","-87.67619689","POINT (-87.676196889794 41.991836904006)"
"52695daa76f88736872b630bb2de186ccf4e0e64974ac2db26ae4f14f8c6c032b17a7e812005ebf6efd45f35e63c4a01d7e7e3b1596106bd4db3f0502f94afae",,,"2022-03-20T22:45:00.000","20","NO CONTROLS","NO CONTROLS","CLEAR","DARKNESS, LIGHTED ROAD","PARKED MOTOR VEHICLE","ONE-WAY",,"STRAIGHT AND LEVEL","DRY","NO DEFECTS","ON SCENE","NO INJURY / DRIVE AWAY",,,"Y","$501 - $1,500","2022-03-20T22:52:00.000","UNABLE TO DETERMINE","DRIVING SKILLS/KNOWLEDGE/EXPERIENCE","2850","W","65TH ST","823",,,,,,,"2","NO INDICATION OF INJURY","0","0","0","0","0","2","0","22","1","3","41.775548479","-87.695341821","POINT (-87.695341820768 41.77554847942)"
"790c39a207464b2060fe45374f852039404ac379f1eb5f7d901e6f8cf09e8fe1c4d8ba62029d2c599c1c4f4bfa8f3848df58d8e82a3224573faf17add4b635ff",,,"2022-03-20T22:36:00.000","30","TRAFFIC SIGNAL","FUNCTIONING PROPERLY","CLEAR","DARKNESS, LIGHTED ROAD","ANGLE","FOUR WAY",,"STRAIGHT AND LEVEL","DRY","NO DEFECTS","ON SCENE","INJURY AND / OR TOW DUE TO CRASH","Y",,,"OVER $1,500","2022-03-20T23:21:00.000","UNABLE TO DETERMINE","UNABLE TO DETERMINE","4358","W","DIVISION ST","2534",,,,,,,"3","NONINCAPACITATING INJURY","3","0","0","3","0","2","0","22","1","3","41.902625338","-87.736027513","POINT (-87.736027513291 41.902625337749)"
"86b1627921598de6cdf2399d9341369f05b9b288b820b3c1b1407a3c1db645c1a834ceaaf0709052c698e22137e3ee4a0623df0a725eaa209d427d3b9195acdd",,,"2022-03-20T22:30:00.000","30","NO CONTROLS","NO CONTROLS","CLEAR","DARKNESS, LIGHTED ROAD","SIDESWIPE OPPOSITE DIRECTION","NOT DIVIDED",,"STRAIGHT AND LEVEL","DRY","NO DEFECTS","NOT ON SCENE (DESK REPORT)","NO INJURY / DRIVE AWAY",,,"Y","OVER $1,500","2022-03-20T23:30:00.000","UNABLE TO DETERMINE","UNABLE TO DETERMINE","2010","N","SHEFFIELD AVE","1811",,,,,,,"2","NO INDICATION OF INJURY","0","0","0","0","0","2","0","22","1","3","41.918474961","-87.653528118","POINT (-87.653528118444 41.918474960769)"
"d98143dabce374801bbec284bcbeced2366503cb74986583c07a331d7a0c5891edd1123007cb7df387403ab8087dc8e0d44709dcc041eaa354dedeb9eccbb2b7",,,"2022-03-20T22:19:00.000","30","NO CONTROLS","FUNCTIONING PROPERLY","CLEAR","DUSK","SIDESWIPE SAME DIRECTION","NOT DIVIDED",,"STRAIGHT AND LEVEL","DRY","NO DEFECTS","ON SCENE","INJURY AND / OR TOW DUE TO CRASH","Y",,,"OVER $1,500","2022-03-20T22:19:00.000","UNABLE TO DETERMINE","DRIVING SKILLS/KNOWLEDGE/EXPERIENCE","3100","N","PULASKI RD","2523",,,,,,,"3","NO INDICATION OF INJURY","0","0","0","0","0","4","0","22","1","3","41.937357727","-87.727282926","POINT (-87.727282926315 41.937357726717)"
"6d1efac3df1ea687618a94f72d93a4f8da80d25d1479f2dcf7eed7bfecee5b29b144e03efe3c9cf2a6ca3937ffa0c6ed4b43812be69f84cb983aeab6e69ec84b",,,"2022-03-20T22:15:00.000","30","NO CONTROLS","NO CONTROLS","CLEAR","DARKNESS, LIGHTED ROAD","ANGLE","NOT DIVIDED",,"STRAIGHT AND LEVEL","DRY","NO DEFECTS","NOT ON SCENE (DESK REPORT)","NO INJURY / DRIVE AWAY",,,,"OVER $1,500","2022-03-21T19:00:00.000","UNABLE TO DETERMINE","NOT APPLICABLE","2010","N","WESTERN AVE","1431",,,,,,,"2","NO INDICATION OF INJURY","0","0","0","0","0","2","0","22","1","3","41.917945947","-87.687568024","POINT (-87.687568024137 41.917945947058)"
"24948f791cd2dde278421305b2b3bd11ca4ffa52e8b32280a429dc9d637b2cec5faf6e4890acedcd95e0a605cdf6dadde31a38d944050921ad70cdff32610c50",,"Y","2022-03-20T22:00:00.000","25","NO CONTROLS","NO CONTROLS","CLEAR","DARKNESS, LIGHTED ROAD","PARKED MOTOR VEHICLE","NOT DIVIDED",,"STRAIGHT AND LEVEL","UNKNOWN","UNKNOWN","NOT ON SCENE (DESK REPORT)","NO INJURY / DRIVE AWAY",,,"Y","$501 - $1,500","2022-03-21T19:00:00.000","UNABLE TO DETERMINE","NOT APPLICABLE","5351","W","BERTEAU AVE","1624",,,,,,,"2","NO INDICATION OF INJURY","0","0","0","0","0","1","0","22","1","3","41.956786128","-87.76176526","POINT (-87.761765260325 41.956786127875)"
"076b17baae2e2a930ef4f53127f897bdefeab78a8d91390c70e3c23fa3ca5e0c6c517fc7e97f2479826d54321b9c339098f00ca6c925fe067d285cfe900120ae",,,"2022-03-20T21:30:00.000","30","TRAFFIC SIGNAL","FUNCTIONING PROPERLY","CLEAR","DARKNESS, LIGHTED ROAD","TURNING","NOT DIVIDED",,"STRAIGHT AND LEVEL","DRY","NO DEFECTS","ON SCENE","NO INJURY / DRIVE AWAY",,,,"$501 - $1,500","2022-03-20T21:30:00.000","IMPROPER TURNING/NO SIGNAL","NOT APPLICABLE","1400","S","HOMAN AVE","1021",,,,,,,"2","NO INDICATION OF INJURY","0","0","0","0","0","3","0","21","1","3","41.862371818","-87.710576899","POINT (-87.710576899133 41.862371817606)"
"cb9545ea0471b08cdf1ab16650cfb41eb3c2edb15018b9f4024a38b0ba83ffb7ae1163f578b6444739e20175cbb62213c65f46ef446c29a0c2ef64fd016d9911",,,"2022-03-20T21:30:00.000","30","NO CONTROLS","NO CONTROLS","CLEAR","DARKNESS","FIXED OBJECT","DIVIDED - W/MEDIAN (NOT RAISED)",,"STRAIGHT AND LEVEL","DRY","UNKNOWN","ON SCENE","INJURY AND / OR TOW DUE TO CRASH",,,,"OVER $1,500","2022-03-20T21:30:00.000","NOT APPLICABLE","NOT APPLICABLE","8844","S","COMMERCIAL AVE","423",,,,,,,"1","NO INDICATION OF INJURY","0","0","0","0","0","1","0","21","1","3","41.734216738","-87.551505127","POINT (-87.551505127325 41.734216737636)"
"7977892418d2a38663693ecdf4ec68faf05db373351a7e49494eb6499368743f383820fdf9d93f6adbefb407b35c333f77745be2a056c406adacae4c372d7ee7",,,"2022-03-20T21:26:00.000","30","NO CONTROLS","NO CONTROLS","CLEAR","DARKNESS, LIGHTED ROAD","PARKED MOTOR VEHICLE","ONE-WAY",,"STRAIGHT AND LEVEL","DRY","UNKNOWN","ON SCENE","NO INJURY / DRIVE AWAY",,,"Y","$501 - $1,500","2022-03-20T21:46:00.000","IMPROPER BACKING","NOT APPLICABLE","60","E","OHIO ST","1834",,,,,,,"2","NO INDICATION OF INJURY","0","0","0","0","0","1","0","21","1","3","41.892625306","-87.6257263","POINT (-87.62572630042 41.89262530563)"
"02f05917de2f994bd76e3e5ce7b7852626f351b54204a37c9c3512b823f3bc4bf7013204dae29e921ea3e4257969c2147d331092c657be57b1ce73fbd95a3a39",,"Y","2022-03-20T21:15:00.000","30","NO CONTROLS","NO CONTROLS","CLEAR","DARKNESS, LIGHTED ROAD","SIDESWIPE SAME DIRECTION","NOT DIVIDED",,"STRAIGHT AND LEVEL","DRY","NO DEFECTS","ON SCENE","NO INJURY / DRIVE AWAY",,,"Y","OVER $1,500","2022-03-20T21:25:00.000","IMPROPER OVERTAKING/PASSING","NOT APPLICABLE","1529","W","83RD ST","614",,,,,,,"2","NO INDICATION OF INJURY","0","0","0","0","0","2","0","21","1","3","41.742981568","-87.661895438","POINT (-87.661895437695 41.742981567505)"
"44bc84a018ff4dd6015f2c951c548bba96eab66c5f70a5aeabebc3466cd23f220f46e45b06084598b4d9e7adbddcd2d2fde77fe59a6c6af6ba6c1492aca848a0",,,"2022-03-20T21:05:00.000","25","NO CONTROLS","NO CONTROLS","CLEAR","DARKNESS","PARKED MOTOR VEHICLE","NOT DIVIDED",,"STRAIGHT AND LEVEL","DRY","NO DEFECTS","ON SCENE","NO INJURY / DRIVE AWAY",,,"Y","$501 - $1,500","2022-03-20T21:06:00.000","UNABLE TO DETERMINE","UNABLE TO DETERMINE","5034","S","JUSTINE ST","933",,,,,,,"2","NO INDICATION OF INJURY","0","0","0","0","0","1","0","21","1","3","41.802100655","-87.663728125","POINT (-87.663728124787 41.802100654612)"
"c7478ec9eb52505faf2a4a314346854fef397dd1607f6135813d1b319d435accbf38aec94a5fda147657cc50263b30bec71fb903caa6d480aa31842577f9aea6",,,"2022-03-20T20:55:00.000","30","NO CONTROLS","NO CONTROLS","CLEAR","DARKNESS, LIGHTED ROAD","SIDESWIPE SAME DIRECTION","DIVIDED - W/MEDIAN BARRIER",,"STRAIGHT AND LEVEL","DRY","NO DEFECTS","ON SCENE","NO INJURY / DRIVE AWAY",,,,"OVER $1,500","2022-03-20T21:00:00.000","UNABLE TO DETERMINE","UNABLE TO DETERMINE","4520","N","CICERO AVE","1623",,,,,,,"2","NO INDICATION OF INJURY","0","0","0","0","0","6","0","20","1","3","41.962806456","-87.747179555","POINT (-87.74717955515 41.962806456367)"
"6b882a9309daebf98d2b67260c76b053f8751b1cacd6c202174fa26e007ca09969f3eb35f19de8667c4be3b5d94b5f418ddc98e12703e6671722cd9c62774767",,,"2022-03-20T20:50:00.000","30","TRAFFIC SIGNAL","FUNCTIONING PROPERLY","CLEAR","DARKNESS, LIGHTED ROAD","TURNING","FOUR WAY",,"STRAIGHT AND LEVEL","UNKNOWN","UNKNOWN","NOT ON SCENE (DESK REPORT)","NO INJURY / DRIVE AWAY","Y",,,"OVER $1,500","2022-03-20T21:27:00.000","IMPROPER LANE USAGE","IMPROPER LANE USAGE","5470","S","WELLS ST","935",,,,,,,"2","NO INDICATION OF INJURY","0","0","0","0","0","2","0","20","1","3","41.794195272","-87.631926398","POINT (-87.63192639781 41.794195272036)"
"5ffafe99eef21a588a09811f155ebbac84cb2b45a5093c24533cad5c4f98e532b56baf13e0da53306ed6847d10d4c5c34c3b5d5c0146140d1269857cf3773e6d",,,"2022-03-20T20:40:00.000","30","NO CONTROLS","NO CONTROLS","CLEAR","DAYLIGHT","PARKED MOTOR VEHICLE","NOT DIVIDED",,"STRAIGHT AND LEVEL","DRY","NO DEFECTS","NOT ON SCENE (DESK REPORT)","NO INJURY / DRIVE AWAY",,,"Y","OVER $1,500","2022-03-21T16:00:00.000","IMPROPER BACKING","UNABLE TO DETERMINE","4504","S","PAULINA ST","924",,,,,,,"2","NO INDICATION OF INJURY","0","0","0","0","0","1","0","20","1","3","41.812011205","-87.667651293","POINT (-87.667651293454 41.812011205398)"
"ccb84bfe7f2dbbeb3d569792b347178592f17918376fe4fad4bf886e709f0bfebdfaef798c8a2f6532852b8a6abecb94f4a90cc23b918cfa0f283cc780e8a441",,,"2022-03-20T20:36:00.000","25","NO CONTROLS","NO CONTROLS","CLEAR","DARKNESS, LIGHTED ROAD","PARKED MOTOR VEHICLE","ONE-WAY",,"STRAIGHT AND LEVEL","DRY","NO DEFECTS","ON SCENE","NO INJURY / DRIVE AWAY",,,"Y","$501 - $1,500","2022-03-20T20:36:00.000","OPERATING VEHICLE IN ERRATIC, RECKLESS, CARELESS, NEGLIGENT OR AGGRESSIVE MANNER","OPERATING VEHICLE IN ERRATIC, RECKLESS, CARELESS, NEGLIGENT OR AGGRESSIVE MANNER","6258","S","ARTESIAN AVE","825",,,,,,,"2","NO INDICATION OF INJURY","0","0","0","0","0","2","0","20","1","3","41.779329263","-87.685012425","POINT (-87.685012425113 41.779329262519)"
"b237e7ef96c313eeefb66c7bb8caeb20e557f74d1351be762cfd9438a80e0e9f689da280911d20f38c0639e02dfb0025f8ae264165dcc45ec75137aca1e1b0e8",,,"2022-03-20T20:35:00.000","30","NO CONTROLS","NO CONTROLS","CLEAR","DARKNESS, LIGHTED ROAD","OTHER NONCOLLISION","NOT DIVIDED",,"STRAIGHT AND LEVEL","DRY","NO DEFECTS","ON SCENE","INJURY AND / OR TOW DUE TO CRASH","Y",,,"$501 - $1,500","2022-03-20T20:39:00.000","UNABLE TO DETERMINE","UNABLE TO DETERMINE","5857","W","MONTROSE AVE","1624",,,,,,,"1","NONINCAPACITATING INJURY","1","0","0","1","0","0","0","20","1","3","41.960277633","-87.77443188","POINT (-87.774431879568 41.960277633278)"
"a5de1694136b621624a4d63108c1162245346c51801f28e5e759f68ac922b7cbffd21d05574bf9c03cb83b26c5fd63c43c4a76b9a6c22bd6d1b2fbbc21151d62",,,"2022-03-20T20:33:00.000","35","NO CONTROLS","OTHER","CLEAR","DARKNESS, LIGHTED ROAD","SIDESWIPE SAME DIRECTION","OTHER",,"STRAIGHT AND LEVEL","DRY","NO DEFECTS","ON SCENE","NO INJURY / DRIVE AWAY",,,,"OVER $1,500","2022-03-20T20:33:00.000","NOT APPLICABLE","NOT APPLICABLE","7003","S","STONY ISLAND AVE","332",,,,,,,"2","NO INDICATION OF INJURY","0","0","0","0","0","4","0","20","1","3","41.7677439","-87.585818443","POINT (-87.585818442563 41.767743900233)"
"333b61387ec61459b0a905807900194bc3d0ae4075f9462b0ca29d0de3fdfb86232341720f221e042fe0e37b3239ed0fe9d15af28fa77f7f63524a0a046071cb",,,"2022-03-20T20:20:00.000","30","TRAFFIC SIGNAL","FUNCTIONING PROPERLY","CLEAR","DARKNESS, LIGHTED ROAD","TURNING","DIVIDED - W/MEDIAN (NOT RAISED)",,"STRAIGHT AND LEVEL","DRY","NO DEFECTS","NOT ON SCENE (DESK REPORT)","NO INJURY / DRIVE AWAY","Y",,,"OVER $1,500","2022-03-20T21:10:00.000","FAILING TO YIELD RIGHT-OF-WAY","DRIVING SKILLS/KNOWLEDGE/EXPERIENCE","2400","N","CENTRAL AVE","2515",,,,,,,"2","NO INDICATION OF INJURY","0","0","0","0","0","2","0","20","1","3","41.924068922","-87.766141214","POINT (-87.766141214132 41.924068922276)"