"crash_record_id","rd_no","crash_date_est_i","crash_date","posted_speed_limit","traffic_control_device","device_condition","weather_condition","lighting_condition","first_crash_type","trafficway_type","lane_cnt","alignment","roadway_surface_cond","road_defect","report_type","crash_type","intersection_related_i","private_property_i","hit_and_run_i","damage","date_police_notified","prim_contributory_cause","sec_contributory_cause","street_no","street_direction","street_name","beat_of_occurrence","photos_taken_i","statements_taken_i","dooring_i","work_zone_i","work_zone_type","workers_present_i","num_units","most_severe_injury","injuries_total","injuries_fatal","injuries_incapacitating","injuries_non_incapacitating","injuries_reported_not_evident","injuries_no_indication","injuries_unknown","crash_hour","crash_day_of_week","crash_month","latitude","longitude","location"
"cc56885f5452cd35708abd6846f93bca94f24c6376c9ea8d775b0939e2fb6d5b1d8f125073e90c4c425b7d46dd028ab0672240868ba3a2edd04f0f4034b85786",,,"2022-03-20T15:10:00.000","30","STOP SIGN/FLASHER","UNKNOWN","CLEAR","DAYLIGHT","REAR END","DIVIDED - W/MEDIAN (NOT RAISED)",,"STRAIGHT AND LEVEL","DRY","UNKNOWN","ON SCENE","INJURY AND / OR TOW DUE TO CRASH",,,,"$501 - $1,500","2022-03-20T15:14:00.000","UNABLE TO DETERMINE","UNABLE TO DETERMINE","102","N","PULASKI RD","1114",,,,,,,"3","NONINCAPACITATING INJURY","2","0","0","2","0","1","0","15","1","3","41.88206002","-87.725855948","POINT (-87.725855947708 41.882060019746)"
"f1762a3355a98f47939fe850226ba945ddbdea978111ca831ef4b8a3bd3460e04368c4e3d9f44f57af8e39d374350987d2dba6655acc62909335769dd30fb050",,,"2022-03-20T15:10:00.000","30","NO CONTROLS","NO CONTROLS","CLEAR","DAYLIGHT","REAR END","NOT DIVIDED",,"STRAIGHT AND LEVEL","DRY","NO DEFECTS","NOT ON SCENE (DESK REPORT)","NO INJURY / DRIVE AWAY",,,,"OVER $1,500","2022-03-20T15:25:00.000","FAILING TO REDUCE SPEED TO AVOID CRASH","DRIVING SKILLS/KNOWLEDGE/EXPERIENCE","5146","S","ARCHER AVE","815",,,,,,,"2","NO INDICATION OF INJURY","0","0","0","0","0","2","0","15","1","3","41.800535726","-87.731691497","POINT (-87.731691497046 41.800535725928)"
"e32502967268c0f64aad2bcd1be3398469102308c03ed4f25425c011e03031e893e300f96f28b6f9cadcae2c9bdc218bf2cb6ddfb26ccb11b83813afd54d84bc",,,"2022-03-20T15:08:00.000","30","NO CONTROLS","NO CONTROLS","CLEAR","DAYLIGHT","TURNING","FOUR WAY",,"STRAIGHT AND LEVEL","DRY","NO DEFECTS","ON SCENE","NO INJURY / DRIVE AWAY","Y",,,"$501 - $1,500","2022-03-20T15:08:00.000","FAILING TO YIELD RIGHT-OF-WAY","IMPROPER TURNING/NO SIGNAL","817","S","AUSTIN BLVD","1513",,,,,,,"2","NO INDICATION OF INJURY","0","0","0","0","0","3","0","15","1","3",,,
"f8f149a26a9e80e6799a2b3004e1a06a23de232daae1611d538c8dec4748c4c17af27c92aaea186b9ecd65b841d4b67d54502a3f86a7d66bbc48a43d9b74b49b",,,"2022-03-20T15:05:00.000","25","NO CONTROLS","NO CONTROLS","CLEAR","DAYLIGHT","SIDESWIPE SAME DIRECTION","ONE-WAY",,"STRAIGHT AND LEVEL","DRY","NO DEFECTS","NOT ON SCENE (DESK REPORT)","NO INJURY / DRIVE AWAY",,,,"OVER $1,500","2022-03-22T15:30:00.000","DISTRACTION - FROM INSIDE VEHICLE","NOT APPLICABLE","11111","S","WHIPPLE ST","2211",,,,,,,"2","NO INDICATION OF INJURY","0","0","0","0","0","2","0","15","1","3","41.691245746","-87.697060043","POINT (-87.697060043039 41.691245746314)"
"71913b6ca74fbaadd09947cfb1d5ea4dc5ed15e0cdd771ee5aafbfbc62f5181900b81775607d7d97f3730630208a07beec78c16186c68dd2adfdda70b26475d1",,,"2022-03-20T15:04:00.000","30","NO CONTROLS","NO CONTROLS","CLEAR","DAYLIGHT","ANGLE","DIVIDED - W/MEDIAN (NOT RAISED)",,"STRAIGHT AND LEVEL","DRY","NO DEFECTS","ON SCENE","INJURY AND / OR TOW DUE TO CRASH",,,,"OVER $1,500","2022-03-20T15:04:00.000","UNABLE TO DETERMINE","UNABLE TO DETERMINE","814","N","KEDZIE AVE","1121",,,,,,,"2","NO INDICATION OF INJURY","0","0","0","0","0","4","0","15","1","3","41.896066938","-87.706721452","POINT (-87.706721452377 41.896066938152)"
"8e6aed09cb11f91bcad02983806051077ecb2e9f97fba02aa88c3a609b188d44106fae7ef22d1be1e6c391ed19887535c25df00fe7836761018f6afad36df146",,,"2022-03-20T15:03:00.000","30","NO CONTROLS","NO CONTROLS","CLEAR","DAYLIGHT","SIDESWIPE SAME DIRECTION","DIVIDED - W/MEDIAN (NOT RAISED)",,"STRAIGHT AND LEVEL","DRY","NO DEFECTS","ON SCENE","INJURY AND / OR TOW DUE TO CRASH",,,,"OVER $1,500","2022-03-20T15:45:00.000","UNABLE TO DETERMINE","UNABLE TO DETERMINE","4760","N","WESTERN AVE","1911",,,,,,,"2","NO INDICATION OF INJURY","0","0","0","0","0","5","0","15","1","3","41.96852031","-87.689051642","POINT (-87.689051642353 41.968520309915)"
"4474b39cea65903009805bc71882980ccdde0156030ce4ec74e48003a1d7d6d99663025337de023e4344c3824e63232226f554d212d83ba81c8a54cf3dcbb756",,,"2022-03-20T15:00:00.000","30","STOP SIGN/FLASHER","FUNCTIONING PROPERLY","UNKNOWN","UNKNOWN","REAR END","DIVIDED - W/MEDIAN (NOT RAISED)",,"STRAIGHT AND LEVEL","UNKNOWN","UNKNOWN","NOT ON SCENE (DESK REPORT)","NO INJURY / DRIVE AWAY",,,"Y","$500 OR LESS","2022-03-20T17:00:00.000","UNABLE TO DETERMINE","NOT APPLICABLE","1600","E","79TH ST","411",,,,,,,"2","NO INDICATION OF INJURY","0","0","0","0","0","2","0","15","1","3","41.751611523","-87.585592284","POINT (-87.585592284288 41.751611523273)"
"4743625e224cc6cc164d4b48dcaece3ca66208cf2166ed9ff9a4974fc956f90bd15e486c8f3c9359b0c5e3f1d6c570eefab67f5ce61c8f83c3efa7c1712dc2e2",,,"2022-03-20T15:00:00.000","30","TRAFFIC SIGNAL","FUNCTIONING PROPERLY","CLEAR","DAYLIGHT","SIDESWIPE SAME DIRECTION","NOT DIVIDED",,"STRAIGHT AND LEVEL","DRY","NO DEFECTS","NOT ON SCENE (DESK REPORT)","NO INJURY / DRIVE AWAY",,,,"OVER $1,500","2022-03-20T15:27:00.000","NOT APPLICABLE","NOT APPLICABLE","1447","S","WABASH AVE","131",,,,,,,"2","NO INDICATION OF INJURY","0","0","0","0","0","3","0","15","1","3","41.862777406","-87.625578555","POINT (-87.625578555157 41.862777405685)"
"21cba18f43097c68caecc8a667446e91ee5b02f9567b22a621f2d21d15acc737303c2283e24b631505a7601e008142c8b9b543d4c99715d5c5244705218706c8",,,"2022-03-20T14:55:00.000","30","TRAFFIC SIGNAL","FUNCTIONING IMPROPERLY","CLEAR","DAYLIGHT","REAR END","DIVIDED - W/MEDIAN BARRIER",,"STRAIGHT AND LEVEL","DRY","NO DEFECTS","ON SCENE","INJURY AND / OR TOW DUE TO CRASH",,,,"OVER $1,500","2022-03-20T14:55:00.000","FOLLOWING TOO CLOSELY","FAILING TO YIELD RIGHT-OF-WAY","951","E","130TH ST","533",,,,,,,"2","NO INDICATION OF INJURY","0","0","0","0","0","6","0","14","1","3","41.659178948","-87.599210072","POINT (-87.599210072494 41.659178947538)"
"523f400388bf74cb620c06c801b385fa00006cfec11574f8ef02a3e964e6c1d783fede9e3e3e77372ac64e49db2c9297b38bc30de38ea590f57875b06082ff26",,,"2022-03-20T14:55:00.000","15","NO CONTROLS","NO CONTROLS","CLEAR","DAYLIGHT","PARKED MOTOR VEHICLE","PARKING LOT",,"STRAIGHT AND LEVEL","UNKNOWN","UNKNOWN","NOT ON SCENE (DESK REPORT)","NO INJURY / DRIVE AWAY",,,,"$501 - $1,500","2022-03-20T17:09:00.000","IMPROPER OVERTAKING/PASSING","IMPROPER OVERTAKING/PASSING","2528","S","KEDZIE AVE","1024",,,,,,,"2","NO INDICATION OF INJURY","0","0","0","0","0","1","0","14","1","3","41.845451414","-87.705214285","POINT (-87.705214285168 41.845451414064)"
"1cd88c84e26bb7b8b4073d0ae1511745d86fb4f602b24c26875bdaffcf0811f34faf08a25169c1660fe7e8b89223024924b7cb60c53eca1f4a5c160a40331200",,,"2022-03-20T14:50:00.000","30","NO CONTROLS","NO CONTROLS","CLEAR","DAYLIGHT","PARKED MOTOR VEHICLE","ONE-WAY",,"STRAIGHT AND LEVEL","DRY","UNKNOWN","NOT ON SCENE (DESK REPORT)","NO INJURY / DRIVE AWAY",,,,"OVER $1,500","2022-03-20T15:45:00.000","DRIVING SKILLS/KNOWLEDGE/EXPERIENCE","NOT APPLICABLE","1411","N","FAIRFIELD AVE","1423",,,,,,,"2","NO INDICATION OF INJURY","0","0","0","0","0","1","0","14","1","3","41.906964487","-87.695539648","POINT (-87.695539647676 41.906964486893)"
"39bd0b271a180947116b04c910c21674270f61d7cdbf2072ea50defa643f1bc657b0ecbe7c653b7279c8312a20a9ab3e52b467d7205b97698cee0d33c44376ce",,,"2022-03-20T14:45:00.000","10","NO CONTROLS","NO CONTROLS","CLEAR","DAYLIGHT","PARKED MOTOR VEHICLE","PARKING LOT",,"STRAIGHT AND LEVEL","DRY","NO DEFECTS","NOT ON SCENE (DESK REPORT)","NO INJURY / DRIVE AWAY",,"Y",,"$501 - $1,500","2022-03-20T16:03:00.000","UNABLE TO DETERMINE","UNABLE TO DETERMINE","1840","N","CLYBOURN AVE","1811",,,,,,,"2","NO INDICATION OF INJURY","0","0","0","0","0","1","0","14","1","3","41.914423714","-87.654627843","POINT (-87.65462784303 41.91442371409)"
"caf8891155fdeb58fb5ca3b63acb5db1b3842ac4fa9ccc65694baf8e22549686907ded1325c1a210e1dedb4cfe562133c5512abcffb7a8c75ffd43a9e4053268",,,"2022-03-20T14:45:00.000","30","NO CONTROLS","NO CONTROLS","CLEAR","DAYLIGHT","SIDESWIPE SAME DIRECTION","DIVIDED - W/MEDIAN (NOT RAISED)",,"STRAIGHT AND LEVEL","UNKNOWN","UNKNOWN","ON SCENE","INJURY AND / OR TOW DUE TO CRASH",,,"Y","OVER $1,500","2022-03-20T15:15:00.000","IMPROPER OVERTAKING/PASSING","UNABLE TO DETERMINE","1100","W","71ST ST","733",,,,,,,"2","NONINCAPACITATING INJURY","3","0","0","2","1","2","0","14","1","3","41.765200281","-87.651753644","POINT (-87.651753643736 41.765200280632)"
"d86697498d394f8c3a399bd444905a2e00121392679ce26f819074661a401cd44901b912057ad8490058a434aa20aa45a120de9fd6612ccbfe9d0cdbd962e948",,,"2022-03-20T14:45:00.000","30","NO CONTROLS","NO CONTROLS","CLEAR","DAYLIGHT","SIDESWIPE SAME DIRECTION","NOT DIVIDED",,"STRAIGHT AND LEVEL","DRY","WORN SURFACE","NOT ON SCENE (DESK REPORT)","NO INJURY / DRIVE AWAY",,,"Y","$500 OR LESS","2022-03-20T15:00:00.000","UNABLE TO DETERMINE","NOT APPLICABLE","3317","E","106TH ST","432",,,,,,,"2","NO INDICATION OF INJURY","0","0","0","0","0","2","0","14","1","3","41.702649382","-87.543039313","POINT (-87.543039313045 41.702649382153)"
"61d1706fe4b4f72c670090560c241756029959e0ce4e6a6343dfe4f44fba7b99aef9d83bf7a0364978899b9ea38c3f26442b2da27e8328f58b360a9b78c55863",,,"2022-03-20T14:32:00.000","30","NO CONTROLS","NO CONTROLS","CLEAR","DAYLIGHT","REAR END","ONE-WAY",,"STRAIGHT AND LEVEL","DRY","NO DEFECTS","NOT ON SCENE (DESK REPORT)","NO INJURY / DRIVE AWAY",,,,"$501 - $1,500","2022-03-20T15:10:00.000","UNABLE TO DETERMINE","UNABLE TO DETERMINE","225","S","CANAL ST","121",,,,,,,"2","NO INDICATION OF INJURY","0","0","0","0","0","2","0","14","1","3","41.878531278","-87.63942746","POINT (-87.639427459627 41.878531278354)"
"1fb1a8bdcc585815a63eae302a01bead6348285b47d8b29d15d6be1461b19f0c9a6342237fc82527cc4ba417a05c4361175c1820f5e0d41ae1fcd8cda47e7026",,,"2022-03-20T14:30:00.000","30","TRAFFIC SIGNAL","FUNCTIONING PROPERLY","CLEAR","DAYLIGHT","TURNING","DIVIDED - W/MEDIAN (NOT RAISED)",,"STRAIGHT AND LEVEL","DRY","NO DEFECTS","NOT ON SCENE (DESK REPORT)","NO INJURY / DRIVE AWAY",,,,"$501 - $1,500","2022-03-20T14:50:00.000","FAILING TO YIELD RIGHT-OF-WAY","IMPROPER TURNING/NO SIGNAL","3330","N","KIMBALL AVE","1732",,,,,,,"2","NO INDICATION OF INJURY","0","0","0","0","0","2","0","14","1","3","41.942073517","-87.712735824","POINT (-87.712735823952 41.942073516765)"
"3c350870a13b63d36f51c17a8de338594abc63302ff44982a92d92a2c7e9b779beb4643bcf3d2abe4a4c7499619fa50a28e7348502111fcfde438621d6a3c724",,,"2022-03-20T14:30:00.000","30","TRAFFIC SIGNAL","FUNCTIONING PROPERLY","CLEAR","DAYLIGHT","REAR END","NOT DIVIDED",,"STRAIGHT AND LEVEL","DRY","NO DEFECTS","NOT ON SCENE (DESK REPORT)","NO INJURY / DRIVE AWAY",,,,"$501 - $1,500","2022-03-20T15:16:00.000","FOLLOWING TOO CLOSELY","FAILING TO REDUCE SPEED TO AVOID CRASH","2030","N","NARRAGANSETT AVE","2512",,,,,,,"2","NO INDICATION OF INJURY","0","0","0","0","0","4","0","14","1","3","41.917455094","-87.785402399","POINT (-87.785402398609 41.917455093553)"
"9bd54503244b01e9c6d760fb291a68fc9e78d7ab78d8c71191a81aec0630d19b0c82465cc91f27b2629e2e11656e2939cd4504580130b7976f78b2b3d2b83e00",,,"2022-03-20T14:30:00.000","30","TRAFFIC SIGNAL","FUNCTIONING PROPERLY","CLEAR","DAYLIGHT","REAR END","DIVIDED - W/MEDIAN (NOT RAISED)",,"STRAIGHT AND LEVEL","DRY","NO DEFECTS","NOT ON SCENE (DESK REPORT)","NO INJURY / DRIVE AWAY",,,,"OVER $1,500","2022-03-20T14:55:00.000","UNABLE TO DETERMINE","UNABLE TO DETERMINE","2400","W","MONTROSE AVE","1911",,,,,,,"2","NO INDICATION OF INJURY","0","0","0","0","0","2","0","14","1","3","41.961421726","-87.68874698","POINT (-87.688746979839 41.961421726406)"
"b81a75263758556c2fa3d791f54fb9f7d75cf84d202bddec48b197fbd23dc9cb5efa4ef3803cf4544c72ddce52acb45972866403d75740ea7b03e96054ec097c",,,"2022-03-20T14:30:00.000","15","STOP SIGN/FLASHER","FUNCTIONING PROPERLY","CLEAR","DAYLIGHT","ANGLE","PARKING LOT",,"STRAIGHT AND LEVEL","DRY","UNKNOWN","NOT ON SCENE (DESK REPORT)","NO INJURY / DRIVE AWAY",,"Y",,"$501 - $1,500","2022-03-20T14:30:00.000","UNABLE TO DETERMINE","NOT APPLICABLE","6420","W","FULLERTON AVE","2512",,,,,,,"2","NO INDICATION OF INJURY","0","0","0","0","0","4","0","14","1","3","41.923781797","-87.786253674","POINT (-87.786253674433 41.92378179667)"
"ec64e03a740780e32da615c8bfba03d4a2750f177952c0e64bde38ff6aafdcb2058249d94a3bff33f616245b51029f18f3bb01f43717118dcb8593ea2e8b5eb9",,,"2022-03-20T14:30:00.000","30","TRAFFIC SIGNAL","FUNCTIONING PROPERLY","CLEAR","DAYLIGHT","REAR END","DIVIDED - W/MEDIAN (NOT RAISED)",,"STRAIGHT AND LEVEL","DRY","UNKNOWN","NOT ON SCENE (DESK REPORT)","NO INJURY / DRIVE AWAY",,,,"OVER $1,500","2022-03-20T15:20:00.000","UNABLE TO DETERMINE","UNABLE TO DETERMINE","3308","N","PULASKI RD","1731",,,,,,,"2","NO INDICATION OF INJURY","0","0","0","0","0","6","0","14","1","3","41.941150429","-87.727393087","POINT (-87.727393087269 41.941150429285)"
"aef0112bc88f9d731100f36665307e22cb9b4d056f3a249f109a5c1ff1ea623049ad3e0281761cad54d0fb1156e31d4c712ab64f3afba4603c9036fba384b28e",,,"2022-03-20T14:05:00.000","30","NO CONTROLS","NO CONTROLS","CLEAR","DAYLIGHT","PARKED MOTOR VEHICLE","ONE-WAY",,"STRAIGHT AND LEVEL","DRY","NO DEFECTS","ON SCENE","INJURY AND / OR TOW DUE TO CRASH",,,,"OVER $1,500","2022-03-20T14:10:00.000","UNABLE TO DETERMINE","UNABLE TO DETERMINE","4451","N","MENARD AVE","1622",,,,,,,"3","NO INDICATION OF INJURY","0","0","0","0","0","2","0","14","1","3","41.961965099","-87.772034135","POINT (-87.772034135156 41.961965099145)"
"7502a95cf69aa29f8c05e36c0e67742317824f7b72bdf202a8a1ea6c0dbe0eaf42f11738c6a0938cf64d44149116939e6208f13084cfea8d336bf758a901d820",,,"2022-03-20T14:04:00.000","10","NO CONTROLS","NO CONTROLS","CLEAR","DAYLIGHT","PARKED MOTOR VEHICLE","PARKING LOT",,"STRAIGHT AND LEVEL","DRY","NO DEFECTS","ON SCENE","NO INJURY / DRIVE AWAY",,,"Y","$501 - $1,500","2022-03-20T14:10:00.000","FAILING TO YIELD RIGHT-OF-WAY","NOT APPLICABLE","7633","S","JEFFERY BLVD","414",,,,,,,"2","NO INDICATION OF INJURY","0","0","0","0","0","1","0","14","1","3","41.756067575","-87.575936913","POINT (-87.575936912507 41.756067574527)"
"8cb028f44c390b587925c48a26f3b13090f36b3bf3251732da51ae59fcae30519d8f8507ec7305837baffbde9c08824472555f59d917480279e3f5d1d72381e1",,,"2022-03-20T14:04:00.000","30","NO CONTROLS","NO CONTROLS","CLEAR","DAYLIGHT","PARKED MOTOR VEHICLE","PARKING LOT",,"STRAIGHT AND LEVEL","UNKNOWN","UNKNOWN","NOT ON SCENE (DESK REPORT)","NO INJURY / DRIVE AWAY",,"Y","Y","$500 OR LESS","2022-03-20T17:10:00.000","IMPROPER BACKING","NOT APPLICABLE","875","N","MICHIGAN AVE","1833",,,,,,,"2","NO INDICATION OF INJURY","0","0","0","0","0","1","0","14","1","3","41.898948542","-87.623974988","POINT (-87.62397498769 41.89894854173)"
"183e115146c42dd04d0e10f750a67df32a68c2096a452a5404b9e1c778940528c4a23193ad26b17beb62eab820d15ed284f2853ca6d71ec680e0e43485e5c2b7",,,"2022-03-20T14:00:00.000","10","NO CONTROLS","NO CONTROLS","CLEAR","DAYLIGHT","ANGLE","PARKING LOT",,"STRAIGHT AND LEVEL","DRY","NO DEFECTS","NOT ON SCENE (DESK REPORT)","NO INJURY / DRIVE AWAY",,"Y",,"OVER $1,500","2022-03-20T15:02:00.000","IMPROPER BACKING","NOT APPLICABLE","9500","S","STONY ISLAND AVE","511",,,,,,,"2","NO INDICATION OF INJURY","0","0","0","0","0","2","0","14","1","3","41.722257273","-87.585275565","POINT (-87.585275565077 41.722257273006)"
"60461c914d2c210f83226b3a1112a15d959341f5c90f1c71463798a95bcf44f800df4221c4446f6ea961b0c233c99841004f1e6bff0892402a65c7b74896f6bd",,,"2022-03-20T14:00:00.000","30","UNKNOWN","UNKNOWN","CLEAR","DAYLIGHT","REAR END","UNKNOWN",,"STRAIGHT AND LEVEL","DRY","UNKNOWN","NOT ON SCENE (DESK REPORT)","NO INJURY / DRIVE AWAY",,"Y","Y","OVER $1,500","2022-03-20T17:00:00.000","UNABLE TO DETERMINE","UNABLE TO DETERMINE","1214","E","53RD ST","234",,,,,,,"2","NO INDICATION OF INJURY","0","0","0","0","0","2","0","14","1","3","41.799572329","-87.595997332","POINT (-87.595997331925 41.799572329461)"
"6f0f9553927cf40f4042f2f2363e74790897d222a291b31ae54e6799fdcbc11ede850af0a4c57f412b3cc631fc6b78fb8510de9dbeed3f30bac7a5983dd4d46b",,,"2022-03-20T14:00:00.000","30","TRAFFIC SIGNAL","FUNCTIONING PROPERLY","CLEAR","DAYLIGHT","REAR END","DIVIDED - W/MEDIAN (NOT RAISED)",,"STRAIGHT AND LEVEL","DRY","NO DEFECTS","NOT ON SCENE (DESK REPORT)","NO INJURY / DRIVE AWAY",,,,"$501 - $1,500","2022-03-20T14:00:00.000","FAILING TO YIELD RIGHT-OF-WAY","UNABLE TO DETERMINE","3550","W","ADDISON ST","1732",,,,,,,"2","NO INDICATION OF INJURY","0","0","0","0","0","2","0","14","1","3","41.946619045","-87.717182376","POINT (-87.717182375697 41.94661904518)"
"c1c51dfbf6e2e083b458a6973d022de31fde55d3953d722ae16499b1e41a05a8f66c7985be02b63714f42aaaac6e1db2d5489233ad6d8b89b47b1296866f67f6",,,"2022-03-20T14:00:00.000","30","TRAFFIC SIGNAL","FUNCTIONING PROPERLY","CLEAR","DAYLIGHT","REAR END","ONE-WAY",,"STRAIGHT AND LEVEL","DRY","UNKNOWN","NOT ON SCENE (DESK REPORT)","NO INJURY / DRIVE AWAY",,,,"OVER $1,500","2022-03-20T19:45:00.000","FOLLOWING TOO CLOSELY","UNABLE TO DETERMINE","4000","N","KEELER AVE","1722",,,,,,,"2","NO INDICATION OF INJURY","0","0","0","0","0","2","0","14","1","3","41.953612729","-87.732621039","POINT (-87.73262103929 41.953612728673)"
"987ab732ffd8cf7dd93186ff31e0b17cdc1fbe31c4d0fe64074fc8c105060f030c73eca4214e9a738618e64b97097624f406c858167a4697000f7027ba120eba",,,"2022-03-20T13:50:00.000","30","NO CONTROLS","FUNCTIONING PROPERLY","CLEAR","DAYLIGHT","TURNING","NOT DIVIDED",,"STRAIGHT AND LEVEL","DRY","NO DEFECTS","NOT ON SCENE (DESK REPORT)","NO INJURY / DRIVE AWAY",,,,"OVER $1,500","2022-03-20T15:58:00.000","FAILING TO YIELD RIGHT-OF-WAY","NOT APPLICABLE","7827","S","ASHLAND AVE","612",,,,,,,"2","NO INDICATION OF INJURY","0","0","0","0","0","2","0","13","1","3","41.751352018","-87.663315766","POINT (-87.663315765548 41.751352017973)"
"e681cc55852226eaad8fa800f8da31fec85d6658e5936702167924fb1ffe4cbd0aaafcee92746e2c00f05ce094e47eceace54d34c0bbf40263d35f64ed8a4aae",,,"2022-03-20T13:50:00.000","30","TRAFFIC SIGNAL","NO CONTROLS","CLEAR","DAYLIGHT","TURNING","NOT DIVIDED",,"STRAIGHT AND LEVEL","DRY","NO DEFECTS","ON SCENE","NO INJURY / DRIVE AWAY","Y",,,"OVER $1,500","2022-03-20T13:57:00.000","IMPROPER TURNING/NO SIGNAL","NOT APPLICABLE","5548","W","IRVING PARK RD","1624",,,,,,,"2","NO INDICATION OF INJURY","0","0","0","0","0","2","0","13","1","3","41.953305065","-87.766496041","POINT (-87.766496041123 41.953305065388)"
"5aec5b758a482d1495d5d222debcbecd8c95b09d1391718770542c84756025271dbecafa325d174d425c4e4551a28a9344df474b523003d93fe86db6424c0922",,,"2022-03-20T13:44:00.000","30","NO CONTROLS","NO CONTROLS","CLEAR","DAYLIGHT","REAR END","DIVIDED - W/MEDIAN (NOT RAISED)",,"STRAIGHT AND LEVEL","DRY","NO DEFECTS","ON SCENE","INJURY AND / OR TOW DUE TO CRASH",,,"Y","OVER $1,500","2022-03-20T13:44:00.000","OPERATING VEHICLE IN ERRATIC, RECKLESS, CARELESS, NEGLIGENT OR AGGRESSIVE MANNER","OPERATING VEHICLE IN ERRATIC, RECKLESS, CARELESS, NEGLIGENT OR AGGRESSIVE MANNER","3100","S","DAMEN AVE","912",,,,,,,"2","INCAPACITATING INJURY","1","0","1","0","0","2","0","13","1","3","41.837582758","-87.675590627","POINT (-87.675590626552 41.837582757773)"
"5cc700ab7a603019d002a3ba76c6cddefe260e2d79e60ed5d72e9ad6398d63439af52bb2061e680d2f0cd5fb2b6f0a0ef638d3b0544563d416bbb9801711e217",,,"2022-03-20T13:30:00.000","30","STOP SIGN/FLASHER","FUNCTIONING PROPERLY","CLEAR","DAYLIGHT","ANGLE","NOT DIVIDED",,"STRAIGHT AND LEVEL","DRY","NO DEFECTS","NOT ON SCENE (DESK REPORT)","NO INJURY / DRIVE AWAY","Y",,,"$501 - $1,500","2022-03-20T14:10:00.000","UNABLE TO DETERMINE","UNABLE TO DETERMINE","599","W","OAK ST","1823",,,,,,,"2","NO INDICATION OF INJURY","0","0","0","0","0","2","0","13","1","3","41.900304215","-87.643038459","POINT (-87.643038459373 41.900304214927)"
"b21c2fdfa75be8db82753ad9d59ee3660bebf91308ff269d9398ca49a23fbfdfc306198f8e04bc2620b44afba5edd6886777811c853b03c8c8acda4779b45e4c",,,"2022-03-20T13:30:00.000","30","NO CONTROLS","NO CONTROLS","CLEAR","DAYLIGHT","PARKED MOTOR VEHICLE","ALLEY",,"STRAIGHT AND LEVEL","DRY","UNKNOWN","NOT ON SCENE (DESK REPORT)","NO INJURY / DRIVE AWAY","Y",,,"$501 - $1,500","2022-03-20T14:10:00.000","UNABLE TO DETERMINE","UNABLE TO DETERMINE","3530","W","26TH ST","1024",,,,,,,"2","NO INDICATION OF INJURY","0","0","0","0","0","3","0","13","1","3","41.844510809","-87.713509186","POINT (-87.713509186015 41.844510808819)"
"d9b7ae1604793bef40402a35e8a2034324019f48493e0f3fcb1fa8e0a74d286369f3ba14454043d7739575370e378917818e1594bb46f99f2a7d4901344c3cef",,,"2022-03-20T13:30:00.000","15","NO CONTROLS","NO CONTROLS","CLEAR","DAYLIGHT","FIXED OBJECT","PARKING LOT",,"STRAIGHT AND LEVEL","DRY","NO DEFECTS","NOT ON SCENE (DESK REPORT)","NO INJURY / DRIVE AWAY",,"Y",,"$501 - $1,500","2022-03-20T15:00:00.000","UNABLE TO DETERMINE","NOT APPLICABLE","1620","W","HARRISON ST","1231",,,,,,,"1","NO INDICATION OF INJURY","0","0","0","0","0","1","0","13","1","3","41.874296161","-87.667612811","POINT (-87.667612810518 41.8742961615)"
"b0bc0eb39bb707b3dd31badb1000e40131f10fe39b8b3a4e6eea54b22d6b0652607deb4ffb97e0c72814b29bd77edd7643441b64a4c3243f4950ed2b349d7ce0",,,"2022-03-20T13:25:00.000","30","NO CONTROLS","NO CONTROLS","UNKNOWN","UNKNOWN","OTHER OBJECT","OTHER",,"STRAIGHT AND LEVEL","UNKNOWN","UNKNOWN","NOT ON SCENE (DESK REPORT)","NO INJURY / DRIVE AWAY",,"Y",,"OVER $1,500","2022-03-20T16:00:00.000","UNABLE TO DETERMINE","NOT APPLICABLE","1538","E","95TH ST","413",,,,,,,"1","NO INDICATION OF INJURY","0","0","0","0","0","1","0","13","1","3","41.722439476","-87.586185836","POINT (-87.586185836462 41.722439475881)"
"9e6bf2d12cb287d9f396003302a80e988b8e0c46c84b527a20e7d27542fddb576508a920fbc4958bee0dcce35d9902e1e0fb7d1d6f487014dcd7c8959736ede4",,,"2022-03-20T13:22:00.000","10","NO CONTROLS","NO CONTROLS","CLEAR","DAYLIGHT","ANGLE","OTHER",,"STRAIGHT AND LEVEL","DRY","NO DEFECTS","NOT ON SCENE (DESK REPORT)","NO INJURY / DRIVE AWAY",,,,"OVER $1,500","2022-03-20T13:22:00.000","IMPROPER BACKING","DRIVING SKILLS/KNOWLEDGE/EXPERIENCE","6657","S","HALSTED ST","723",,,,,,,"2","NO INDICATION OF INJURY","0","0","0","0","0","2","0","13","1","3","41.772583994","-87.644453159","POINT (-87.644453159494 41.77258399363)"