"crash_record_id","rd_no","crash_date_est_i","crash_date","posted_speed_limit","traffic_control_device","device_condition","weather_condition","lighting_condition","first_crash_type","trafficway_type","lane_cnt","alignment","roadway_surface_cond","road_defect","report_type","crash_type","intersection_related_i","private_property_i","hit_and_run_i","damage","date_police_notified","prim_contributory_cause","sec_contributory_cause","street_no","street_direction","street_name","beat_of_occurrence","photos_taken_i","statements_taken_i","dooring_i","work_zone_i","work_zone_type","workers_present_i","num_units","most_severe_injury","injuries_total","injuries_fatal","injuries_incapacitating","injuries_non_incapacitating","injuries_reported_not_evident","injuries_no_indication","injuries_unknown","crash_hour","crash_day_of_week","crash_month","latitude","longitude","location"
"222168b12afba32acfc1a784645c87e297c0efdf8f6705f6e5bd03d94d223e5364cdc57223a333659d60ce305b4a24011ca4ff6e78877603a9a4120efcdcca3d",,,"2022-03-20T13:13:00.000","30","STOP SIGN/FLASHER","FUNCTIONING PROPERLY","CLEAR","DAYLIGHT","SIDESWIPE SAME DIRECTION","FOUR WAY",,"STRAIGHT AND LEVEL","DRY","NO DEFECTS","ON SCENE","NO INJURY / DRIVE AWAY","Y",,"Y","$501 - $1,500","2022-03-20T13:13:00.000","FAILING TO YIELD RIGHT-OF-WAY","IMPROPER OVERTAKING/PASSING","1400","W","99TH ST","2213",,,,,,,"2","NO INDICATION OF INJURY","0","0","0","0","0","5","0","13","1","3","41.714141449","-87.657523273","POINT (-87.657523273026 41.714141448578)"
"bb2abd14629c32cb8c61c397050b6b973a4275623a29b4b3e0aaed91298ca53f74c52806aab208bf990e09d53129e4151c50a943dcad997c7cded109b269144a",,,"2022-03-20T13:10:00.000","30","TRAFFIC SIGNAL","FUNCTIONING PROPERLY","CLEAR","DAYLIGHT","SIDESWIPE SAME DIRECTION","FOUR WAY",,"STRAIGHT AND LEVEL","DRY","NO DEFECTS","NOT ON SCENE (DESK REPORT)","NO INJURY / DRIVE AWAY",,,,"OVER $1,500","2022-03-20T13:15:00.000","IMPROPER LANE USAGE","NOT APPLICABLE","3600","N","RACINE AVE","1923",,,,,,,"2","NO INDICATION OF INJURY","0","0","0","0","0","2","0","13","1","3","41.947196326","-87.659314146","POINT (-87.659314146049 41.947196325706)"
"cb8a2fb49a710c82fc06507b05798e5508a69dff792d965d5149742f407f79f0c2b99b0811332aeb25a01ea5510f948d83f692b2355b9c575795769a8085d4ec",,,"2022-03-20T13:10:00.000","30","NO CONTROLS","NO CONTROLS","CLEAR","DAYLIGHT","PARKED MOTOR VEHICLE","TRAFFIC ROUTE",,"STRAIGHT AND LEVEL","DRY","NO DEFECTS","ON SCENE","NO INJURY / DRIVE AWAY",,,,"$501 - $1,500","2022-03-20T13:40:00.000","UNABLE TO DETERMINE","UNABLE TO DETERMINE","1200","S","LAKE SHORE DR E","132",,,,,,,"2","NO INDICATION OF INJURY","0","0","0","0","0","1","0","13","1","3","41.867446112","-87.618904488","POINT (-87.618904488078 41.867446111851)"
"b434d680989570c158b9c99274320e5108e5a56ae2bc0e2f98f12c915cba0f1fa2d5001b847fd268777a41e6ee47e0a5887a47ed3703e2d8a783c4a0bc6a080f",,,"2022-03-20T13:03:00.000","30","TRAFFIC SIGNAL","FUNCTIONING PROPERLY","CLEAR","DAYLIGHT","PEDESTRIAN","FOUR WAY",,"STRAIGHT AND LEVEL","DRY","NO DEFECTS","ON SCENE","INJURY AND / OR TOW DUE TO CRASH","Y",,,"$500 OR LESS","2022-03-20T13:05:00.000","UNABLE TO DETERMINE","FAILING TO YIELD RIGHT-OF-WAY","7900","S","ASHLAND AVE","611",,,,,,,"2","INCAPACITATING INJURY","1","0","1","0","0","1","0","13","1","3","41.75026224","-87.663580117","POINT (-87.663580117092 41.750262240415)"
"80580961d6332fb3b4fd2849e4e6c8acd5ec1fc899755309e4cb65bb2b160541e7ca10cdef0bee507dfeee7dc8827f16b5651868f78dec064295122c61349961",,"Y","2022-03-20T13:00:00.000","30","NO CONTROLS","NO CONTROLS","CLEAR","DAYLIGHT","PARKED MOTOR VEHICLE","NOT DIVIDED",,"STRAIGHT AND LEVEL","DRY","NO DEFECTS","NOT ON SCENE (DESK REPORT)","NO INJURY / DRIVE AWAY",,,,"OVER $1,500","2022-03-20T17:30:00.000","UNABLE TO DETERMINE","NOT APPLICABLE","3500","N","LAKE SHORE DR","1925",,,,,,,"2","NO INDICATION OF INJURY","0","0","0","0","0","1","0","13","1","3","41.946777967","-87.642540953","POINT (-87.642540953432 41.946777967323)"
"85a6a81210b20eecb936a844ee3510ae23c718210256a92e0648c40ffbe6675168cbeefeb882434219f20245603c0be29a2ffcb5b23075f1d11fd3c7ccd1731f",,,"2022-03-20T13:00:00.000","30","NO CONTROLS","NO CONTROLS","CLEAR","DAYLIGHT","PARKED MOTOR VEHICLE","NOT DIVIDED",,"STRAIGHT AND LEVEL","DRY","NO DEFECTS","NOT ON SCENE (DESK REPORT)","NO INJURY / DRIVE AWAY",,,"Y","OVER $1,500","2022-03-20T19:05:00.000","UNABLE TO DETERMINE","UNABLE TO DETERMINE","851","E","83RD ST","632",,,,,,,"2","NO INDICATION OF INJURY","0","0","0","0","0","1","0","13","1","3","41.743892244","-87.602971017","POINT (-87.602971017265 41.743892244416)"
"db0023da850a63a4f1462533775a051cee1da9382dbe80bee5bf65f43b438a22685d6edb4d7b3d3d887d08c11654b837c39709408fc9c09479485f7e74b58ee7",,,"2022-03-20T12:55:00.000","30","TRAFFIC SIGNAL","FUNCTIONING PROPERLY","CLEAR","DAYLIGHT","ANGLE","NOT DIVIDED",,"STRAIGHT AND LEVEL","DRY","NO DEFECTS","ON SCENE","INJURY AND / OR TOW DUE TO CRASH","Y",,,"OVER $1,500","2022-03-20T12:55:00.000","FAILING TO YIELD RIGHT-OF-WAY","UNABLE TO DETERMINE","7900","S","PULASKI RD","834",,,,,,,"2","NO INDICATION OF INJURY","0","0","0","0","0","3","0","12","1","3","41.749339","-87.722052091","POINT (-87.722052090915 41.749339000082)"
"5ce694f923c086a4bc4eaff21336782b037fc79ac35c0b2bd00c298ddf0ca4c04577d98b3d627b3a0fef11ae62b1b7f20629443832c1f8246714a9f79b6baa9b",,,"2022-03-20T12:45:00.000","45","NO CONTROLS","NO CONTROLS","UNKNOWN","DARKNESS","ANGLE","OTHER",,"STRAIGHT AND LEVEL","UNKNOWN","UNKNOWN","NOT ON SCENE (DESK REPORT)","NO INJURY / DRIVE AWAY",,,"Y","OVER $1,500","2022-03-21T19:05:00.000","UNABLE TO DETERMINE","NOT APPLICABLE","800","N","LAKE SHORE DR","1833",,,,,,,"2","NO INDICATION OF INJURY","0","0","0","0","0","2","0","12","1","3","41.896828045","-87.617207703","POINT (-87.617207703311 41.896828045009)"
"b4142e6d8f7b394ba7696bf7f79f7f607ac8ea8059610c0cd9d5a0b208d5250de9afd7620bafb2e361c73f484f539aa11f1ad79988ad8b4d2ab84ab351a234c6",,"Y","2022-03-20T12:45:00.000","10","NO CONTROLS","NO CONTROLS","CLEAR","DAYLIGHT","SIDESWIPE OPPOSITE DIRECTION","PARKING LOT",,"STRAIGHT AND LEVEL","DRY","NO DEFECTS","ON SCENE","NO INJURY / DRIVE AWAY",,"Y","Y","$500 OR LESS","2022-03-20T12:50:00.000","UNABLE TO DETERMINE","UNABLE TO DETERMINE","3101","W","26TH ST","1033",,,,,,,"3","NO INDICATION OF INJURY","0","0","0","0","0","4","0","12","1","3","41.844437505","-87.702628314","POINT (-87.702628313945 41.844437504988)"
"cb68b1a1f3f1d405fea830a8b3744346abd6a117d3f319e55b69d27ea9581920df473a7b2739afee419a5d7135b0d2c33df3684f167c3a29ca30275fd81f5c06",,,"2022-03-20T12:44:00.000","30","NO CONTROLS","NO CONTROLS","CLEAR","DAWN","TURNING","DIVIDED - W/MEDIAN (NOT RAISED)",,"STRAIGHT AND LEVEL","DRY","NO DEFECTS","ON SCENE","INJURY AND / OR TOW DUE TO CRASH",,,,"OVER $1,500","2022-03-20T12:44:00.000","DRIVING ON WRONG SIDE/WRONG WAY","UNABLE TO DETERMINE","4000","S","ASHLAND AVE","924",,,,,,,"2","NONINCAPACITATING INJURY","3","0","0","3","0","4","0","12","1","3","41.82071161","-87.665416794","POINT (-87.665416794239 41.820711610236)"
"3164ed09582e11fef2c6bbabc5c75dcce9aeb832b4a31c21992a82c1811a392df4d103b583dd183fa50ab101aee4b62066f3944b77ef55c5981297f80496615d",,,"2022-03-20T12:38:00.000","35","NO CONTROLS","NO CONTROLS","CLEAR","DAYLIGHT","REAR END","NOT DIVIDED",,"STRAIGHT AND LEVEL","DRY","NO DEFECTS","NOT ON SCENE (DESK REPORT)","NO INJURY / DRIVE AWAY",,,,"OVER $1,500","2022-03-20T13:40:00.000","DRIVING SKILLS/KNOWLEDGE/EXPERIENCE","NOT APPLICABLE","5858","S","KEDZIE AVE","822",,,,,,,"2","NO INDICATION OF INJURY","0","0","0","0","0","2","0","12","1","3","41.78633718","-87.70349759","POINT (-87.703497589963 41.786337179534)"
"24f94fdd9a0cdbfc4970c83841e4d503fbb806d73938286c4a1526513528b4afcef1acde9742d8a97f48ff436843390b7ca01d6a1206ede9708f0c36c34530a4",,,"2022-03-20T12:33:00.000","35","TRAFFIC SIGNAL","FUNCTIONING PROPERLY","CLEAR","DAYLIGHT","TURNING","FOUR WAY",,"STRAIGHT AND LEVEL","DRY","NO DEFECTS","ON SCENE","INJURY AND / OR TOW DUE TO CRASH","Y",,"Y","OVER $1,500","2022-03-20T12:33:00.000","DISREGARDING TRAFFIC SIGNALS","NOT APPLICABLE","7601","S","STATE ST","623",,,,,,,"2","NONINCAPACITATING INJURY","3","0","0","3","0","1","0","12","1","3","41.756403093","-87.624576516","POINT (-87.624576515698 41.756403092616)"
"cdde3fc04994669745ca281fb82a1266677cb1adc811cfd0ed13d2464c350e67e100615bb60385cb24c932d0faa9ae619e62cfea8f720aaad36c9f7ae73d75fb",,,"2022-03-20T12:30:00.000","30","NO CONTROLS","NO CONTROLS","CLEAR","DAYLIGHT","SIDESWIPE SAME DIRECTION","NOT DIVIDED",,"STRAIGHT AND LEVEL","DRY","NO DEFECTS","ON SCENE","INJURY AND / OR TOW DUE TO CRASH",,,"Y","OVER $1,500","2022-03-20T12:35:00.000","FOLLOWING TOO CLOSELY","IMPROPER LANE USAGE","6200","S","SACRAMENTO AVE","823",,,,,,,"2","INCAPACITATING INJURY","1","0","1","0","0","2","0","12","1","3","41.780770943","-87.698460944","POINT (-87.698460944225 41.780770943394)"
"38c9428b495f6cd872073f27d1663a8f53eede668499784e1bc28973aed0ae194e88bf021ed1863751aeae36742a66e0fdde1c8d6845dd75555caf1a1f03a37e",,,"2022-03-20T12:07:00.000","30","STOP SIGN/FLASHER","NO CONTROLS","CLEAR","DAYLIGHT","ANGLE","T-INTERSECTION",,"STRAIGHT AND LEVEL","DRY","UNKNOWN","ON SCENE","NO INJURY / DRIVE AWAY","Y",,,"$501 - $1,500","2022-03-20T12:10:00.000","DISREGARDING STOP SIGN","UNABLE TO DETERMINE","5400","S","DREXEL AVE","233",,,,,,,"2","NO INDICATION OF INJURY","0","0","0","0","0","2","0","12","1","3","41.796751068","-87.6040114","POINT (-87.604011399717 41.796751067634)"
"5be84924ff61c1ab2c134743a1df12927d4dad344680f1bb2d815c22e46e2c85dd6295eee509588a0c5135ce3b97e4b173b00245f6548c6541f7b54c57eeb3f6",,,"2022-03-20T12:00:00.000","30","NO CONTROLS","NO CONTROLS","CLEAR","DAYLIGHT","TURNING","NOT DIVIDED",,"STRAIGHT AND LEVEL","DRY","NO DEFECTS","ON SCENE","NO INJURY / DRIVE AWAY","Y",,,"OVER $1,500","2022-03-20T12:27:00.000","FAILING TO YIELD RIGHT-OF-WAY","NOT APPLICABLE","1100","N","WELLS ST","1823",,,,,,,"2","NO INDICATION OF INJURY","0","0","0","0","0","2","0","12","1","3","41.902140087","-87.634560658","POINT (-87.634560658167 41.902140086501)"
"f8b9d0a39ca9109ce9351994cd95909892946337684795ba2c4bc4e9c2a72ee9e84e3c9e9389873710c915b8e0641a3399acd57fa096ba1166a804a572ccbc21",,,"2022-03-20T12:00:00.000","35","NO CONTROLS","NO CONTROLS","CLEAR","DAYLIGHT","SIDESWIPE SAME DIRECTION","OTHER",,"STRAIGHT AND LEVEL","DRY","NO DEFECTS","NOT ON SCENE (DESK REPORT)","NO INJURY / DRIVE AWAY",,,,"OVER $1,500","2022-03-20T12:57:00.000","DRIVING SKILLS/KNOWLEDGE/EXPERIENCE","NOT APPLICABLE","5700","S","CICERO AVE","813",,,,,,,"2","NO INDICATION OF INJURY","0","0","0","0","0","2","0","12","1","3","41.789329323","-87.741645644","POINT (-87.741645644196 41.789329323265)"
"a18caf79df90d955b4be2e512bbbef548fa44ffaa6e7c446420d6ae92ba57d97187b80e0ddfe3699a0812d93c0ff1dd1136b2f7b42d7b4e140cbdd545db16426",,,"2022-03-20T11:59:00.000","30","NO CONTROLS","NO CONTROLS","UNKNOWN","UNKNOWN","PARKED MOTOR VEHICLE","ONE-WAY",,"STRAIGHT AND LEVEL","UNKNOWN","NO DEFECTS","ON SCENE","NO INJURY / DRIVE AWAY",,,"Y","$501 - $1,500","2022-03-20T16:28:00.000","NOT APPLICABLE","NOT APPLICABLE","5947","S","INDIANA AVE","232",,,,,,,"2","NO INDICATION OF INJURY","0","0","0","0","0","1","0","11","1","3","41.786049357","-87.620475737","POINT (-87.620475736877 41.786049356749)"
"e93799ba605f85a2be3ea8a6f113c34b7e46b58696957b0549876836b6abd6c7a732ec34205a2b488a9b2c8c0c2ed5aeea29b55bd8623063683edf4b79e11f76",,,"2022-03-20T11:51:00.000","30","NO CONTROLS","NO CONTROLS","CLEAR","DAYLIGHT","FIXED OBJECT","NOT DIVIDED",,"STRAIGHT AND LEVEL","DRY","NO DEFECTS","ON SCENE","INJURY AND / OR TOW DUE TO CRASH",,,,"OVER $1,500","2022-03-20T12:22:00.000","DISTRACTION - FROM OUTSIDE VEHICLE","NOT APPLICABLE","512","W","POLK ST","124",,,,,,,"1","NO INDICATION OF INJURY","0","0","0","0","0","1","0","11","1","3","41.872130263","-87.639979808","POINT (-87.639979808017 41.872130262926)"
"ee0dafccd6925b6e260b5bd177d53e7332864f88dca920c72674fc8a6f392dcaa8c25ecbd7d07170a67b4f3ee337e0948ea128e123b31d23b0e4b9dd01203a07",,,"2022-03-20T11:49:00.000","30","NO CONTROLS","NO CONTROLS","CLEAR","DAYLIGHT","PARKED MOTOR VEHICLE","NOT DIVIDED",,"STRAIGHT AND LEVEL","DRY","NO DEFECTS","ON SCENE","NO INJURY / DRIVE AWAY",,,,"$501 - $1,500","2022-03-20T11:50:00.000","DRIVING SKILLS/KNOWLEDGE/EXPERIENCE","IMPROPER BACKING","3800","N","MILWAUKEE AVE","1731",,,,,,,"2","NO INDICATION OF INJURY","0","0","0","0","0","1","0","11","1","3","41.949989579","-87.741947527","POINT (-87.741947526752 41.949989578729)"
"57c62037661ff13ea56c71cf3c505f497208dedc78817aa6f27c1f122eeae367412b78268b17afe67942b45d23cb1dfa462f5ef118694da70f78180fc146a8ea",,,"2022-03-20T11:45:00.000","30","TRAFFIC SIGNAL","FUNCTIONING PROPERLY","CLEAR","DAYLIGHT","ANGLE","NOT DIVIDED",,"STRAIGHT AND LEVEL","DRY","NO DEFECTS","ON SCENE","INJURY AND / OR TOW DUE TO CRASH","Y",,,"OVER $1,500","2022-03-21T11:46:00.000","PHYSICAL CONDITION OF DRIVER","NOT APPLICABLE","1900","N","ELSTON AVE","1433",,,,,,,"2","NO INDICATION OF INJURY","0","0","0","0","0","2","0","11","1","3","41.916441596","-87.666569308","POINT (-87.666569307591 41.916441595619)"
"9172b73dc223ba180503284074f3d29702e7cfcf10180dd13f51b463ee64460ea9c6d2e31770d984514cbc5793266349f2754520755e37c8af54b8696de8bbef",,,"2022-03-20T11:45:00.000","30","NO CONTROLS","NO CONTROLS","CLEAR","DAYLIGHT","REAR END","PARKING LOT",,"STRAIGHT AND LEVEL","DRY","NO DEFECTS","NOT ON SCENE (DESK REPORT)","NO INJURY / DRIVE AWAY",,,,"OVER $1,500","2022-03-20T12:35:00.000","FAILING TO YIELD RIGHT-OF-WAY","FAILING TO YIELD RIGHT-OF-WAY","8658","S","COTTAGE GROVE AVE","632",,,,,,,"2","NO INDICATION OF INJURY","0","0","0","0","0","3","0","11","1","3","41.736737815","-87.604971846","POINT (-87.604971845904 41.736737814762)"
"c230164247bd7931aef55b3684bf2caa334558a522e7a8fb0320ed08db6c581962ebf984f0657daf061c41d753e25cc96361cdec5e76c09a3ddc7aa46fc8be66",,,"2022-03-20T11:30:00.000","30","NO CONTROLS","NO CONTROLS","CLEAR","DAYLIGHT","REAR END","NOT DIVIDED",,"STRAIGHT AND LEVEL","DRY","NO DEFECTS","NOT ON SCENE (DESK REPORT)","NO INJURY / DRIVE AWAY",,,,"OVER $1,500","2022-03-21T11:40:00.000","FOLLOWING TOO CLOSELY","UNABLE TO DETERMINE","6944","W","ARCHER AVE","811",,,,,,,"2","NO INDICATION OF INJURY","0","0","0","0","0","2","0","11","1","3","41.792185598","-87.795808468","POINT (-87.795808468447 41.792185597969)"
"2ec38a4cfbca9d1ca3d62ada94f0453670c81110c7fbf086316f048a7bd37b5c6f605194a74ba91834ea3db7dc319ceaa309e473cc622aaf4ab9878dd1951469",,,"2022-03-20T11:25:00.000","30","TRAFFIC SIGNAL","FUNCTIONING PROPERLY","CLEAR","DAYLIGHT","REAR END","DIVIDED - W/MEDIAN (NOT RAISED)",,"STRAIGHT AND LEVEL","UNKNOWN","UNKNOWN","NOT ON SCENE (DESK REPORT)","INJURY AND / OR TOW DUE TO CRASH",,,,"$501 - $1,500","2022-03-20T15:07:00.000","DRIVING SKILLS/KNOWLEDGE/EXPERIENCE","FOLLOWING TOO CLOSELY","46","W","CONGRESS PKWY","113",,,,,,,"2","REPORTED, NOT EVIDENT","1","0","0","0","1","2","0","11","1","3","41.875735467","-87.629321449","POINT (-87.629321448934 41.875735467219)"
"d907683ac55c97981701df62a33abde48132a8d0c091f1969ee47321a416c4262f3ac2998cd84c923f094ee9225324b74781ebfb3471269a6a51d55c1bd72157",,,"2022-03-20T11:25:00.000","30","NO CONTROLS","NO CONTROLS","CLEAR","DAYLIGHT","FIXED OBJECT","PARKING LOT",,"STRAIGHT AND LEVEL","WET","UNKNOWN","ON SCENE","INJURY AND / OR TOW DUE TO CRASH",,,,"$501 - $1,500","2022-03-20T11:33:00.000","UNABLE TO DETERMINE","UNABLE TO DETERMINE","3335","W","WASHINGTON BLVD","1123",,,,,,,"1","REPORTED, NOT EVIDENT","1","0","0","0","1","0","0","11","1","3","41.882642199","-87.710093438","POINT (-87.710093438494 41.88264219927)"
"de781dfd1e8f00f43abf31aa30b88f6e08f7f95bd3d29a19f63e884048f3beeee6f53db51bd7dcaf24f5741944512f77831b8c646e814ec11f0c8067d8f714ca",,,"2022-03-20T11:25:00.000","30","NO CONTROLS","NO CONTROLS","CLEAR","DAYLIGHT","TURNING","NOT DIVIDED",,"STRAIGHT AND LEVEL","DRY","NO DEFECTS","ON SCENE","INJURY AND / OR TOW DUE TO CRASH",,,,"OVER $1,500","2022-03-20T11:30:00.000","FAILING TO YIELD RIGHT-OF-WAY","FAILING TO YIELD RIGHT-OF-WAY","3611","W","63RD ST","823",,"Y",,,,,"4","NO INDICATION OF INJURY","0","0","0","0","0","2","0","11","1","3","41.778697268","-87.713626715","POINT (-87.713626714707 41.778697268233)"
"7454c652c2fe1673b9674a209cc2899b188453b114353b88e24b33d01ce05ed289d64a548b707370689ab6ba77e62174aa20fb8410cfa18d8a6da79614a3a61c",,,"2022-03-20T11:10:00.000","25","NO CONTROLS","NO CONTROLS","CLEAR","DAYLIGHT","PARKED MOTOR VEHICLE","ONE-WAY",,"STRAIGHT AND LEVEL","DRY","NO DEFECTS","ON SCENE","NO INJURY / DRIVE AWAY",,,,"OVER $1,500","2022-03-20T11:13:00.000","IMPROPER BACKING","NOT APPLICABLE","5004","W","SCHOOL ST","1634",,,,,,,"2","NO INDICATION OF INJURY","0","0","0","0","0","1","0","11","1","3","41.940694737","-87.752123208","POINT (-87.752123208363 41.940694737241)"
"beb6342695945271f57101de099d00f9e83322600144dd3cd635e2ee6f0a228da07f43ed66a0316189727154e67f4d13ea048436e0620f824c9003b225ce0b98",,,"2022-03-20T11:10:00.000","30","NO CONTROLS","NO CONTROLS","CLEAR","DAYLIGHT","FIXED OBJECT","DIVIDED - W/MEDIAN (NOT RAISED)",,"STRAIGHT AND LEVEL","DRY","NO DEFECTS","ON SCENE","INJURY AND / OR TOW DUE TO CRASH",,,,"OVER $1,500","2022-03-20T11:14:00.000","ROAD ENGINEERING/SURFACE/MARKING DEFECTS","NOT APPLICABLE","1730","W","WEBSTER AVE","1432",,,,,,,"1","NO INDICATION OF INJURY","0","0","0","0","0","1","0","11","1","3","41.921606021","-87.671795564","POINT (-87.671795563869 41.921606021176)"
"3d84f8d946ffd09ab92025eec4f0574f1a005ede447958b108086839c41250a897b97748adbdeaeed6ae369da84d6a0c189eeddc4238c9a9ed685e2d99cdaf8f",,,"2022-03-20T11:00:00.000","30","TRAFFIC SIGNAL","FUNCTIONING PROPERLY","CLEAR","DAYLIGHT","TURNING","UNKNOWN INTERSECTION TYPE",,"STRAIGHT AND LEVEL","DRY","NO DEFECTS","NOT ON SCENE (DESK REPORT)","INJURY AND / OR TOW DUE TO CRASH","Y",,"Y","OVER $1,500","2022-03-20T11:30:00.000","FAILING TO YIELD RIGHT-OF-WAY","UNABLE TO DETERMINE","1000","S","CANAL ST","124",,,,,,,"2","REPORTED, NOT EVIDENT","1","0","0","0","1","1","0","11","1","3","41.869714098","-87.63942226","POINT (-87.639422259758 41.869714097949)"
"c37856e157cd259c585811354105e9b63690f3e9fab7df6a194cb648230e261e80a39041913134fb48c85e42e8b819cf0ddebcc3d057668f3e8b4a3d255421a1",,,"2022-03-20T10:55:00.000","30","NO CONTROLS","NO CONTROLS","CLEAR","DAYLIGHT","SIDESWIPE SAME DIRECTION","ONE-WAY",,"STRAIGHT AND LEVEL","UNKNOWN","UNKNOWN","NOT ON SCENE (DESK REPORT)","NO INJURY / DRIVE AWAY",,,,"$501 - $1,500","2022-03-20T12:40:00.000","DRIVING SKILLS/KNOWLEDGE/EXPERIENCE","DRIVING SKILLS/KNOWLEDGE/EXPERIENCE","4700","N","DOVER ST","1913",,,,,,,"2","NO INDICATION OF INJURY","0","0","0","0","0","2","0","10","1","3","41.967174932","-87.665978819","POINT (-87.66597881948 41.967174932106)"
"bceaecfd3d8d2b072626fd4ce128dc02768b946a341991f5a015e20a3a796b30c4a665dd9034228cbd460abc949d98245ea8b5b2dae0112d779030e32c228a3f",,,"2022-03-20T10:54:00.000","30","TRAFFIC SIGNAL","FUNCTIONING PROPERLY","CLEAR","DAYLIGHT","REAR END","NOT DIVIDED",,"STRAIGHT AND LEVEL","DRY","NO DEFECTS","NOT ON SCENE (DESK REPORT)","NO INJURY / DRIVE AWAY",,,,"OVER $1,500","2022-03-20T11:30:00.000","FOLLOWING TOO CLOSELY","NOT APPLICABLE","5500","S","PULASKI RD","813",,,,,,,"2","NO INDICATION OF INJURY","0","0","0","0","0","3","0","10","1","3","41.793155061","-87.723303765","POINT (-87.723303764642 41.793155060731)"
"7c9a5e73a47cd6191822f2a4d7bf2fb0ffcf6d903b09b94ec72d7435da6ee564696a0f6bc5f9098c70923dab5daaf8216043bcae913487fd3669911ca42d7e3c",,,"2022-03-20T10:50:00.000","35","STOP SIGN/FLASHER","FUNCTIONING PROPERLY","CLEAR","DAYLIGHT","ANGLE","FOUR WAY",,"STRAIGHT AND LEVEL","DRY","UNKNOWN","ON SCENE","INJURY AND / OR TOW DUE TO CRASH","Y",,,"OVER $1,500","2022-03-20T10:56:00.000","FAILING TO YIELD RIGHT-OF-WAY","UNABLE TO DETERMINE","3232","W","IRVING PARK RD","1724",,,,,,,"2","NO INDICATION OF INJURY","0","0","0","0","0","5","0","10","1","3","41.954018912","-87.709382863","POINT (-87.709382863305 41.954018912188)"
"6333be488fefaed158eddf9379699b75e246b014078c7c7a7f4304e6eb6784e2597e23734b6428ec1b930cde16f0c0cf8f5e61140a33fbe20c3f021005c3bc34",,,"2022-03-20T10:45:00.000","35","NO CONTROLS","NO CONTROLS","CLEAR","DAWN","SIDESWIPE SAME DIRECTION","ONE-WAY",,"STRAIGHT AND LEVEL","DRY","NO DEFECTS","ON SCENE","NO INJURY / DRIVE AWAY",,,"Y","OVER $1,500","2022-03-20T11:10:00.000","UNABLE TO DETERMINE","OPERATING VEHICLE IN ERRATIC, RECKLESS, CARELESS, NEGLIGENT OR AGGRESSIVE MANNER","6519","S","MAPLEWOOD AVE","832",,,,,,,"2","NO INDICATION OF INJURY","0","0","0","0","0","1","0","10","1","3","41.774965258","-87.687044498","POINT (-87.687044498116 41.774965258227)"
"1b283c3f449c927afb31c08e7635775b0c954ed8e0b02b7a8f9309e8172822fc7fb9ab7d15713ad8fbda7e9e39b3fe3d29f6b71528725bcddff2a6e045110a32",,,"2022-03-20T10:40:00.000","30","NO CONTROLS","NO CONTROLS","CLEAR","DAYLIGHT","ANGLE","DIVIDED - W/MEDIAN (NOT RAISED)",,"STRAIGHT AND LEVEL","DRY","NO DEFECTS","NOT ON SCENE (DESK REPORT)","NO INJURY / DRIVE AWAY",,,"Y","$501 - $1,500","2022-03-21T10:45:00.000","DISREGARDING STOP SIGN","PHYSICAL CONDITION OF DRIVER","440","S","HALSTED ST","1232",,,,,,,"2","NO INDICATION OF INJURY","0","0","0","0","0","3","0","10","1","3","41.875477013","-87.647311555","POINT (-87.647311555447 41.875477012912)"
"31fefa04dcbacdca5a5a8af77dd20fbd354a330f1a120975cb9137598024a5486f79148e87fef01780e96f8111862a36feed080e2b42034547233032ef939949",,,"2022-03-20T10:30:00.000","25","NO CONTROLS","NO CONTROLS","CLEAR","DARKNESS, LIGHTED ROAD","PARKED MOTOR VEHICLE","OTHER",,"STRAIGHT AND LEVEL","UNKNOWN","UNKNOWN","ON SCENE","NO INJURY / DRIVE AWAY",,,"Y","$501 - $1,500","2022-03-21T07:33:00.000","OPERATING VEHICLE IN ERRATIC, RECKLESS, CARELESS, NEGLIGENT OR AGGRESSIVE MANNER","DRIVING SKILLS/KNOWLEDGE/EXPERIENCE","4637","W","BARRY AVE","2521",,,,,,,"2","NO INDICATION OF INJURY","0","0","0","0","0","1","0","10","1","3","41.936937212","-87.743637062","POINT (-87.74363706236 41.936937211625)"