"crash_record_id","rd_no","crash_date_est_i","crash_date","posted_speed_limit","traffic_control_device","device_condition","weather_condition","lighting_condition","first_crash_type","trafficway_type","lane_cnt","alignment","roadway_surface_cond","road_defect","report_type","crash_type","intersection_related_i","private_property_i","hit_and_run_i","damage","date_police_notified","prim_contributory_cause","sec_contributory_cause","street_no","street_direction","street_name","beat_of_occurrence","photos_taken_i","statements_taken_i","dooring_i","work_zone_i","work_zone_type","workers_present_i","num_units","most_severe_injury","injuries_total","injuries_fatal","injuries_incapacitating","injuries_non_incapacitating","injuries_reported_not_evident","injuries_no_indication","injuries_unknown","crash_hour","crash_day_of_week","crash_month","latitude","longitude","location"
"e156950e9b5cbe4561b29514d0809eed83377f251ee98e8ddbbbe7dc69f286d4f1779c31e8b6a6158e6ab4de67d73a2a9df9bc5790d73eb3b8de31d425502bef",,,"2022-03-20T10:25:00.000","30","NO CONTROLS","NO CONTROLS","CLEAR","DAYLIGHT","SIDESWIPE SAME DIRECTION","NOT DIVIDED",,"STRAIGHT AND LEVEL","DRY","NO DEFECTS","NOT ON SCENE (DESK REPORT)","NO INJURY / DRIVE AWAY",,,,"OVER $1,500","2022-03-22T17:50:00.000","DRIVING SKILLS/KNOWLEDGE/EXPERIENCE","NOT APPLICABLE","2400","W","MONTROSE AVE","1911",,,,,,,"2","NO INDICATION OF INJURY","0","0","0","0","0","2","0","10","1","3","41.961421726","-87.68874698","POINT (-87.688746979839 41.961421726406)"
"8009254ddee3aab351126abd218fb42a42b55011aae72f13918a2001e969070fbcaa1b7e584dae79ba29248baedd1e59f16f754deb8726316291f4aa97c9ef1e",,"N","2022-03-20T10:15:00.000","30","NO CONTROLS","NO CONTROLS","CLEAR","DAYLIGHT","PARKED MOTOR VEHICLE","NOT DIVIDED",,"STRAIGHT AND LEVEL","DRY","NO DEFECTS","ON SCENE","NO INJURY / DRIVE AWAY",,,"Y","$500 OR LESS","2022-03-20T10:15:00.000","UNABLE TO DETERMINE","UNABLE TO DETERMINE","7105","S","DR MARTIN LUTHER KING JR DR","323",,,,,,,"2","NO INDICATION OF INJURY","0","0","0","0","0","1","0","10","1","3","41.765508014","-87.615112244","POINT (-87.615112244304 41.765508014067)"
"a8e97bf94d9dd34865ca60e8fad1cfd04bf18c2768c573a2bdfc638928a367437503521639458f540462b0e241f22b58e788fb36a8a00e15709e9aa76688bd92",,,"2022-03-20T10:15:00.000","30","OTHER","OTHER","CLEAR","DAYLIGHT","REAR END","T-INTERSECTION",,"STRAIGHT AND LEVEL","DRY","NO DEFECTS","ON SCENE","NO INJURY / DRIVE AWAY","Y",,,"OVER $1,500","2022-03-20T10:20:00.000","IMPROPER BACKING","IMPROPER BACKING","9900","S","GREEN ST","2232",,,,,,,"2","NO INDICATION OF INJURY","0","0","0","0","0","2","0","10","1","3","41.714111405","-87.644379886","POINT (-87.644379885501 41.714111405034)"
"c527d339ff9a68d235399a162a6bcfc9cf2d3c70df4662932c7ce459bb64c3a1acefb0e88d4d446860fa325b649bce7b7e815ae58d73127119fa313bdf06ddfe",,,"2022-03-20T10:15:00.000","30","NO CONTROLS","NO CONTROLS","CLEAR","DAYLIGHT","SIDESWIPE OPPOSITE DIRECTION","DIVIDED - W/MEDIAN (NOT RAISED)",,"STRAIGHT AND LEVEL","DRY","NO DEFECTS","NOT ON SCENE (DESK REPORT)","NO INJURY / DRIVE AWAY",,,,"OVER $1,500","2022-03-20T10:25:00.000","FAILING TO YIELD RIGHT-OF-WAY","FAILING TO REDUCE SPEED TO AVOID CRASH","4201","N","MILWAUKEE AVE","1624",,,,,,,"2","NO INDICATION OF INJURY","0","0","0","0","0","2","0","10","1","3","41.957126707","-87.751269015","POINT (-87.751269014662 41.957126707381)"
"e6c623fe7df76e5b4c119babd3a26629452dd28bf87ff52abcb6845c27ef7e87a5c769676e2969316ab63db3a047cb725bbabeedcc2fef73368a740750e3934c",,,"2022-03-20T10:10:00.000","30","NO CONTROLS","NO CONTROLS","CLEAR","DAYLIGHT","TURNING","T-INTERSECTION",,"STRAIGHT AND LEVEL","DRY","NO DEFECTS","NOT ON SCENE (DESK REPORT)","NO INJURY / DRIVE AWAY","Y",,,"OVER $1,500","2022-03-20T10:30:00.000","FAILING TO YIELD RIGHT-OF-WAY","FAILING TO YIELD RIGHT-OF-WAY","3150","N","CENTRAL PARK AVE","2523",,,,,,,"2","NO INDICATION OF INJURY","0","0","0","0","0","2","0","10","1","3","41.938895665","-87.71753329","POINT (-87.717533290389 41.938895665001)"
"ee4258c2ab32a0f1d77d64b21ec12c93eda162baca8de222e6f3b5c78e6bd94a6c94668934ede6ab36c94af63558effd2c8bb39a0b668a7140c08cf9e6952b05",,,"2022-03-20T10:02:00.000","30","NO CONTROLS","NO CONTROLS","CLEAR","DAYLIGHT","TURNING","NOT DIVIDED",,"STRAIGHT AND LEVEL","DRY","NO DEFECTS","ON SCENE","INJURY AND / OR TOW DUE TO CRASH",,,,"OVER $1,500","2022-03-20T10:03:00.000","IMPROPER TURNING/NO SIGNAL","NOT APPLICABLE","7800","S","YATES BLVD","414",,,,,,,"2","REPORTED, NOT EVIDENT","5","0","0","0","5","3","0","10","1","3","41.753453166","-87.566413019","POINT (-87.566413019363 41.75345316606)"
"13e1f2907569b1202a3faa85364bed0563d30cafeba7416b101e995cde5d9efc1fabd97f142ee437386fd2e9001902f6ceda8a979512dfa053005a39e486c101",,,"2022-03-20T10:00:00.000","30","NO CONTROLS","NO CONTROLS","UNKNOWN","UNKNOWN","PARKED MOTOR VEHICLE","NOT DIVIDED",,"STRAIGHT AND LEVEL","UNKNOWN","UNKNOWN","NOT ON SCENE (DESK REPORT)","NO INJURY / DRIVE AWAY",,,"Y","OVER $1,500","2022-03-20T12:05:00.000","UNABLE TO DETERMINE","UNABLE TO DETERMINE","6611","S","CALIFORNIA AVE","831",,,,,,,"2","NO INDICATION OF INJURY","0","0","0","0","0","1","0","10","1","3","41.773267182","-87.693095601","POINT (-87.693095601346 41.773267181844)"
"168ad72baf8eca4771b2c80b40a3c4766034444441a778ed6cb37d26ba47b4582f4031f0d0ff4391f979170f60ad7aa549f88470980d373c558c828d0c5ed785",,,"2022-03-20T10:00:00.000","20","TRAFFIC SIGNAL","FUNCTIONING PROPERLY","CLEAR","DAYLIGHT","REAR END","NOT DIVIDED",,"STRAIGHT AND LEVEL","DRY","NO DEFECTS","ON SCENE","NO INJURY / DRIVE AWAY","Y",,,"OVER $1,500","2022-03-20T10:00:00.000","CELL PHONE USE OTHER THAN TEXTING","NOT APPLICABLE","11500","S","INDIANA AVE","532",,,,,,,"2","NO INDICATION OF INJURY","0","0","0","0","0","4","0","10","1","3","41.685297554","-87.618190272","POINT (-87.618190271775 41.685297554005)"
"5d8cc15309200e73926a5a529b84ff81e1d9d1af2edb6a182a4be4121c521e60d98c809e52d73cc7e59bc7aa8c61ab68bfc4991ade5fe859e3624a31c36707ad",,"Y","2022-03-20T10:00:00.000","30","NO CONTROLS","NO CONTROLS","CLEAR","UNKNOWN","PARKED MOTOR VEHICLE","NOT DIVIDED",,"STRAIGHT AND LEVEL","DRY","NO DEFECTS","ON SCENE","INJURY AND / OR TOW DUE TO CRASH",,,"Y","OVER $1,500","2022-03-20T12:40:00.000","UNABLE TO DETERMINE","NOT APPLICABLE","8116","S","VINCENNES AVE","622",,,,,,,"2","NO INDICATION OF INJURY","0","0","0","0","0","1","0","10","1","3","41.746627121","-87.635448214","POINT (-87.635448214463 41.746627120737)"
"e290129774ff8372eba57aae3e93987b7e4b4e7203d09e8d4bf7f7280dd0ec39ee3c893cef87a6bd85770d1457722f6f2716ef20cd4221e4bc1a1abfc821f55f",,,"2022-03-20T09:56:00.000","30","TRAFFIC SIGNAL","FUNCTIONING PROPERLY","CLEAR","DAYLIGHT","TURNING","NOT DIVIDED",,"STRAIGHT AND LEVEL","DRY","NO DEFECTS","ON SCENE","NO INJURY / DRIVE AWAY",,,,"OVER $1,500","2022-03-20T10:01:00.000","DRIVING SKILLS/KNOWLEDGE/EXPERIENCE","UNABLE TO DETERMINE","4525","W","NORTH AVE","2533",,,,,,,"2","NO INDICATION OF INJURY","0","0","0","0","0","3","0","9","1","3","41.909594897","-87.739801719","POINT (-87.739801719456 41.90959489668)"
"43c5cd832b6dbeeab3126f3eeca01aec5ca78900ae28a2257497c66a5a64b34716a915809e497a2f7e5c3a6148381ed61077db9fbca06a903facc9300fa74d74",,,"2022-03-20T09:45:00.000","40","DELINEATORS","FUNCTIONING PROPERLY","CLEAR","DAYLIGHT","SIDESWIPE SAME DIRECTION","DIVIDED - W/MEDIAN BARRIER",,"STRAIGHT AND LEVEL","DRY","NO DEFECTS","ON SCENE","INJURY AND / OR TOW DUE TO CRASH",,,,"OVER $1,500","2022-03-20T09:46:00.000","IMPROPER LANE USAGE","NOT APPLICABLE","701","N","LAKE SHORE DR NB","1834",,,,,,,"3","NONINCAPACITATING INJURY","1","0","0","1","0","3","0","9","1","3","41.895178658","-87.61538029","POINT (-87.615380290346 41.895178657868)"
"542324cbed788abdb56a602115831bd6fd5b33f673336f3c281ee6ef79d4d439db9e68b64d180b92baf3478efa820dc851129496e17725144fdd6f414d8a0fe6",,,"2022-03-20T09:45:00.000","5","NO CONTROLS","NO CONTROLS","CLEAR","DAYLIGHT","PARKED MOTOR VEHICLE","PARKING LOT",,"STRAIGHT AND LEVEL","DRY","NO DEFECTS","ON SCENE","NO INJURY / DRIVE AWAY",,,"Y","OVER $1,500","2022-03-21T09:34:00.000","UNABLE TO DETERMINE","NOT APPLICABLE","7535","S","ASHLAND AVE","612",,,,,,,"2","NO INDICATION OF INJURY","0","0","0","0","0","1","0","9","1","3","41.756545414","-87.663443853","POINT (-87.663443852852 41.756545414126)"
"9621e718fb358d497f7e7e04379082bfb44be18b9e0954e6ecf265a88e07feb1e7af577f73736ebe07ee55e24188e0590d3ded60604b6f5d3dd96740b048a61b",,,"2022-03-20T09:30:00.000","30","STOP SIGN/FLASHER","FUNCTIONING PROPERLY","CLEAR","DAYLIGHT","REAR END","NOT DIVIDED",,"STRAIGHT AND LEVEL","DRY","NO DEFECTS","NOT ON SCENE (DESK REPORT)","NO INJURY / DRIVE AWAY",,,,"OVER $1,500","2022-03-20T09:45:00.000","FAILING TO REDUCE SPEED TO AVOID CRASH","NOT APPLICABLE","6195","W","GRAND AVE","2512",,,,,,,"2","NO INDICATION OF INJURY","0","0","0","0","0","2","0","9","1","3","41.921344518","-87.780479557","POINT (-87.780479557223 41.921344517803)"
"b66ff181ff6addd1f7383fae8050e9968f520073276421cb3598df62305d6b087c74002e01f83f860524deaa5e5523fd6e537b5be419496a31889963184e4d62",,,"2022-03-20T09:30:00.000","15","NO CONTROLS","NO CONTROLS","CLEAR","DAYLIGHT","REAR END","PARKING LOT",,"STRAIGHT AND LEVEL","DRY","SHOULDER DEFECT","NOT ON SCENE (DESK REPORT)","NO INJURY / DRIVE AWAY",,,,"OVER $1,500","2022-03-20T12:20:00.000","IMPROPER BACKING","UNABLE TO DETERMINE","4100","S","PULASKI RD","815",,,,,,,"2","NO INDICATION OF INJURY","0","0","0","0","0","3","0","9","1","3","41.818349017","-87.724096405","POINT (-87.724096405469 41.818349016985)"
"83177e9dc88c40a2c5781ed02d6547572d5d5270ba8d32c46d07fe00e6e9cb5373855be9f13333b117493f5110345789a9e7a3ea98645f1393680b4fa6d68eeb",,,"2022-03-20T09:15:00.000","30","TRAFFIC SIGNAL","FUNCTIONING PROPERLY","CLEAR","DAYLIGHT","TURNING","ONE-WAY",,"STRAIGHT AND LEVEL","DRY","NO DEFECTS","NOT ON SCENE (DESK REPORT)","NO INJURY / DRIVE AWAY","Y",,,"OVER $1,500","2022-03-20T09:45:00.000","IMPROPER TURNING/NO SIGNAL","NOT APPLICABLE","400","E","GRAND AVE","1834",,,,,,,"2","NO INDICATION OF INJURY","0","0","0","0","0","2","0","9","1","3","41.891958186","-87.617571296","POINT (-87.617571295543 41.891958185562)"
"c9436dd562237736273662c462cd090a7946e89677ed09227c3aa9f534c17ee51dce5edd17cdb6e41ef739f5ba945f06abfb90969c2a7519dec9af0ab6264e18",,,"2022-03-20T09:00:00.000","10","NO CONTROLS","NO CONTROLS","CLEAR","DAYLIGHT","PARKED MOTOR VEHICLE","PARKING LOT",,"STRAIGHT AND LEVEL","DRY","NO DEFECTS","NOT ON SCENE (DESK REPORT)","NO INJURY / DRIVE AWAY",,,,"OVER $1,500","2022-03-21T10:25:00.000","IMPROPER BACKING","NOT APPLICABLE","9211","S","COMMERCIAL AVE","424",,"Y",,,,,"2","NO INDICATION OF INJURY","0","0","0","0","0","1","0","9","1","3","41.727880191","-87.551061228","POINT (-87.55106122806 41.727880191213)"
"b0e6eb0c017ab508179af98da69515e477f0c98628b5a6fd4720ee391a6b225122af1efa1bab36b4ad95b91da37ce2376e3374a79cbf221bcc2004ff10481f08",,,"2022-03-20T08:54:00.000","30","STOP SIGN/FLASHER","FUNCTIONING PROPERLY","CLEAR","DAYLIGHT","ANGLE","NOT DIVIDED",,"STRAIGHT AND LEVEL","UNKNOWN","UNKNOWN",,"NO INJURY / DRIVE AWAY","Y",,,"$501 - $1,500","2022-03-20T12:37:00.000","IMPROPER OVERTAKING/PASSING","UNABLE TO DETERMINE","1515","W","CORNELIA AVE","1922",,,,,,,"2","NO INDICATION OF INJURY","0","0","0","0","0","2","0","8","1","3","41.94508421","-87.667034509","POINT (-87.667034508677 41.945084209514)"
"4e2cacbb077ea25bc6a4cf30028ec45395433ec8ccf0c7a681f57c4d2b9bc1ff9a277c951b873f8960bd3736eb3ba8d80f55bb8dd59beba2170200d343261efc",,,"2022-03-20T08:30:00.000","30","NO CONTROLS","NO CONTROLS","CLEAR","DAYLIGHT","SIDESWIPE SAME DIRECTION","DIVIDED - W/MEDIAN BARRIER",,"STRAIGHT AND LEVEL","DRY","NO DEFECTS","NOT ON SCENE (DESK REPORT)","NO INJURY / DRIVE AWAY",,,"Y","$501 - $1,500","2022-03-20T09:20:00.000","IMPROPER LANE USAGE","NOT APPLICABLE","206","W","WACKER DR","122",,,,,,,"2","NO INDICATION OF INJURY","0","0","0","0","0","2","0","8","1","3","41.887038658","-87.634210225","POINT (-87.634210225113 41.887038658437)"
"7d9bc39d438936d9eee30027293e0e7173091e37912e1a47b798164acdaa1954616cbe7574a70e9d6a82b798fe6a7c2a18a5cc660bb7403193c4be9ca2d6e368",,,"2022-03-20T08:00:00.000","30","TRAFFIC SIGNAL","FUNCTIONING PROPERLY","CLEAR","DAYLIGHT","REAR END","NOT DIVIDED",,"STRAIGHT AND LEVEL","DRY","NO DEFECTS","NOT ON SCENE (DESK REPORT)","NO INJURY / DRIVE AWAY",,,"Y","OVER $1,500","2022-03-22T11:33:00.000","IMPROPER BACKING","UNABLE TO DETERMINE","2800","S","HALSTED ST","913",,,,,,,"2","NO INDICATION OF INJURY","0","0","0","0","0","2","0","8","1","3","41.843414996","-87.646556671","POINT (-87.646556671363 41.843414996486)"
"0dcd4e2497382ff80d23ec057621cb04ba116d20e23db5a6f8360b4b15c7e3ffe2b61a1da3dd3099b72c09d974e6cc79280ee564ec3b0de0b9f993332dc9e730",,"Y","2022-03-20T07:05:00.000","30","NO CONTROLS","NO CONTROLS","CLEAR","DAYLIGHT","REAR END","NOT DIVIDED",,"STRAIGHT AND LEVEL","WET","NO DEFECTS","ON SCENE","INJURY AND / OR TOW DUE TO CRASH",,,"Y","$501 - $1,500","2022-03-20T07:17:00.000","FAILING TO REDUCE SPEED TO AVOID CRASH","NOT APPLICABLE","1346","E","75TH ST","324",,,,,,,"2","REPORTED, NOT EVIDENT","1","0","0","0","1","1","0","7","1","3","41.758827894","-87.591366127","POINT (-87.591366126765 41.758827894434)"
"5da44c8e17d1f58d7238c79c23ca0ee536b72232e9774149d0c29f009afaa9bc3a0c3603b4f69bfd46ad17249c4c36ae1d4819e486be4005ceb8a09f58fd0710",,,"2022-03-20T06:55:00.000","30","TRAFFIC SIGNAL","FUNCTIONING PROPERLY","CLEAR","DAYLIGHT","REAR END","NOT DIVIDED",,"STRAIGHT AND LEVEL","DRY","NO DEFECTS","NOT ON SCENE (DESK REPORT)","NO INJURY / DRIVE AWAY",,,,"OVER $1,500","2022-03-20T08:05:00.000","UNABLE TO DETERMINE","NOT APPLICABLE","4000","W","AUGUSTA BLVD","1111",,,,,,,"2","NO INDICATION OF INJURY","0","0","0","0","0","2","0","6","1","3","41.89912845","-87.726259696","POINT (-87.726259695779 41.899128450405)"
"fe45913edd2b74f173d73b13f32645abf8d970aeb0ffeb53b82c2e14196f1c3b4641834e112fe7b6a4fd06a8b8805d29c51190b3efa795205d8541668d53ae35",,,"2022-03-20T06:45:00.000","20","NO CONTROLS","NO CONTROLS","CLEAR","DAYLIGHT","PARKED MOTOR VEHICLE","NOT DIVIDED",,"STRAIGHT AND LEVEL","DRY","NO DEFECTS","NOT ON SCENE (DESK REPORT)","NO INJURY / DRIVE AWAY",,,,"$501 - $1,500","2022-03-21T09:47:00.000","DISTRACTION - FROM OUTSIDE VEHICLE","DISTRACTION - FROM OUTSIDE VEHICLE","6057","W","62ND ST","812",,,,,,,"2","NO INDICATION OF INJURY","0","0","0","0","0","1","0","6","1","3","41.779544519","-87.77385617","POINT (-87.773856170126 41.779544518614)"
"3df8a9cb709ef8407858bffb94b001dd034bc6e21f80635860d5fac8249b510fa9a698a1e52e8a98b08d8903030e88efc35042bc1eab2204e4c12394a0f0f18f",,,"2022-03-20T06:41:00.000","35","NO CONTROLS","NO CONTROLS","CLEAR","DAYLIGHT","FIXED OBJECT","NOT DIVIDED",,"STRAIGHT AND LEVEL","DRY","NO DEFECTS","ON SCENE","INJURY AND / OR TOW DUE TO CRASH",,,,"OVER $1,500","2022-03-20T06:49:00.000","UNABLE TO DETERMINE","NOT APPLICABLE","1010","W","GRAND AVE","1214",,,,,,,"1","NONINCAPACITATING INJURY","1","0","0","1","0","0","0","6","1","3","41.891237727","-87.652793831","POINT (-87.652793831397 41.891237726567)"
"800b1fc0a630653ba1083c94dd55bbc9c1c0b2d1811cf85d83bd9e5f9eae4f1b36a07397ec246c458bb1aa38417997f9f8dce5b7655494feb026538f9897d84a",,,"2022-03-20T06:25:00.000","30","TRAFFIC SIGNAL","FUNCTIONING PROPERLY","CLEAR","DARKNESS, LIGHTED ROAD","REAR END","DIVIDED - W/MEDIAN BARRIER",,"STRAIGHT AND LEVEL","DRY","UNKNOWN","NOT ON SCENE (DESK REPORT)","NO INJURY / DRIVE AWAY",,,"Y","$500 OR LESS","2022-03-22T18:30:00.000","UNABLE TO DETERMINE","NOT APPLICABLE","5127","W","DEVON AVE","1621",,,,,,,"2","NO INDICATION OF INJURY","0","0","0","0","0","2","0","6","1","3","41.997199061","-87.75629292","POINT (-87.756292920006 41.997199061155)"
"41a2d068d8b9596cc54bcd1b63b01e530df152ba978a4dcdf0bafb93b781354b9fabec74354617a6a142672b4e7b1646ecab07ac628b07c37889879139cbcea2",,,"2022-03-20T06:15:00.000","15","NO CONTROLS","NO CONTROLS","CLEAR","DARKNESS, LIGHTED ROAD","PARKED MOTOR VEHICLE","ONE-WAY",,"STRAIGHT AND LEVEL","DRY","NO DEFECTS","ON SCENE","INJURY AND / OR TOW DUE TO CRASH",,,"Y","OVER $1,500","2022-03-20T06:19:00.000","UNABLE TO DETERMINE","UNABLE TO DETERMINE","4921","N","HAMLIN AVE","1712",,,,,,,"5","NO INDICATION OF INJURY","0","0","0","0","0","1","0","6","1","3","41.970775355","-87.723062934","POINT (-87.723062934074 41.970775354789)"
"670654d70ba0c67912b4dc93c4949e54f388dc3bfc80838181bbbb447f720d7b7811c4ce6d95b9e4abeb3cdc7c471903fc30fa567dc7c76463f39d2870a7894e",,,"2022-03-20T06:10:00.000","30","STOP SIGN/FLASHER","FUNCTIONING PROPERLY","CLEAR","DAWN","REAR END","DIVIDED - W/MEDIAN (NOT RAISED)",,"STRAIGHT AND LEVEL","DRY","NO DEFECTS","NOT ON SCENE (DESK REPORT)","NO INJURY / DRIVE AWAY","Y",,,"OVER $1,500","2022-03-20T06:20:00.000","UNABLE TO DETERMINE","UNABLE TO DETERMINE","4101","N","PULASKI RD","1723",,,,,,,"2","NO INDICATION OF INJURY","0","0","0","0","0","2","0","6","1","3","41.955569773","-87.727523977","POINT (-87.727523976932 41.955569772732)"
"3ab49e6ebcfe008c3b1ecf6b17a8041946787fb279270dc56438094ea9e96f7e25d7a8dbc47385c9905e371a80750a434b08f6a857af7aea760dd2e75a087bd5",,,"2022-03-20T05:50:00.000","30","NO CONTROLS","NO CONTROLS","CLEAR","DARKNESS, LIGHTED ROAD","PARKED MOTOR VEHICLE","NOT DIVIDED",,"STRAIGHT AND LEVEL","DRY","NO DEFECTS","ON SCENE","NO INJURY / DRIVE AWAY",,,"Y","OVER $1,500","2022-03-20T05:50:00.000","UNABLE TO DETERMINE","NOT APPLICABLE","3526","N","LARAMIE AVE","1634",,,,,,,"3","NO INDICATION OF INJURY","0","0","0","0","0","1","0","5","1","3","41.945010913","-87.757032427","POINT (-87.757032427217 41.945010912876)"
"6a4eb96e536e9bba94eca09042a5701a524da2193699a3e5563308c23d134f2d351e91528e5b757001ab7a989b33933e121a7831d96d8261f13471602ebceaa1",,,"2022-03-20T05:00:00.000","30","NO CONTROLS","NO CONTROLS","CLEAR","DARKNESS, LIGHTED ROAD","HEAD ON","CENTER TURN LANE",,"STRAIGHT AND LEVEL","DRY","NO DEFECTS","ON SCENE","INJURY AND / OR TOW DUE TO CRASH",,,"Y","$501 - $1,500","2022-03-20T05:07:00.000","NOT APPLICABLE","NOT APPLICABLE","1345","N","PULASKI RD","2535",,,,,,,"2","NONINCAPACITATING INJURY","1","0","0","1","0","1","0","5","1","3","41.90579384","-87.726251137","POINT (-87.726251137072 41.905793840339)"
"d04e2e1a67de9f752a5fe60666306375e789f69765706ed390a6ae2423ab1bc9b77a40ed00ee344d1e2ac3cfe18b20c6def74db7944a610cbb820c21d5795f84",,,"2022-03-20T05:00:00.000","30","TRAFFIC SIGNAL","FUNCTIONING PROPERLY","UNKNOWN","UNKNOWN","ANGLE","NOT DIVIDED",,"STRAIGHT AND LEVEL","UNKNOWN","UNKNOWN","NOT ON SCENE (DESK REPORT)","NO INJURY / DRIVE AWAY",,,"Y","$501 - $1,500","2022-03-20T06:30:00.000","UNABLE TO DETERMINE","NOT APPLICABLE","4200","W","MARQUETTE RD","833",,,,,,,"2","NO INDICATION OF INJURY","0","0","0","0","0","3","0","5","1","3","41.771425802","-87.727515881","POINT (-87.727515880858 41.771425801915)"
"f80cabf47ffc8c63cbea7b921781831bd55a41b9a2542b7efc9e226c01e61a2c85b0fde2adcfbf46e671140ff678c821a5a274eebce6ebda1d11ab376a18759c",,,"2022-03-20T04:50:00.000","30","STOP SIGN/FLASHER","NO CONTROLS","CLEAR","DARKNESS, LIGHTED ROAD","REAR END","NOT DIVIDED",,"STRAIGHT AND LEVEL","DRY","NO DEFECTS","NOT ON SCENE (DESK REPORT)","NO INJURY / DRIVE AWAY",,,"Y","OVER $1,500","2022-03-20T08:20:00.000","FOLLOWING TOO CLOSELY","NOT APPLICABLE","847","W","DIVISION ST","1822",,,,,,,"2","NO INDICATION OF INJURY","0","0","0","0","0","4","0","4","1","3","41.903504631","-87.649853995","POINT (-87.649853994607 41.903504630637)"
"f52a5a5f1effc47844e880f6ffbf6ef598f737b8d659a1e740f2cd9c979c21e86db7629af1672aa8e7fc1a700881c7f910d580853c9ecedb05cb58f2061eab80",,,"2022-03-20T04:32:00.000","30","TRAFFIC SIGNAL","UNKNOWN","CLEAR","DARKNESS, LIGHTED ROAD","FIXED OBJECT","DIVIDED - W/MEDIAN BARRIER",,"STRAIGHT AND LEVEL","DRY","UNKNOWN","ON SCENE","INJURY AND / OR TOW DUE TO CRASH",,,,"OVER $1,500","2022-03-20T04:32:00.000","FAILING TO REDUCE SPEED TO AVOID CRASH","UNABLE TO DETERMINE","1902","N","ASHLAND AVE","1433",,"Y",,,,,"2","INCAPACITATING INJURY","2","0","2","0","0","0","0","4","1","3","41.916211175","-87.667945888","POINT (-87.66794588825 41.916211175338)"
"023fb0ea060f28c465bbaea152043ff8d8cee2f1520c72c89129e24ead9d38e15b7776b0264ea96f784024d0e2d746d3e2b042317709b3856f3c06d7ba70045c",,,"2022-03-20T04:18:00.000","30","STOP SIGN/FLASHER","UNKNOWN","CLEAR","DARKNESS, LIGHTED ROAD","TURNING","DIVIDED - W/MEDIAN (NOT RAISED)",,"STRAIGHT AND LEVEL","WET","UNKNOWN","ON SCENE","INJURY AND / OR TOW DUE TO CRASH",,,"Y","OVER $1,500","2022-03-20T04:18:00.000","NOT APPLICABLE","FAILING TO REDUCE SPEED TO AVOID CRASH","200","N","PULASKI RD","1114",,,,,,,"2","NO INDICATION OF INJURY","0","0","0","0","0","2","0","4","1","3","41.88339231","-87.725893439","POINT (-87.725893438622 41.883392310474)"
"f0ef8b939480a468cff17b6d73b041be351b7f345c40806ded3344aa826510e6a3450a2c1d69112989be4b3fb365a25e739d091effda2b9549d217db109be906",,,"2022-03-20T04:10:00.000","45","NO CONTROLS","NO CONTROLS","CLEAR","DARKNESS, LIGHTED ROAD","FIXED OBJECT","DIVIDED - W/MEDIAN BARRIER",,"STRAIGHT AND LEVEL","DRY","NO DEFECTS","ON SCENE","INJURY AND / OR TOW DUE TO CRASH",,,,"OVER $1,500","2022-03-20T04:13:00.000","DRIVING SKILLS/KNOWLEDGE/EXPERIENCE","NOT APPLICABLE","3141","S","LAKE SHORE DR NB","211",,,,,,,"1","NO INDICATION OF INJURY","0","0","0","0","0","1","0","4","1","3","41.836717113","-87.607705528","POINT (-87.607705528003 41.836717113371)"
"5d2ff37b86c79f352b4f7e7af6f9a61905e3d9b53eb08fc5bfc8ed8b0210929b2bdaa84337f800fe8e98c95d8a355ad84c9888df39f5293ac6075ab2aaa03552",,"Y","2022-03-20T04:00:00.000","30","NO CONTROLS","NO CONTROLS","CLEAR","DAYLIGHT","PARKED MOTOR VEHICLE","ONE-WAY",,"STRAIGHT AND LEVEL","DRY","NO DEFECTS","ON SCENE","NO INJURY / DRIVE AWAY",,,"Y","OVER $1,500","2022-03-20T09:41:00.000","UNABLE TO DETERMINE","NOT APPLICABLE","746","W","77TH ST","621",,,,,,,"2","NO INDICATION OF INJURY","0","0","0","0","0","1","0","4","1","3","41.754382889","-87.643570324","POINT (-87.643570323765 41.754382888543)"
"b426b66feb9bdb278b1f49af0d132355edf15fd71ef150a81e684d2f73db17aa1094a8617a05c29115374783e572965add9618f26f19484460a1f68d7218d4b4",,,"2022-03-20T04:00:00.000","35","TRAFFIC SIGNAL","UNKNOWN","UNKNOWN","DARKNESS","REAR END","NOT DIVIDED",,"STRAIGHT AND LEVEL","UNKNOWN","UNKNOWN","ON SCENE","NO INJURY / DRIVE AWAY",,,"Y","OVER $1,500","2022-03-20T10:17:00.000","FAILING TO REDUCE SPEED TO AVOID CRASH","NOT APPLICABLE","9200","S","STONY ISLAND AVE","413",,,,,,,"2","NO INDICATION OF INJURY","0","0","0","0","0","2","0","4","1","3","41.727727438","-87.585594309","POINT (-87.585594309293 41.727727438391)"