"crash_record_id","rd_no","crash_date_est_i","crash_date","posted_speed_limit","traffic_control_device","device_condition","weather_condition","lighting_condition","first_crash_type","trafficway_type","lane_cnt","alignment","roadway_surface_cond","road_defect","report_type","crash_type","intersection_related_i","private_property_i","hit_and_run_i","damage","date_police_notified","prim_contributory_cause","sec_contributory_cause","street_no","street_direction","street_name","beat_of_occurrence","photos_taken_i","statements_taken_i","dooring_i","work_zone_i","work_zone_type","workers_present_i","num_units","most_severe_injury","injuries_total","injuries_fatal","injuries_incapacitating","injuries_non_incapacitating","injuries_reported_not_evident","injuries_no_indication","injuries_unknown","crash_hour","crash_day_of_week","crash_month","latitude","longitude","location"
"cd59d7e43840589ab8bfed47c7bfada41fdf12d7f28404e27f2b62117b409bbe585c8409994a094dc3642fe90c58d4bc9308b3e147538081f0b606dc9e9ba581",,,"2022-03-20T04:00:00.000","30","UNKNOWN","FUNCTIONING IMPROPERLY","UNKNOWN","DARKNESS, LIGHTED ROAD","REAR END","ONE-WAY",,"STRAIGHT AND LEVEL","UNKNOWN","UNKNOWN","NOT ON SCENE (DESK REPORT)","NO INJURY / DRIVE AWAY",,,"Y","$501 - $1,500","2022-03-20T04:30:00.000","FAILING TO REDUCE SPEED TO AVOID CRASH","NOT APPLICABLE","600","N","CLARK ST","1832",,,,,,,"2","NO INDICATION OF INJURY","0","0","0","0","0","2","0","4","1","3","41.892464033","-87.631294886","POINT (-87.631294885907 41.892464032993)"
"39c13a91d6323fa5708ca360e9d31c79d9eddc15ca610a70939824ae9f5bcbdc88664065c4c5f11f2c95a3bcb42a47a7d4b18a42e859a80670d1abd8b1996750",,,"2022-03-20T03:50:00.000","30","NO CONTROLS","NO CONTROLS","CLEAR","DARKNESS, LIGHTED ROAD","PARKED MOTOR VEHICLE","ONE-WAY",,"STRAIGHT AND LEVEL","DRY","NO DEFECTS","ON SCENE","INJURY AND / OR TOW DUE TO CRASH",,,"Y","OVER $1,500","2022-03-21T10:20:00.000","UNABLE TO DETERMINE","UNABLE TO DETERMINE","5446","S","KOMENSKY AVE","815",,,,,,,"2","NO INDICATION OF INJURY","0","0","0","0","0","1","0","3","1","3","41.793628909","-87.724545545","POINT (-87.724545544806 41.793628908678)"
"dccedb0edf66b7861c24da27dc83f6b33f0b3e2bbbdacdb4dde9ce580a981dd49f55b9d7ac4ffe6066ace52979e5be873ed565ba5d68ba9c90431bbbb7a33708",,,"2022-03-20T03:50:00.000","30","NO CONTROLS","NO CONTROLS","CLEAR","DARKNESS, LIGHTED ROAD","PARKED MOTOR VEHICLE","NOT DIVIDED",,"STRAIGHT AND LEVEL","DRY","NO DEFECTS","ON SCENE","INJURY AND / OR TOW DUE TO CRASH",,,"Y","OVER $1,500","2022-03-20T11:00:00.000","UNABLE TO DETERMINE","UNABLE TO DETERMINE","13310","S","AVENUE M","433",,,,,,,"3","NO INDICATION OF INJURY","0","0","0","0","0","1","0","3","1","3","41.653290217","-87.537606935","POINT (-87.537606934536 41.653290216611)"
"9fe29b461ef1b8cecb89034a173ed76cfc92850f7288aa5c23cb11f254f5d00fbadf11ed0bfb51faf2891f5f98229117d494979d27c65fc3119554c6b2e8a29a",,,"2022-03-20T03:41:00.000","30","NO CONTROLS","NO CONTROLS","CLEAR","DARKNESS, LIGHTED ROAD","FIXED OBJECT","DIVIDED - W/MEDIAN (NOT RAISED)",,"STRAIGHT AND LEVEL","DRY","NO DEFECTS","ON SCENE","INJURY AND / OR TOW DUE TO CRASH",,,"Y","OVER $1,500","2022-03-20T03:59:00.000","UNABLE TO DETERMINE","UNABLE TO DETERMINE","727","W","83RD ST","622",,,,,,,"1","NO INDICATION OF INJURY","0","0","0","0","0","1","0","3","1","3","41.743259164","-87.643059329","POINT (-87.64305932927 41.743259163837)"
"b1cf114dd62a72465caa2f17b369f9ce339d102b8061014c2ba4e761ba2cf1b8b98a3c2563dc084d59fd788cff2f6c428f7fa6f4d403fc3b2cb22e60c4d7df38",,,"2022-03-20T03:41:00.000","30","TRAFFIC SIGNAL","FUNCTIONING PROPERLY","CLEAR","DARKNESS, LIGHTED ROAD","ANGLE","NOT DIVIDED",,"STRAIGHT AND LEVEL","DRY","NO DEFECTS","ON SCENE","INJURY AND / OR TOW DUE TO CRASH","Y",,,"OVER $1,500","2022-03-20T03:43:00.000","UNABLE TO DETERMINE","NOT APPLICABLE","1601","N","AUSTIN AVE","2531",,,,,,,"2","NO INDICATION OF INJURY","0","0","0","0","0","3","0","3","1","3","41.909280822","-87.775408562","POINT (-87.775408562206 41.909280822073)"
"88281fceb068c89968b7975a5e1d1db57ae2c38f00148208ecdbed1b0eadf5a1380d1942d89c897dc66853b895f25a21c5684d082f740cadad92e9ef2e2eaddb",,,"2022-03-20T03:30:00.000","35","NO CONTROLS","NO CONTROLS","CLEAR","DARKNESS","PEDALCYCLIST","NOT DIVIDED",,"STRAIGHT AND LEVEL","WET","NO DEFECTS","NOT ON SCENE (DESK REPORT)","INJURY AND / OR TOW DUE TO CRASH",,,"Y","$501 - $1,500","2022-03-20T09:39:00.000","UNABLE TO DETERMINE","UNABLE TO DETERMINE","3218","W","DIVISION ST","1422",,,,,,,"2","REPORTED, NOT EVIDENT","1","0","0","0","1","1","0","3","1","3","41.902934188","-87.707551983","POINT (-87.707551982693 41.902934188128)"
"8e27e4af6b8246f69e7d8908c303218cba8ebd123f791a3c15c23d0b18d9d49fabd835064fdd83573f05e867afe5832e2444343288f243ea8459fd87995c5e7a",,,"2022-03-20T03:15:00.000","30","TRAFFIC SIGNAL","FUNCTIONING PROPERLY","CLEAR","DARKNESS, LIGHTED ROAD","ANGLE","T-INTERSECTION",,"STRAIGHT AND LEVEL","DRY","NO DEFECTS","ON SCENE","INJURY AND / OR TOW DUE TO CRASH","Y",,"Y","OVER $1,500","2022-03-20T03:18:00.000","FAILING TO YIELD RIGHT-OF-WAY","NOT APPLICABLE","1449","W","NORTH AVE","1433",,,,,,,"2","NONINCAPACITATING INJURY","1","0","0","1","0","3","0","3","1","3","41.910561091","-87.664747198","POINT (-87.664747198069 41.910561091353)"
"ebaa7f38864f2950bb475290742ff5a9daec2daa279f1855280dffdba198dd3e661f7ac916434dba01d9c1527cbb93ebab8c419024bd36829eda7bba1f783a07",,,"2022-03-20T03:15:00.000","25","NO CONTROLS","NO CONTROLS","CLEAR","DARKNESS, LIGHTED ROAD","TURNING","FOUR WAY",,"STRAIGHT AND LEVEL","WET","UNKNOWN","ON SCENE","INJURY AND / OR TOW DUE TO CRASH","Y",,,"OVER $1,500","2022-03-20T03:17:00.000","IMPROPER TURNING/NO SIGNAL","UNABLE TO DETERMINE","7600","S","STEWART AVE","621",,,,,,,"2","REPORTED, NOT EVIDENT","1","0","0","0","1","5","0","3","1","3","41.75616061","-87.634583596","POINT (-87.634583595966 41.756160610031)"
"f8a7430dca86a00a19a3aeb4bea438c5f9fe7242948bbbab85d0d56e1310a050ddf6af966e8492f5a59daa868b76411c75ed146fae44afe720555f23ad69cd6a",,,"2022-03-20T03:08:00.000","30","TRAFFIC SIGNAL","FUNCTIONING PROPERLY","CLEAR","DARKNESS, LIGHTED ROAD","TURNING","FOUR WAY",,"STRAIGHT AND LEVEL","WET","NO DEFECTS","ON SCENE","INJURY AND / OR TOW DUE TO CRASH",,,,"OVER $1,500","2022-03-20T03:16:00.000","IMPROPER TURNING/NO SIGNAL","NOT APPLICABLE","2","S","LARAMIE AVE","1522",,,,,,,"2","NONINCAPACITATING INJURY","2","0","0","2","0","2","0","3","1","3","41.880319336","-87.755212067","POINT (-87.755212067253 41.880319335952)"
"7de70dc7ade7652a523ca79f865607141f1a07568873a8681b1a5b25ee27b9e83fec062bc3a80fc470ddc094cfb13e7af3d24cc426e1323799c6178abd80f936",,"Y","2022-03-20T03:00:00.000","20","NO CONTROLS","NO CONTROLS","UNKNOWN","DARKNESS","PARKED MOTOR VEHICLE","ONE-WAY",,"STRAIGHT AND LEVEL","UNKNOWN","UNKNOWN","NOT ON SCENE (DESK REPORT)","NO INJURY / DRIVE AWAY",,,"Y","OVER $1,500","2022-03-20T09:44:00.000","UNABLE TO DETERMINE","NOT APPLICABLE","8316","S","ABERDEEN ST","613",,,,,,,"2","NO INDICATION OF INJURY","0","0","0","0","0","1","0","3","1","3","41.742705366","-87.65124626","POINT (-87.651246260435 41.742705366331)"
"74b33f522dc17674b5ab85c1dc06d255a4a724bed76def9f91143ab233549b43b9d6007df06c0b0c306e0f799bb981345fc6950bbef9ec1daf0f9f1bbe57e442",,,"2022-03-20T02:55:00.000","30","STOP SIGN/FLASHER","FUNCTIONING PROPERLY","CLEAR","DARKNESS, LIGHTED ROAD","REAR END","DIVIDED - W/MEDIAN (NOT RAISED)",,"STRAIGHT AND LEVEL","DRY","NO DEFECTS","ON SCENE","INJURY AND / OR TOW DUE TO CRASH",,,,"OVER $1,500","2022-03-20T02:55:00.000","UNDER THE INFLUENCE OF ALCOHOL/DRUGS (USE WHEN ARREST IS EFFECTED)","UNDER THE INFLUENCE OF ALCOHOL/DRUGS (USE WHEN ARREST IS EFFECTED)","630","E","83RD ST","631",,,,,,,"2","NO INDICATION OF INJURY","0","0","0","0","0","4","0","2","1","3","41.744018634","-87.608733954","POINT (-87.608733953527 41.744018634463)"
"b7dbfdb4c522825740a38cf2b2db34e42b6faeea4b5fa53be7055adf7126f8db6ac00b3baa7d3575bedf9605962ed71d44a19201335c3cf087be74bebb227b07",,,"2022-03-20T02:55:00.000","40","NO CONTROLS","NO CONTROLS","CLEAR","DARKNESS, LIGHTED ROAD","FIXED OBJECT","DIVIDED - W/MEDIAN BARRIER",,"STRAIGHT AND LEVEL","WET","NO DEFECTS","ON SCENE","INJURY AND / OR TOW DUE TO CRASH",,,,"$501 - $1,500","2022-03-20T02:56:00.000","UNABLE TO DETERMINE","NOT APPLICABLE","5600","N","LAKE SHORE DR NB","2022",,,,,,,"1","NONINCAPACITATING INJURY","1","0","0","1","0","0","0","2","1","3","41.983951946","-87.653215108","POINT (-87.653215108266 41.983951946132)"
"4fc48f2872487c3689535ae09560237861b06ab7ea6ebc0a20440961a35694e16ff59165705cf5ac69c082b6e27f6790376d0a70c6622c7c8f3a9493891af9cf",,,"2022-03-20T02:40:00.000","30","NO CONTROLS","NO CONTROLS","CLEAR","DARKNESS, LIGHTED ROAD","SIDESWIPE SAME DIRECTION","DIVIDED - W/MEDIAN BARRIER",,"STRAIGHT AND LEVEL","DRY","NO DEFECTS","ON SCENE","NO INJURY / DRIVE AWAY",,,,"OVER $1,500","2022-03-20T02:40:00.000","UNABLE TO DETERMINE","NOT APPLICABLE","8924","S","STONY ISLAND AVE","413",,,,,,,"2","NO INDICATION OF INJURY","0","0","0","0","0","2","0","2","1","3","41.73250458","-87.585700481","POINT (-87.585700481182 41.732504579623)"
"85bd7dfdc3adc8268505b4590965a8b49bc08d63b8692f46d268c50ac57bea38f180378e2945c97bb801f09bb4e0e6d2e228edc6315c722c563d5990070666b4",,,"2022-03-20T02:40:00.000","30","NO CONTROLS","NO CONTROLS","CLEAR","DARKNESS, LIGHTED ROAD","PARKED MOTOR VEHICLE","NOT DIVIDED",,"STRAIGHT AND LEVEL","DRY","UNKNOWN","ON SCENE","INJURY AND / OR TOW DUE TO CRASH",,,"Y","OVER $1,500","2022-03-20T02:40:00.000","IMPROPER LANE USAGE","UNABLE TO DETERMINE","3107","N","NARRAGANSETT AVE","2511",,,,,,,"3","NO INDICATION OF INJURY","0","0","0","0","0","1","0","2","1","3","41.936717257","-87.785732426","POINT (-87.785732426066 41.936717257355)"
"d1832265d2e2551f428aebd225328893c722979321eec3112fcf66b89c729b5911e3d0a2ddbd1c36ad5edd259f01f21d53186e84ff98d9c0aa4def014adcdd06",,,"2022-03-20T02:30:00.000","30","TRAFFIC SIGNAL","FUNCTIONING PROPERLY","CLEAR","DARKNESS, LIGHTED ROAD","ANGLE","FOUR WAY",,"STRAIGHT AND LEVEL","DRY","NO DEFECTS","ON SCENE","INJURY AND / OR TOW DUE TO CRASH","Y",,,"OVER $1,500","2022-03-20T02:50:00.000","DISREGARDING TRAFFIC SIGNALS","DISREGARDING TRAFFIC SIGNALS","4300","S","STATE ST","215",,,,,,,"2","NO INDICATION OF INJURY","0","0","0","0","0","2","0","2","1","3","41.816395834","-87.626412894","POINT (-87.626412894288 41.816395833928)"
"6f05fbee77f4e8889de67039b8ba026e0a81b0ca021c9af8a0f488c3e1793096decd1a8b76593951fe8e6b1c0d9f3d56f2e74e77cc196e16083b4d90e14bf5bf",,,"2022-03-20T02:16:00.000","30","TRAFFIC SIGNAL","FUNCTIONING IMPROPERLY","CLEAR","DARKNESS, LIGHTED ROAD","TURNING","NOT REPORTED",,"STRAIGHT AND LEVEL","DRY","NO DEFECTS","ON SCENE","INJURY AND / OR TOW DUE TO CRASH","Y",,,"OVER $1,500","2022-03-20T02:19:00.000","FAILING TO YIELD RIGHT-OF-WAY","UNABLE TO DETERMINE","500","N","MILWAUKEE AVE","1214",,,,,,,"2","NONINCAPACITATING INJURY","1","0","0","1","0","2","0","2","1","3","41.891146272","-87.647774608","POINT (-87.647774608116 41.891146271697)"
"56022d4d26f5b4a8b170adf630989f040f7112f2d2567b39f7371d5068e599f99d44d46e0f8749da46713d226bd3f0b682f8179f080d6ab0282ab33172c4662f",,,"2022-03-20T02:07:00.000","30","TRAFFIC SIGNAL","FUNCTIONING PROPERLY","CLEAR","DARKNESS, LIGHTED ROAD","REAR END","NOT DIVIDED",,"STRAIGHT AND LEVEL","UNKNOWN","NO DEFECTS","ON SCENE","INJURY AND / OR TOW DUE TO CRASH",,,,"OVER $1,500","2022-03-20T02:07:00.000","UNABLE TO DETERMINE","UNABLE TO DETERMINE","5458","S","HYDE PARK BLVD","234",,,,,,,"2","NONINCAPACITATING INJURY","1","0","0","1","0","2","0","2","1","3","41.796443572","-87.58412581","POINT (-87.584125809765 41.796443572206)"
"3c9fb35a4f5c60a6e9588e0913eaf41cd781ec65dc434fd1d43bc1d49c4a55fff11c194656b66acd1cda5066bde510c6425cd917ecc6014f4613dbf8d431e4ea",,,"2022-03-20T02:00:00.000","30","NO CONTROLS","NO CONTROLS","CLEAR","DARKNESS, LIGHTED ROAD","REAR END","DIVIDED - W/MEDIAN (NOT RAISED)",,"STRAIGHT AND LEVEL","DRY","NO DEFECTS","ON SCENE","INJURY AND / OR TOW DUE TO CRASH",,,,"OVER $1,500","2022-03-20T02:26:00.000","FAILING TO REDUCE SPEED TO AVOID CRASH","FOLLOWING TOO CLOSELY","6400","S","CICERO AVE","813",,,,,,,"3","NONINCAPACITATING INJURY","3","0","0","3","0","6","0","2","1","3","41.776511601","-87.742372341","POINT (-87.742372341405 41.776511601051)"
"3d9c2c96140ca2771dcfe8ed328462bff210468ee887ba72a489a0755509c94dcc4b06b1959666972c6f264543479a3332bcace336ce0113434fa41c4bb2dc45",,,"2022-03-20T02:00:00.000","30","TRAFFIC SIGNAL","FUNCTIONING PROPERLY","FREEZING RAIN/DRIZZLE","DARKNESS, LIGHTED ROAD","TURNING","NOT DIVIDED",,"STRAIGHT AND LEVEL","DRY","NO DEFECTS","NOT ON SCENE (DESK REPORT)","NO INJURY / DRIVE AWAY","Y",,"Y","OVER $1,500","2022-03-21T18:30:00.000","UNABLE TO DETERMINE","UNABLE TO DETERMINE","900","S","PULASKI RD","1132",,,,,,,"2","NO INDICATION OF INJURY","0","0","0","0","0","3","0","2","1","3","41.87001124","-87.725464307","POINT (-87.725464307123 41.870011239548)"
"6a5266c43c1109e3ee44e1f4a76cb5dba9c5fa314494a4a4a4375fa70a6a816ed9d8de29eb7ab0f257cc63d60847950a706be2a0604b5dc9a7beccb5fe449fba",,,"2022-03-20T02:00:00.000","30","NO CONTROLS","NO CONTROLS","CLEAR","DARKNESS, LIGHTED ROAD","PARKED MOTOR VEHICLE","DIVIDED - W/MEDIAN BARRIER",,"STRAIGHT AND LEVEL","DRY","NO DEFECTS","NOT ON SCENE (DESK REPORT)","NO INJURY / DRIVE AWAY",,,"Y","$501 - $1,500","2022-03-21T08:50:00.000","UNABLE TO DETERMINE","NOT APPLICABLE","6000","S","DR MARTIN LUTHER KING JR DR","311",,,,,,,"2","NO INDICATION OF INJURY","0","0","0","0","0","1","0","2","1","3","41.785606097","-87.615903877","POINT (-87.615903876604 41.785606097064)"
"9b7b96446b370dd3d5dcd70c92aba5af7f7d8717b1328218cc44a9c42ea151107cf22849a57f345cc2ac02da2272bb31f327cb122eb1238eb087957484ac145b",,,"2022-03-20T01:30:00.000","30","TRAFFIC SIGNAL","FUNCTIONING PROPERLY","CLEAR","DARKNESS, LIGHTED ROAD","REAR END","FOUR WAY",,"STRAIGHT AND LEVEL","WET","NO DEFECTS","NOT ON SCENE (DESK REPORT)","INJURY AND / OR TOW DUE TO CRASH","Y",,,"$501 - $1,500","2022-03-20T03:00:00.000","UNABLE TO DETERMINE","UNABLE TO DETERMINE","2348","N","ASHLAND AVE","1811",,,,,,,"2","NONINCAPACITATING INJURY","1","0","0","1","0","1","0","1","1","3","41.92477724","-87.668279458","POINT (-87.668279457929 41.924777239687)"
"a1d157e56dcd023fa71368066cea7eb606b5c0d01f2d349c7af268f24b4915d84f4f684d6268f2e931c670ec716bc030f7705b0130e98f6797f1eba8c61ac821",,,"2022-03-20T01:30:00.000","10","NO CONTROLS","NO CONTROLS","UNKNOWN","DARKNESS, LIGHTED ROAD","PARKED MOTOR VEHICLE","PARKING LOT",,"STRAIGHT AND LEVEL","UNKNOWN","UNKNOWN","NOT ON SCENE (DESK REPORT)","NO INJURY / DRIVE AWAY",,"Y","Y","$501 - $1,500","2022-03-20T08:40:00.000","IMPROPER BACKING","UNABLE TO DETERMINE","3801","W","HARRISON ST","1133",,,,,,,"2","NO INDICATION OF INJURY","0","0","0","0","0","2","0","1","1","3","41.873404645","-87.720399628","POINT (-87.720399628297 41.873404645345)"
"a9128fa85cb698ef449d05117ef7a838c63b45ba6ca2a98afb738c041bb51e2fe7c88d63b8add27d8b1f0781061d039063893173202350389c7143ea7d223f9e",,,"2022-03-20T01:30:00.000","40","NO CONTROLS","NO CONTROLS","CLEAR","DARKNESS, LIGHTED ROAD","SIDESWIPE SAME DIRECTION","DIVIDED - W/MEDIAN BARRIER",,"STRAIGHT AND LEVEL","DRY","NO DEFECTS","NOT ON SCENE (DESK REPORT)","NO INJURY / DRIVE AWAY",,,,"OVER $1,500","2022-03-20T01:45:00.000","IMPROPER OVERTAKING/PASSING","UNABLE TO DETERMINE","2300","N","LAKE SHORE DR NB","1814",,,,,,,"2","NO INDICATION OF INJURY","0","0","0","0","0","3","0","1","1","3","41.923797792","-87.630777267","POINT (-87.630777266631 41.923797791573)"
"d663dd7dfc5945e287237384e3e9f490b5a3c527cd11e5887f1512e7233eba0a8d2097c80de4b67d7eecc9d0d100e8ae8890eed361317a3bb9dc1f159568b943",,,"2022-03-20T01:30:00.000","30","NO CONTROLS","NO CONTROLS","CLEAR","DARKNESS, LIGHTED ROAD","FIXED OBJECT","NOT DIVIDED",,"STRAIGHT AND LEVEL","WET","NO DEFECTS","NOT ON SCENE (DESK REPORT)","INJURY AND / OR TOW DUE TO CRASH",,,,"$501 - $1,500","2022-03-21T12:10:00.000","UNABLE TO DETERMINE","NOT APPLICABLE","4461","W","31ST ST","1031",,,,,,,"1","NO INDICATION OF INJURY","0","0","0","0","0","2","0","1","1","3","41.836278959","-87.736466337","POINT (-87.736466337062 41.836278959368)"
"09940d0f8eb47b985503dda7d8f20fb3d9ccd77a1ad11e111042a0bfa789583180162fe8ce64722d07a81b8b16c0bc39dfb871a8fb2a313acf66f336dba47896",,,"2022-03-20T01:25:00.000","30","NO CONTROLS","NO CONTROLS","CLEAR","DARKNESS, LIGHTED ROAD","PARKED MOTOR VEHICLE","NOT DIVIDED",,"STRAIGHT AND LEVEL","WET","NO DEFECTS","ON SCENE","INJURY AND / OR TOW DUE TO CRASH",,,,"OVER $1,500","2022-03-20T01:28:00.000","FAILING TO REDUCE SPEED TO AVOID CRASH","NOT APPLICABLE","2411","W","63RD ST","825",,,,,,,"2","NONINCAPACITATING INJURY","1","0","0","1","0","0","0","1","1","3","41.779137418","-87.684155549","POINT (-87.684155549071 41.779137418013)"
"6de9ad1f6883b5eafed600781d119f31cee3773e94a1ebafac4af9112bc11ecdcdb89f7c31533735ef1e69031f0150a9c559a1bce4dd775d352ea0de822950c5",,,"2022-03-20T01:22:00.000","30","STOP SIGN/FLASHER","FUNCTIONING PROPERLY","CLEAR","DUSK","REAR END","FIVE POINT, OR MORE",,"STRAIGHT AND LEVEL","DRY","NO DEFECTS","NOT ON SCENE (DESK REPORT)","NO INJURY / DRIVE AWAY","Y",,"Y","OVER $1,500","2022-03-20T12:45:00.000","FAILING TO REDUCE SPEED TO AVOID CRASH","UNABLE TO DETERMINE","8258","S","SOUTH CHICAGO AVE","414",,,,,,,"2","NO INDICATION OF INJURY","0","0","0","0","0","2","0","1","1","3","41.744846756","-87.576545376","POINT (-87.576545376333 41.744846756316)"
"a24285af89c6a4c6252c537f7fc95488d941504fb0ae8e25ffadb8140b86a4982d5651fa64ed4f9e2db3a5a8701e8480d75dd2d09031b4a19ed5f433e62c505f",,,"2022-03-20T01:20:00.000","30","NO CONTROLS","NO CONTROLS","CLEAR","DAYLIGHT","FIXED OBJECT","NOT DIVIDED",,"STRAIGHT AND LEVEL","DRY","NO DEFECTS","NOT ON SCENE (DESK REPORT)","NO INJURY / DRIVE AWAY",,,,"OVER $1,500","2022-03-21T11:45:00.000","NOT APPLICABLE","NOT APPLICABLE","821","N","ORLEANS ST","1823",,,,,,,"1","NO INDICATION OF INJURY","0","0","0","0","0","1","0","1","1","3","41.897343357","-87.63705168","POINT (-87.637051679582 41.897343356843)"
"29afce998a448775ee3e968087e8c1ff885f31311db8e71e3493958eeefbb524f0a6c7e26ca9af8694c54ed5a454db096ea88a0bdc1417ff90d8963716ecc5ca",,,"2022-03-20T01:00:00.000","30","TRAFFIC SIGNAL","FUNCTIONING PROPERLY","CLEAR","DARKNESS, LIGHTED ROAD","TURNING","DIVIDED - W/MEDIAN (NOT RAISED)",,"STRAIGHT AND LEVEL","DRY","NO DEFECTS","NOT ON SCENE (DESK REPORT)","INJURY AND / OR TOW DUE TO CRASH",,,,"$501 - $1,500","2022-03-20T15:21:00.000","UNABLE TO DETERMINE","UNABLE TO DETERMINE","708","W","TAYLOR ST","124",,,,,,,"2","INCAPACITATING INJURY","1","0","1","0","0","1","0","1","1","3","41.869801519","-87.644165267","POINT (-87.644165267277 41.869801519478)"
"9b1a3607d02d0b376d4a80a9d18914827f3c90c31eee8abcdeea9fb660475c589925800295f99b896900b8924eeb119f6b33871521783ce69a8b772eb0f67b8a",,"Y","2022-03-20T01:00:00.000","30","NO CONTROLS","NO CONTROLS","UNKNOWN","UNKNOWN","PARKED MOTOR VEHICLE","ONE-WAY",,"STRAIGHT AND LEVEL","UNKNOWN","UNKNOWN","NOT ON SCENE (DESK REPORT)","NO INJURY / DRIVE AWAY",,,"Y","OVER $1,500","2022-03-20T13:15:00.000","UNABLE TO DETERMINE","UNABLE TO DETERMINE","2845","W","BERWYN AVE","2011",,,,,,,"2","NO INDICATION OF INJURY","0","0","0","0","0","1","0","1","1","3","41.977523032","-87.700765145","POINT (-87.700765145241 41.977523031767)"
"a6d0840011cc068b8b120388d45bdc14ab8af50e3f1c9cdc07f801e5d135c7d51e59689af4ad367df20bf4dae096857fb8dbda1505b205a5c577bc0b368537e1",,"Y","2022-03-20T01:00:00.000","30","NO CONTROLS","NO CONTROLS","CLEAR","DARKNESS, LIGHTED ROAD","PARKED MOTOR VEHICLE","ONE-WAY",,"STRAIGHT AND LEVEL","WET","NO DEFECTS","ON SCENE","INJURY AND / OR TOW DUE TO CRASH",,,"Y","OVER $1,500","2022-03-20T01:04:00.000","UNABLE TO DETERMINE","UNABLE TO DETERMINE","5621","W","OHIO ST","1512",,,,,,,"2","NO INDICATION OF INJURY","0","0","0","0","0","1","0","1","1","3","41.890977385","-87.766198303","POINT (-87.766198303057 41.890977385038)"
"eb3f91bd341f5f6dcf646e756799e2a1fcb60f977d8795b86682335c7e8e81d63a915f35df7ac71defbca5c11d519f8a36a9c233b48d3eb705487f1d85f57929",,,"2022-03-20T01:00:00.000","15","NO CONTROLS","NO CONTROLS","CLEAR","DARKNESS, LIGHTED ROAD","HEAD ON","NOT DIVIDED",,"STRAIGHT AND LEVEL","WET","UNKNOWN","NOT ON SCENE (DESK REPORT)","INJURY AND / OR TOW DUE TO CRASH",,,"Y","OVER $1,500","2022-03-20T03:00:00.000","UNABLE TO DETERMINE","NOT APPLICABLE","7601","S","CICERO AVE","833",,,,,,,"2","NO INDICATION OF INJURY","0","0","0","0","0","7","0","1","1","3","41.754660124","-87.741384759","POINT (-87.741384758605 41.754660124394)"
"fb66aaec09cfef396b00be4028b6226fd936a07485b9457bed2bb1e7a69cbd075d15b1ba71a08eddfa5aaebb81aeda91f95368887351da9241d8b98d902980e9",,,"2022-03-20T00:53:00.000","15","NO CONTROLS","NO CONTROLS","UNKNOWN","DARKNESS, LIGHTED ROAD","FIXED OBJECT","ALLEY",,"STRAIGHT AND LEVEL","UNKNOWN","UNKNOWN",,"INJURY AND / OR TOW DUE TO CRASH",,,"Y","OVER $1,500","2022-03-20T08:11:00.000","UNABLE TO DETERMINE","UNABLE TO DETERMINE","502","N","CENTRAL AVE","1512",,,,,,,"1","NO INDICATION OF INJURY","0","0","0","0","0","1","0","0","1","3","41.889433716","-87.765334423","POINT (-87.765334422705 41.889433715807)"
"803bfa1e1c225f6ce8be74a81a1d0f521f86c28c2f5c46141db3360e77889cea8dba2c47067f2f29f6676024b427d1476c7b4a75e430bd5828f5220413c7113e",,"Y","2022-03-20T00:45:00.000","20","NO CONTROLS","NO CONTROLS","RAIN","DARKNESS, LIGHTED ROAD","PARKED MOTOR VEHICLE","ONE-WAY",,"STRAIGHT AND LEVEL","WET","UNKNOWN","ON SCENE","NO INJURY / DRIVE AWAY",,,"Y","OVER $1,500","2022-03-20T00:50:00.000","UNABLE TO DETERMINE","UNABLE TO DETERMINE","4129","W","NELSON ST","2523",,,,,,,"3","NO INDICATION OF INJURY","0","0","0","0","0","1","0","0","1","3","41.936197394","-87.730763742","POINT (-87.730763741909 41.936197394016)"