"crash_record_id","rd_no","crash_date_est_i","crash_date","posted_speed_limit","traffic_control_device","device_condition","weather_condition","lighting_condition","first_crash_type","trafficway_type","lane_cnt","alignment","roadway_surface_cond","road_defect","report_type","crash_type","intersection_related_i","private_property_i","hit_and_run_i","damage","date_police_notified","prim_contributory_cause","sec_contributory_cause","street_no","street_direction","street_name","beat_of_occurrence","photos_taken_i","statements_taken_i","dooring_i","work_zone_i","work_zone_type","workers_present_i","num_units","most_severe_injury","injuries_total","injuries_fatal","injuries_incapacitating","injuries_non_incapacitating","injuries_reported_not_evident","injuries_no_indication","injuries_unknown","crash_hour","crash_day_of_week","crash_month","latitude","longitude","location"
"47acf3383b3e5c2f3b28ec70a65d8c29dba84710bda07979a684a41c6d9c3552f60f02633d6125140ae5d0b45359197ecc21dbe61d2e4da0b430e17633e01be0",,,"2022-03-20T00:40:00.000","30","TRAFFIC SIGNAL","FUNCTIONING PROPERLY","CLEAR","DARKNESS, LIGHTED ROAD","SIDESWIPE SAME DIRECTION","DIVIDED - W/MEDIAN (NOT RAISED)",,"STRAIGHT AND LEVEL","WET","NO DEFECTS","ON SCENE","NO INJURY / DRIVE AWAY",,,"Y","OVER $1,500","2022-03-20T00:40:00.000","IMPROPER OVERTAKING/PASSING","IMPROPER LANE USAGE","2","E","CERMAK RD","131",,,,,,,"3","NO INDICATION OF INJURY","0","0","0","0","0","3","0","0","1","3","41.852975977","-87.627033088","POINT (-87.62703308833 41.852975976988)"
"dccd6fa7bf5e739db2440b331beeea25cb1930b8bb91eb354fe12e066f1e74e079cc5db03a2a9033e912d0dc115555f717c18de3a99dbcd34adfb4feb6eb4de8",,,"2022-03-20T00:33:00.000","30","NO CONTROLS","NO CONTROLS","CLEAR","DARKNESS, LIGHTED ROAD","PARKED MOTOR VEHICLE","NOT DIVIDED",,"STRAIGHT AND LEVEL","DRY","NO DEFECTS","ON SCENE","NO INJURY / DRIVE AWAY",,,,"$500 OR LESS","2022-03-20T00:36:00.000","DRIVING SKILLS/KNOWLEDGE/EXPERIENCE","DRIVING SKILLS/KNOWLEDGE/EXPERIENCE","1221","N","STATE PKWY","1824",,,"N",,,,"2","NO INDICATION OF INJURY","0","0","0","0","0","1","0","0","1","3","41.904622131","-87.628555394","POINT (-87.628555393701 41.904622130889)"
"eb15a73efb9c16c7b3f9376ff4f309995493c20d106bfa8f7a5b6cf35c50ccb65354b8187c2231ffe96000939ac7abcc4a1f6e521c2f3d8b1998682d63422643",,,"2022-03-20T00:30:00.000","30","UNKNOWN","UNKNOWN","UNKNOWN","DARKNESS","REAR END","NOT DIVIDED",,"STRAIGHT AND LEVEL","UNKNOWN","UNKNOWN","NOT ON SCENE (DESK REPORT)","INJURY AND / OR TOW DUE TO CRASH",,,"Y","OVER $1,500","2022-03-20T11:47:00.000","UNABLE TO DETERMINE","UNABLE TO DETERMINE","334","W","79TH ST","623",,,,,,,"3","NO INDICATION OF INJURY","0","0","0","0","0","3","0","0","1","3","41.750909505","-87.633229887","POINT (-87.633229886655 41.750909505292)"
"c40e58ebb7edaa39d70091b088a34dd7dcbfb7d83cfef6f2503f7cc2e21592f1d1b9a5d9e69db5334b89938cae24d19568d0e0f6184a09d11993e9de628d547c",,,"2022-03-20T00:25:00.000","30","TRAFFIC SIGNAL","FUNCTIONING PROPERLY","RAIN","DARKNESS, LIGHTED ROAD","TURNING","NOT DIVIDED",,"STRAIGHT AND LEVEL","WET","NO DEFECTS",,"NO INJURY / DRIVE AWAY",,,,"OVER $1,500","2022-03-20T00:35:00.000","FOLLOWING TOO CLOSELY","UNABLE TO DETERMINE","10000","S","TORRENCE AVE","431",,,,,,,"2","NO INDICATION OF INJURY","0","0","0","0","0","3","0","0","1","3","41.713373857","-87.559894682","POINT (-87.559894682333 41.71337385748)"
"d0b1b3f09cd7a4ef3c03441ddcc4a69f68a07d9b83c0df086559e8822eff742892f553004bc7e3f95c2694093ed6b9a34562000f92524d910fdfe863845b3879",,,"2022-03-20T00:19:00.000","20","NO CONTROLS","NO CONTROLS","OTHER","DUSK","ANGLE","NOT DIVIDED",,"STRAIGHT AND LEVEL","WET","UNKNOWN","ON SCENE","INJURY AND / OR TOW DUE TO CRASH","Y",,"Y","OVER $1,500","2022-03-20T00:21:00.000","UNABLE TO DETERMINE","NOT APPLICABLE","5432","W","WASHINGTON BLVD","1523",,,,,,,"2","NONINCAPACITATING INJURY","1","0","0","1","0","1","0","0","1","3","41.882398105","-87.761540817","POINT (-87.761540816972 41.882398105064)"
"87d9872100a1baaf4304b6cb9ed4be1cb0fe0811a218eb478390b90caec371ab7a966d6b739b44f2aedd4600d6d333cd8b9af3614b214672414a3548ecbb0f6f",,,"2022-03-20T00:13:00.000","30","NO CONTROLS","NO CONTROLS","RAIN","DARKNESS, LIGHTED ROAD","PARKED MOTOR VEHICLE","ONE-WAY",,"STRAIGHT AND LEVEL","WET","NO DEFECTS","ON SCENE","INJURY AND / OR TOW DUE TO CRASH",,,,"OVER $1,500","2022-03-20T00:20:00.000","UNABLE TO DETERMINE","NOT APPLICABLE","200","N","LAFLIN ST","1215",,,,,,,"2","NO INDICATION OF INJURY","0","0","0","0","0","1","0","0","1","3","41.885437054","-87.664433128","POINT (-87.664433128402 41.885437054048)"
"c1b48ad6ebd9e84dc7c99ddb6780b5be43fa0cc859158b4a4a7e4c09e367c72f05a2f0af83be311c3a2e2b6f3218f9c28675f6edcb95782b04f819199231e039",,,"2022-03-20T00:10:00.000","15","NO CONTROLS","NO CONTROLS","CLEAR","DARKNESS, LIGHTED ROAD","PARKED MOTOR VEHICLE","NOT DIVIDED",,"STRAIGHT AND LEVEL","WET","NO DEFECTS","NOT ON SCENE (DESK REPORT)","NO INJURY / DRIVE AWAY",,,"Y","OVER $1,500","2022-03-20T00:50:00.000","NOT APPLICABLE","NOT APPLICABLE","14","N","ALBANY AVE","1222",,,,,,,"2","NO INDICATION OF INJURY","0","0","0","0","0","1","0","0","1","3","41.881456465","-87.703823331","POINT (-87.70382333115 41.881456464706)"
"07e3d918effe9fe053536d842db203151737c9719a2fcef16683a0dc2ecee9cc80e1d7e13993acebc22531ea5bb5590d11c87f57e6ee8029b91cdacf4c0e9aae",,,"2022-03-20T00:03:00.000","30","NO CONTROLS","NO CONTROLS","CLEAR","DARKNESS, LIGHTED ROAD","TURNING","NOT DIVIDED",,"STRAIGHT AND LEVEL","DRY","NO DEFECTS","ON SCENE","INJURY AND / OR TOW DUE TO CRASH",,,,"OVER $1,500","2022-03-20T00:05:00.000","FAILING TO YIELD RIGHT-OF-WAY","DRIVING SKILLS/KNOWLEDGE/EXPERIENCE","6400","N","RIDGE BLVD","2412",,,,,,,"2","NONINCAPACITATING INJURY","1","0","0","1","0","1","0","0","1","3","41.998019258","-87.67701946","POINT (-87.677019460109 41.998019258165)"
"cc555f0e0c7508e06e9cafc594d5f7b112c1731bd6761583b84e9ba73fb55260843608aeaf1b1513dd01bec9d5c973511123ceacc16e98dd402a58335b143bfd",,,"2022-03-20T00:03:00.000","30","TRAFFIC SIGNAL","FUNCTIONING PROPERLY","CLEAR","DARKNESS, LIGHTED ROAD","ANGLE","FOUR WAY",,"STRAIGHT AND LEVEL","DRY","UNKNOWN","ON SCENE","INJURY AND / OR TOW DUE TO CRASH","Y",,,"OVER $1,500","2022-03-20T00:03:00.000","DISREGARDING TRAFFIC SIGNALS","UNDER THE INFLUENCE OF ALCOHOL/DRUGS (USE WHEN ARREST IS EFFECTED)","400","S","DAMEN AVE","1225",,,,,,,"2","INCAPACITATING INJURY","1","0","1","0","0","2","0","0","1","3","41.876186167","-87.676673972","POINT (-87.67667397249 41.876186166555)"
"c672c327eedcfd75feb8de6e528430aecf0dc1e0abb3e117cd7dc5ba1befa1187a6cea86f98e204b4525b6cb3dcc56636dce2208c039913677cb02484751f67d",,"Y","2022-03-20T00:01:00.000","20","NO CONTROLS","NO CONTROLS","CLEAR","DAYLIGHT","OTHER OBJECT","ALLEY",,"STRAIGHT AND LEVEL","DRY","NO DEFECTS","ON SCENE","NO INJURY / DRIVE AWAY",,"Y","Y","OVER $1,500","2022-03-20T07:45:00.000","UNABLE TO DETERMINE","UNABLE TO DETERMINE","3912","W","55TH ST","822",,,,,,,"1","NO INDICATION OF INJURY","0","0","0","0","0","1","0","0","1","3","41.793343231","-87.721312434","POINT (-87.721312434443 41.793343230876)"
"60565841f3e8c8134aaec6d7eab3428e3829d1b6084bede4d9337cff5c313d8aebbed82ba6a133dfa3446ff93f53385df87aab65b0d8ba6311a6402d6a61034f",,,"2022-03-20T00:00:00.000","30","NO CONTROLS","NO CONTROLS","CLEAR","DARKNESS, LIGHTED ROAD","TURNING","NOT DIVIDED",,"STRAIGHT AND LEVEL","WET","NO DEFECTS","NOT ON SCENE (DESK REPORT)","NO INJURY / DRIVE AWAY",,,"Y","OVER $1,500","2022-03-20T00:30:00.000","IMPROPER TURNING/NO SIGNAL","NOT APPLICABLE","1910","W","MADISON ST","1223",,,,,,,"2","NO INDICATION OF INJURY","0","0","0","0","0","2","0","0","1","3","41.881454961","-87.674676271","POINT (-87.674676270536 41.881454960889)"
"7386daa8637a3a812da181a73420e6ad9bb2718c8052e7844b467b787484a34cdaba0e0cb278e69d7ceccac625bf771531357b5b98de27cafd9caaa2d325e0a8",,"Y","2022-03-20T00:00:00.000","20","NO CONTROLS","NO CONTROLS","CLEAR","UNKNOWN","PARKED MOTOR VEHICLE","NOT DIVIDED",,"STRAIGHT AND LEVEL","UNKNOWN","NO DEFECTS","ON SCENE","NO INJURY / DRIVE AWAY",,,"Y","$500 OR LESS","2022-03-20T07:54:00.000","NOT APPLICABLE","NOT APPLICABLE","7338","S","PAULINA ST","735",,,,,,,"2","NO INDICATION OF INJURY","0","0","0","0","0","1","0","0","1","3","41.760078081","-87.666263213","POINT (-87.66626321295 41.760078080932)"
"d88127d5e35690eccaae9332bec6424309ecef65d17d26c9eb847f9f262a81c5e92873e3ed9ef61b643a2d3dd278900cd43c4802f91fa8c43a98e6dcf9f3e4c5",,,"2022-03-20T00:00:00.000","30","NO CONTROLS","NO CONTROLS","CLEAR","DARKNESS, LIGHTED ROAD","FIXED OBJECT","NOT DIVIDED",,"CURVE, LEVEL","UNKNOWN","UNKNOWN","ON SCENE","INJURY AND / OR TOW DUE TO CRASH",,,"Y","OVER $1,500","2022-03-20T00:03:00.000","UNABLE TO DETERMINE","UNABLE TO DETERMINE","11033","S","LANGLEY AVE","513",,,,,,,"1",,,,,,,,,"0","1","3","41.694016452","-87.605436016","POINT (-87.60543601623 41.694016452329)"
"14fc9f354f1c66872741986733b20d2b469941b25e33d94a4d2e75d81df821b739e3089dfb1ec6e8fc024210598ad2fc5d98641966f2ec0daf6bf995f9152e7f",,,"2022-03-19T23:59:00.000","30","NO CONTROLS","NO CONTROLS","CLEAR","DARKNESS, LIGHTED ROAD","FIXED OBJECT","DIVIDED - W/MEDIAN BARRIER",,"STRAIGHT AND LEVEL","WET","NO DEFECTS","NOT ON SCENE (DESK REPORT)","INJURY AND / OR TOW DUE TO CRASH",,,,"OVER $1,500","2022-03-20T00:01:00.000","PHYSICAL CONDITION OF DRIVER","NOT APPLICABLE","1098","S","HOMAN AVE","1133",,,,,,,"1","NONINCAPACITATING INJURY","1","0","0","1","0","0","0","23","7","3","41.868191534","-87.710747826","POINT (-87.71074782618 41.868191533705)"
"668e1eeec63768a7f52e98b6720c042e9860fefc24231f5d2761388870d700f26ad9f05c81502598100a33afe649ec5f089a1debab38c3b9e1ae4c8ca6efdf46",,,"2022-03-19T23:57:00.000","20","NO CONTROLS","NO CONTROLS","RAIN","DARKNESS, LIGHTED ROAD","PARKED MOTOR VEHICLE","ONE-WAY",,"STRAIGHT AND LEVEL","WET","UNKNOWN","ON SCENE","INJURY AND / OR TOW DUE TO CRASH",,,"Y","OVER $1,500","2022-03-19T23:59:00.000","UNABLE TO DETERMINE","NOT APPLICABLE","2550","W","66TH ST","832",,,,,,,"3","NO INDICATION OF INJURY","0","0","0","0","0","1","0","23","7","3","41.773838059","-87.687982453","POINT (-87.687982452788 41.773838059079)"
"2aeb33434d23d69bda87db14801fffede79f215b736f097c0ce18597d9cb0c4aeb7360f30174e1d258b3a866cdfa98b14a6c3523725583b127be45874d6017de",,,"2022-03-19T23:52:00.000","30","NO CONTROLS","NO CONTROLS","CLEAR","DARKNESS, LIGHTED ROAD","REAR END","DIVIDED - W/MEDIAN (NOT RAISED)",,"STRAIGHT AND LEVEL","WET","UNKNOWN","ON SCENE","INJURY AND / OR TOW DUE TO CRASH",,,,"OVER $1,500","2022-03-19T23:56:00.000","UNABLE TO DETERMINE","NOT APPLICABLE","4600","W","MADISON ST","1113",,,,,,,"2","NO INDICATION OF INJURY","0","0","0","0","0","2","0","23","7","3","41.880660067","-87.740728133","POINT (-87.740728133013 41.880660066981)"
"84d9bcbe758bcac0955996fa1ee8ec51bffcc5370a1aa5d88300530d61d3ca7dc3523dfcc240b3ee61bd3c9c54882cbc69c557e3ec960f04166282f70d1a8122",,,"2022-03-19T23:50:00.000","30","NO CONTROLS","NO CONTROLS","CLEAR","DARKNESS, LIGHTED ROAD","SIDESWIPE SAME DIRECTION","NOT DIVIDED",,"STRAIGHT AND LEVEL","DRY","NO DEFECTS","NOT ON SCENE (DESK REPORT)","NO INJURY / DRIVE AWAY",,,"Y","$501 - $1,500","2022-03-20T00:09:00.000","UNABLE TO DETERMINE","UNABLE TO DETERMINE","2298","W","FOSTER AVE","2012",,,,,,,"2","NO INDICATION OF INJURY","0","0","0","0","0","2","0","23","7","3","41.976038323","-87.686612374","POINT (-87.686612374157 41.97603832259)"
"76ccd0c19491bf100355aa2ec45d3ac8426b074c55dc418e64b17c243af0eacbc612680ec668f4490c664eb591aaeff79112aee9fe38323c99d14a7b72d198bc",,,"2022-03-19T23:45:00.000","30","UNKNOWN","UNKNOWN","UNKNOWN","DARKNESS, LIGHTED ROAD","SIDESWIPE SAME DIRECTION","ONE-WAY",,"STRAIGHT AND LEVEL","UNKNOWN","UNKNOWN","NOT ON SCENE (DESK REPORT)","INJURY AND / OR TOW DUE TO CRASH","N",,,"OVER $1,500","2022-03-20T00:48:00.000","FAILING TO YIELD RIGHT-OF-WAY","IMPROPER LANE USAGE","23","W","OAK ST","1832",,,,,,,"2","REPORTED, NOT EVIDENT","1","0","0","0","1","1","0","23","7","3","41.900471419","-87.629255957","POINT (-87.629255957221 41.900471419375)"
"585a370d1842501550e9d922bb0aa64cfea2b57caa081e73c4f6ab96928f5cb0534e0256fd112aeb0ac6f2bdac620e994a6f9687411e76f7ddaf1541f855ea95",,,"2022-03-19T23:41:00.000","35","TRAFFIC SIGNAL","FUNCTIONING PROPERLY","CLEAR","DARKNESS, LIGHTED ROAD","ANGLE","NOT DIVIDED",,"STRAIGHT AND LEVEL","WET","NO DEFECTS","ON SCENE","INJURY AND / OR TOW DUE TO CRASH","Y",,,"OVER $1,500","2022-03-19T23:42:00.000","DISREGARDING TRAFFIC SIGNALS","DISREGARDING TRAFFIC SIGNALS","7102","S","INDIANA AVE","323",,,,,,,"2","NO INDICATION OF INJURY","0","0","0","0","0","2","0","23","7","3","41.765462488","-87.620225741","POINT (-87.620225741355 41.765462488248)"
"698bf02f3db6c9498e27682eada448994e5eda60efe8bbba136ef9af2f41c4bde6a29cb48450534e63797a374db33fd5e6711cbfc36649a4c2085fcb0d1265bb",,,"2022-03-19T23:39:00.000","30","NO CONTROLS","NO CONTROLS","CLEAR","DARKNESS, LIGHTED ROAD","ANGLE","OTHER",,"STRAIGHT AND LEVEL","UNKNOWN","UNKNOWN","NOT ON SCENE (DESK REPORT)","NO INJURY / DRIVE AWAY",,,,"OVER $1,500","2022-03-20T00:00:00.000","FAILING TO YIELD RIGHT-OF-WAY","IMPROPER LANE USAGE","3159","W","ADDISON ST","1733",,,,,,,"2","NO INDICATION OF INJURY","0","0","0","0","0","2","0","23","7","3","41.946521971","-87.70775808","POINT (-87.707758079983 41.946521971142)"
"8088f76bc2a9e078d59200c372b502e3d51d041c672707b63e35c800b435c50a6626a74ca1b07d8f245d1d295bf5b828a081dfd58035d6603bc67fbeac83db36",,,"2022-03-19T23:37:00.000","30","NO CONTROLS","NO CONTROLS","CLEAR","DARKNESS, LIGHTED ROAD","FIXED OBJECT","ONE-WAY",,"STRAIGHT AND LEVEL","DRY","NO DEFECTS","ON SCENE","INJURY AND / OR TOW DUE TO CRASH",,,,"OVER $1,500","2022-03-19T23:38:00.000","OPERATING VEHICLE IN ERRATIC, RECKLESS, CARELESS, NEGLIGENT OR AGGRESSIVE MANNER","UNDER THE INFLUENCE OF ALCOHOL/DRUGS (USE WHEN ARREST IS EFFECTED)","2712","W","MELROSE ST","1733",,,,,,,"2","NO INDICATION OF INJURY","0","0","0","0","0","1","0","23","7","3","41.940364412","-87.695822176","POINT (-87.695822176365 41.940364411883)"
"033274e3b24450c7d99b8f4add11b67edc9682f1484c5e9fa9a5246cf8984fc2e4dd212f607b9e0ca3594e74ba778da90fe8ccf1e56ebf18bdbdd3e05e5f4002",,,"2022-03-19T23:34:00.000","25","TRAFFIC SIGNAL","FUNCTIONING PROPERLY","FOG/SMOKE/HAZE","DARKNESS, LIGHTED ROAD","PEDESTRIAN","FOUR WAY",,"STRAIGHT AND LEVEL","WET","NO DEFECTS","ON SCENE","INJURY AND / OR TOW DUE TO CRASH","Y",,,"$500 OR LESS","2022-03-19T23:36:00.000","VISION OBSCURED (SIGNS, TREE LIMBS, BUILDINGS, ETC.)","UNABLE TO DETERMINE","3398","W","CONGRESS PKWY","1134",,,,,,,"2","INCAPACITATING INJURY","1","0","1","0","0","1","0","23","7","3","41.874654272","-87.710770752","POINT (-87.710770751817 41.874654271607)"
"2a1c05b3935380aa8bde174dbfa6bd807afdb309e2c6d6c2f42111217f3beacddfb740ec28ff89a56f3610ec4c0c43ade5543e8ef102f4cdf15c64fc09fddd72",,,"2022-03-19T23:30:00.000","30","TRAFFIC SIGNAL","FUNCTIONING PROPERLY","RAIN","DARKNESS, LIGHTED ROAD","REAR END","FOUR WAY",,"STRAIGHT AND LEVEL","WET","NO DEFECTS",,"NO INJURY / DRIVE AWAY","Y",,"Y","OVER $1,500","2022-03-19T23:40:00.000","UNABLE TO DETERMINE","NOT APPLICABLE","3255","N","PULASKI RD","1732",,,,,,,"2","NO INDICATION OF INJURY","0","0","0","0","0","3","0","23","7","3","41.94064232","-87.727081098","POINT (-87.727081097925 41.940642320286)"
"025baad90ec0a175b8a3e3a3b318e1e30c079457870d12d58867acae7db04835ecc2df97ba1226ec2b6057931f0c27e565647a87f4c7bcb4f7381e46c03b82fd",,,"2022-03-19T23:25:00.000","30","TRAFFIC SIGNAL","FUNCTIONING PROPERLY","RAIN","DARKNESS, LIGHTED ROAD","ANGLE","FIVE POINT, OR MORE",,"STRAIGHT AND LEVEL","WET","NO DEFECTS","ON SCENE","INJURY AND / OR TOW DUE TO CRASH","Y",,,"OVER $1,500","2022-03-19T23:41:00.000","DISREGARDING TRAFFIC SIGNALS","WEATHER","1607","N","KOSTNER AVE","2534",,,,,,,"2","NO INDICATION OF INJURY","0","0","0","0","0","2","0","23","7","3","41.910094708","-87.736035648","POINT (-87.736035647623 41.91009470766)"
"56f62aabd61d82fe1960fc8f279be93f5fc359e37c19c29d5092f12e8ebe63c984ac46b493c56d0bac41594311e504df5efcff8562afcb53cf12156ac66b4a30",,,"2022-03-19T23:20:00.000","30","NO CONTROLS","NO CONTROLS","CLEAR","DARKNESS, LIGHTED ROAD","TURNING","NOT DIVIDED",,"STRAIGHT AND LEVEL","WET","NO DEFECTS","ON SCENE","INJURY AND / OR TOW DUE TO CRASH",,,,"OVER $1,500","2022-03-19T23:30:00.000","FAILING TO REDUCE SPEED TO AVOID CRASH","UNABLE TO DETERMINE","513","N","WOOD ST","1215",,,,,,,"3","NO INDICATION OF INJURY","0","0","0","0","0","2","0","23","7","3","41.891333065","-87.671888594","POINT (-87.671888594018 41.891333064835)"
"66d3d4c5d829cfe0ae107fd80f67ff70ce77eafd4951e8f076c8f5fe7b693159cb38bd2eaaa56904d731404aed2838e81d2f96d12684d03ab9f7df0e3e2fbe6d",,,"2022-03-19T23:10:00.000","30","NO CONTROLS","NO CONTROLS","CLEAR","DARKNESS, LIGHTED ROAD","TURNING","NOT DIVIDED",,"STRAIGHT AND LEVEL","DRY","NO DEFECTS","NOT ON SCENE (DESK REPORT)","NO INJURY / DRIVE AWAY",,,"Y","OVER $1,500","2022-03-19T23:10:00.000","IMPROPER TURNING/NO SIGNAL","IMPROPER OVERTAKING/PASSING","800","W","ROOSEVELT RD","1232",,,,,,,"2","NO INDICATION OF INJURY","0","0","0","0","0","2","0","23","7","3","41.867263098","-87.646972686","POINT (-87.646972686016 41.867263098369)"
"e7fd9d088be69ec7b3f32dd15f9d097c88db27c801547b4effe32504a25df60b8c52436b73646fee10fe2312d6c9d2c64a906f8eb9bc195d6b1f4a82ebd373b7",,,"2022-03-19T23:10:00.000","30","NO CONTROLS","NO CONTROLS","CLEAR","DARKNESS, LIGHTED ROAD","PARKED MOTOR VEHICLE","NOT DIVIDED",,"STRAIGHT AND LEVEL","WET","NO DEFECTS","ON SCENE","INJURY AND / OR TOW DUE TO CRASH",,,,"OVER $1,500","2022-03-19T23:12:00.000","IMPROPER LANE USAGE","UNABLE TO DETERMINE","40","N","HOYNE AVE","1223",,,,,,,"3","NO INDICATION OF INJURY","0","0","0","0","0","1","0","23","7","3","41.882490626","-87.679257311","POINT (-87.679257310794 41.882490625565)"
"ce3f2db933458b74decf46a148f2867d6848ca8491c3c0c97854dea14bdbc1ce16abab8bc061f332bac92e997e2045124aa9eaaa1527e81d287a3a4220b58865",,,"2022-03-19T23:01:00.000","30","NO CONTROLS","NO CONTROLS","CLEAR","DARKNESS, LIGHTED ROAD","FIXED OBJECT","PARKING LOT",,"STRAIGHT ON GRADE","DRY","NO DEFECTS","ON SCENE","INJURY AND / OR TOW DUE TO CRASH",,"Y",,"OVER $1,500","2022-03-19T23:02:00.000","UNABLE TO DETERMINE","NOT APPLICABLE","2625","W","TOUHY AVE","2411",,,,,,,"1","NO INDICATION OF INJURY","0","0","0","0","0","1","0","23","7","3","42.012043228","-87.69601187","POINT (-87.696011870127 42.012043227801)"
"10ad6c8efdb3fcb9694dd65a37b7cff4c347c6389c5cab72e75897e9dd9c6a77eb03470e4c62e62d6a719f541fae80201627e66bb9e435c351dd275677a62efc",,,"2022-03-19T23:00:00.000","35","NO CONTROLS","NO CONTROLS","CLEAR","DARKNESS, LIGHTED ROAD","PARKED MOTOR VEHICLE","DIVIDED - W/MEDIAN (NOT RAISED)",,"STRAIGHT AND LEVEL","DRY","NO DEFECTS","ON SCENE","NO INJURY / DRIVE AWAY",,,,"$500 OR LESS","2022-03-19T23:19:00.000","UNABLE TO DETERMINE","NOT APPLICABLE","5431","N","WESTERN AVE","2012",,,,,,,"2","NO INDICATION OF INJURY","0","0","0","0","0","1","0","23","7","3","41.980453779","-87.689181142","POINT (-87.689181141622 41.980453778805)"
"81949d58b742129cfd8df5971a267293ae241603e12b06cf5be57651bd086981d34615b0bfca2ceb3db69c39d944f71d4627e1a41fb07ccb79b2218936595225",,,"2022-03-19T23:00:00.000","20","STOP SIGN/FLASHER","FUNCTIONING PROPERLY","CLEAR","DARKNESS, LIGHTED ROAD","SIDESWIPE OPPOSITE DIRECTION","NOT DIVIDED",,"STRAIGHT AND LEVEL","DRY","UNKNOWN","NOT ON SCENE (DESK REPORT)","NO INJURY / DRIVE AWAY",,,,"OVER $1,500","2022-03-20T06:58:00.000","IMPROPER OVERTAKING/PASSING","NOT APPLICABLE","5114","N","WASHTENAW AVE","2031",,,,,,,"2","NO INDICATION OF INJURY","0","0","0","0","0","3","0","23","7","3","41.974536685","-87.696558721","POINT (-87.696558721497 41.974536685359)"
"9f7d82649307ef7ff6219ee831da126fd492f51a0a12236cf7d994837f65cc7bdf356fc2c9539e0cb43a310aecdb92596c53315f1cc4395e6b6005b431c891f5",,,"2022-03-19T23:00:00.000","30","TRAFFIC SIGNAL","NO CONTROLS","RAIN","DARKNESS, LIGHTED ROAD","REAR END","NOT DIVIDED",,"STRAIGHT AND LEVEL","WET","NO DEFECTS","NOT ON SCENE (DESK REPORT)","NO INJURY / DRIVE AWAY",,,,"OVER $1,500","2022-03-22T13:05:00.000","FOLLOWING TOO CLOSELY","UNABLE TO DETERMINE","4101","S","KEDZIE AVE","921",,,,,,,"2","NO INDICATION OF INJURY","0","0","0","0","0","2","0","23","7","3","41.818946207","-87.704251432","POINT (-87.704251431756 41.818946207448)"
"3527a3fcd2ae18f932599cc7ee3ba3b26ea9c698f41dfcc5fcb0359db2ab22a01ad558d7634617ae95a5ebb1aa079c1b5fd29e44f42552c1ff7cf908c43b9836",,,"2022-03-19T22:50:00.000","30","TRAFFIC SIGNAL","FUNCTIONING PROPERLY","CLEAR","DARKNESS, LIGHTED ROAD","ANGLE","FOUR WAY",,"STRAIGHT AND LEVEL","WET","UNKNOWN","NOT ON SCENE (DESK REPORT)","NO INJURY / DRIVE AWAY",,,"Y","OVER $1,500","2022-03-19T23:30:00.000","UNABLE TO DETERMINE","UNABLE TO DETERMINE","3558","W","ROOSEVELT RD","1133",,,,,,,"2","NO INDICATION OF INJURY","0","0","0","0","0","2","0","22","7","3","41.866400916","-87.715301017","POINT (-87.715301017193 41.86640091617)"
"44d73ac934445b23f3c93eb8236b20f1bd9e99233f1a1d1ed4e9950afae19f21b6bf1c2c3d6e6e4910cbb8a5eb7301ce6682208315349fec5b42aa582e0bfe50",,,"2022-03-19T22:50:00.000","20","STOP SIGN/FLASHER","UNKNOWN","UNKNOWN","DARKNESS, LIGHTED ROAD","TURNING","NOT DIVIDED",,"STRAIGHT AND LEVEL","UNKNOWN","UNKNOWN","NOT ON SCENE (DESK REPORT)","NO INJURY / DRIVE AWAY","Y",,,"OVER $1,500","2022-03-19T23:30:00.000","UNABLE TO DETERMINE","UNABLE TO DETERMINE","6100","S","SPRINGFIELD AVE","823",,,,,,,"2","NO INDICATION OF INJURY","0","0","0","0","0","2","0","22","7","3","41.782286299","-87.720555632","POINT (-87.720555632486 41.782286299221)"
"73a732b0d2a9991b2af151151c5047d2eed6fdb0777b0da11089701754ab7f387934af1b5035edef3ae6aae751078882bf927ec2534066e3ab8d6db15d4b32ac",,,"2022-03-19T22:39:00.000","30","TRAFFIC SIGNAL","FUNCTIONING PROPERLY","CLEAR","DARKNESS, LIGHTED ROAD","REAR END","TRAFFIC ROUTE",,"STRAIGHT AND LEVEL","WET","NO DEFECTS","ON SCENE","INJURY AND / OR TOW DUE TO CRASH","Y",,,"OVER $1,500","2022-03-19T22:39:00.000","DISREGARDING TRAFFIC SIGNALS","NOT APPLICABLE","3400","W","ROOSEVELT RD","1133",,,,,,,"3","INCAPACITATING INJURY","1","0","1","0","0","3","0","22","7","3","41.866457269","-87.710667332","POINT (-87.710667331739 41.866457268922)"
"361f75bc81ba1dcd7c4d55709f928b565a2ed8e4d3d25c0618879702442710da4bbbc86605826fb4d622c3727e9fe2c2a6037a2817052f08f986c25f5f075336",,,"2022-03-19T22:35:00.000","30","STOP SIGN/FLASHER","FUNCTIONING PROPERLY","UNKNOWN","DARKNESS, LIGHTED ROAD","REAR END","ROUNDABOUT",,"STRAIGHT AND LEVEL","UNKNOWN","UNKNOWN","NOT ON SCENE (DESK REPORT)","NO INJURY / DRIVE AWAY",,,"Y","OVER $1,500","2022-03-19T23:30:00.000","FAILING TO REDUCE SPEED TO AVOID CRASH","NOT APPLICABLE","2132","W","64TH ST","726",,,,,,,"2","NO INDICATION OF INJURY","0","0","0","0","0","5","0","22","7","3",,,