"crash_record_id","rd_no","crash_date_est_i","crash_date","posted_speed_limit","traffic_control_device","device_condition","weather_condition","lighting_condition","first_crash_type","trafficway_type","lane_cnt","alignment","roadway_surface_cond","road_defect","report_type","crash_type","intersection_related_i","private_property_i","hit_and_run_i","damage","date_police_notified","prim_contributory_cause","sec_contributory_cause","street_no","street_direction","street_name","beat_of_occurrence","photos_taken_i","statements_taken_i","dooring_i","work_zone_i","work_zone_type","workers_present_i","num_units","most_severe_injury","injuries_total","injuries_fatal","injuries_incapacitating","injuries_non_incapacitating","injuries_reported_not_evident","injuries_no_indication","injuries_unknown","crash_hour","crash_day_of_week","crash_month","latitude","longitude","location"
"7f91583d39841e3d0591a644fa9ccd8edbdd149c177cc8adb5660c8cf4f011d2890cacdbd1150f7678885620882188db409cc0d300b4e99f37551598d3feda42",,,"2022-03-19T22:30:00.000","30","STOP SIGN/FLASHER","FUNCTIONING PROPERLY","CLEAR","DARKNESS","SIDESWIPE OPPOSITE DIRECTION","NOT DIVIDED",,"STRAIGHT AND LEVEL","UNKNOWN","UNKNOWN","NOT ON SCENE (DESK REPORT)","NO INJURY / DRIVE AWAY",,,,"$501 - $1,500","2022-03-20T14:21:00.000","IMPROPER OVERTAKING/PASSING","UNABLE TO DETERMINE","2901","N","PINE GROVE AVE","1934",,,,,,,"2","NO INDICATION OF INJURY","0","0","0","0","0","2","0","22","7","3","41.934364003","-87.641636612","POINT (-87.641636612125 41.934364003243)"
"486a9f9654a61fa28920bd7e126e5466b95512b9aedb2ff3dd16f2510cb74eb55c21bf49f18e96dae29834fa1978b60ac43f27dfc1a9b61abc11d7ea189c413d",,,"2022-03-19T22:21:00.000","25","NO CONTROLS","NO CONTROLS","CLEAR","DARKNESS, LIGHTED ROAD","SIDESWIPE SAME DIRECTION","ONE-WAY",,"STRAIGHT AND LEVEL","DRY","NO DEFECTS","ON SCENE","INJURY AND / OR TOW DUE TO CRASH",,,"Y","OVER $1,500","2022-03-19T22:21:00.000","IMPROPER OVERTAKING/PASSING","NOT APPLICABLE","22","W","MONROE ST","112",,,,,,,"3","NO INDICATION OF INJURY","0","0","0","0","0","3","0","22","7","3","41.88084496","-87.628591045","POINT (-87.628591044974 41.880844959558)"
"02efda1100a0716a8a87483a59e33e2302b9617ba16aa4fe4384339d5583df4a9bcafb1c59deb9c5d086a1d92ff990aab97cb126689f765db5153ee0cbb625d4",,,"2022-03-19T22:15:00.000","10","NO CONTROLS","NO CONTROLS","CLEAR","DARKNESS, LIGHTED ROAD","PARKED MOTOR VEHICLE","PARKING LOT",,"STRAIGHT AND LEVEL","WET","NO DEFECTS","ON SCENE","NO INJURY / DRIVE AWAY",,,,"$501 - $1,500","2022-03-19T22:19:00.000","UNABLE TO DETERMINE","UNABLE TO DETERMINE","1","W","PARKING LOT B ST","1654",,,,,,,"2","NO INDICATION OF INJURY","0","0","0","0","0","1","0","22","7","3",,,
"25b3e9f4445a6fc21e4631f6fd5c150ceaac109021048c64c19efa161800ca5cad9564d37ef38d1e852e3bfe10ed497bc194a55d60ae17737fcab6ec75390432",,,"2022-03-19T22:15:00.000","35","NO CONTROLS","NO CONTROLS","CLEAR","DARKNESS, LIGHTED ROAD","PARKED MOTOR VEHICLE","OTHER",,"STRAIGHT AND LEVEL","DRY","NO DEFECTS","NOT ON SCENE (DESK REPORT)","NO INJURY / DRIVE AWAY",,,,"OVER $1,500","2022-03-21T19:55:00.000","UNABLE TO DETERMINE","NOT APPLICABLE","3300","W","59TH ST","822",,,,,,,"2","NO INDICATION OF INJURY","0","0","0","0","0","1","0","22","7","3","41.786316714","-87.705846083","POINT (-87.705846082834 41.786316713675)"
"463fc5a1e9a38738b6527f38d760fb02e83503a3c1547e9f24caf775f7519456b03172003b30356c2000c467deea10f8be72370681f75861d5d7db767e94d04a",,,"2022-03-19T22:15:00.000","45","TRAFFIC SIGNAL","FUNCTIONING PROPERLY","UNKNOWN","UNKNOWN","REAR END","ONE-WAY",,"STRAIGHT AND LEVEL","UNKNOWN","UNKNOWN","NOT ON SCENE (DESK REPORT)","NO INJURY / DRIVE AWAY","Y",,,"OVER $1,500","2022-03-19T23:30:00.000","FAILING TO REDUCE SPEED TO AVOID CRASH","FOLLOWING TOO CLOSELY","530","N","LAKE SHORE DR","1834",,,,,,,"2","NO INDICATION OF INJURY","0","0","0","0","0","2","0","22","7","3","41.891975608","-87.614580271","POINT (-87.614580270889 41.891975608018)"
"3f06605410ae7f843fcfa25d9e407298be110bc6b8147648d85d9fc7319dff3da26f3ca400682e4756364314576aeab36cea235c9edf17b10da813807c765cd4",,,"2022-03-19T22:00:00.000","30","UNKNOWN","UNKNOWN","UNKNOWN","DARKNESS, LIGHTED ROAD","REAR END","NOT DIVIDED",,"STRAIGHT AND LEVEL","UNKNOWN","UNKNOWN","NOT ON SCENE (DESK REPORT)","NO INJURY / DRIVE AWAY",,,,"OVER $1,500","2022-03-21T12:30:00.000","UNABLE TO DETERMINE","NOT APPLICABLE","1599","W","ADDISON ST","1922",,,,,,,"2","NO INDICATION OF INJURY","0","0","0","0","0","2","0","22","7","3","41.946880366","-87.668797774","POINT (-87.668797774264 41.946880366405)"
"dee20d58cc697c50601dd27fa3c84d26e6d1889cb4c3f64eaf4441e201f4163579623202cdeae6fb88590fcfbdf03498ad9a948bd28a5a4d16d65a079daa36f8",,,"2022-03-19T22:00:00.000","30","TRAFFIC SIGNAL","FUNCTIONING PROPERLY","RAIN","DARKNESS, LIGHTED ROAD","TURNING","ONE-WAY",,"STRAIGHT AND LEVEL","WET","NO DEFECTS","NOT ON SCENE (DESK REPORT)","NO INJURY / DRIVE AWAY",,,"Y","OVER $1,500","2022-03-21T20:25:00.000","IMPROPER LANE USAGE","IMPROPER LANE USAGE","2300","W","WASHINGTON BLVD","1223",,,,,,,"2","NO INDICATION OF INJURY","0","0","0","0","0","2","0","22","7","3","41.883136203","-87.684139376","POINT (-87.684139376199 41.883136203368)"
"6a40582ce1db623b44b95d7169c236ae517be053bfc3888ad4eb872caccb18d42fa41ba800a3bcf5adad6a69e6e50ff954faf6f4b105a8b3fce850d955a2b424",,,"2022-03-19T21:45:00.000","30","TRAFFIC SIGNAL","FUNCTIONING PROPERLY","CLEAR","DARKNESS, LIGHTED ROAD","SIDESWIPE SAME DIRECTION","FOUR WAY",,"STRAIGHT AND LEVEL","UNKNOWN","NO DEFECTS","NOT ON SCENE (DESK REPORT)","NO INJURY / DRIVE AWAY","Y",,,"$501 - $1,500","2022-03-21T07:45:00.000","UNABLE TO DETERMINE","UNABLE TO DETERMINE","900","W","HOLLYWOOD AVE","2022",,,,,,,"2","NO INDICATION OF INJURY","0","0","0","0","0","2","0","21","7","3","41.985594894","-87.653542184","POINT (-87.65354218362 41.985594894114)"
"a89fe69733b714e5545b252cb5811134fb56103d166357ec16a9050b255e168417b03c07fbae2ac9e74baea036247f55e0df2c91916bd03b3814de97174d9e7a",,,"2022-03-19T21:20:00.000","30","NO CONTROLS","NO CONTROLS","CLEAR","DARKNESS, LIGHTED ROAD","TURNING","NOT DIVIDED",,"STRAIGHT AND LEVEL","WET","NO DEFECTS","ON SCENE","INJURY AND / OR TOW DUE TO CRASH",,,"Y","OVER $1,500","2022-03-19T21:30:00.000","UNABLE TO DETERMINE","NOT APPLICABLE","155","W","79TH ST","623",,,,,,,"2","NO INDICATION OF INJURY","0","0","0","0","0","3","0","21","7","3","41.75075928","-87.629247636","POINT (-87.629247636007 41.750759280338)"
"30c031fa8b17a0ab2ef39451ca34ec5cb09c4dfd6aff164771d0803b034ec693d7847158f69b56301f9eaf1f15d8c3193931a2ca4489a7d08c4fec7fc471170b",,,"2022-03-19T21:19:00.000","30","TRAFFIC SIGNAL","UNKNOWN","RAIN","DARKNESS, LIGHTED ROAD","ANGLE","FOUR WAY",,"STRAIGHT AND LEVEL","WET","NO DEFECTS","ON SCENE","INJURY AND / OR TOW DUE TO CRASH","Y",,,"OVER $1,500","2022-03-19T21:30:00.000","FAILING TO YIELD RIGHT-OF-WAY","NOT APPLICABLE","3198","W","WARREN BLVD","1222",,,,,,,"2","NONINCAPACITATING INJURY","1","0","0","1","0","2","0","21","7","3","41.881996856","-87.706034196","POINT (-87.706034196468 41.88199685633)"
"e0dbb5031997aaee4e4316eca69821577996ae7bf8dfc1e5422f6774e51d8efdb7a2464ffd875600e1efe290ff925bc25894560ad01a81f42cd21b001811d7cb",,,"2022-03-19T21:15:00.000","35","TRAFFIC SIGNAL","FUNCTIONING PROPERLY","CLEAR","DARKNESS, LIGHTED ROAD","FIXED OBJECT","NOT DIVIDED",,"STRAIGHT AND LEVEL","DRY","NO DEFECTS","ON SCENE","INJURY AND / OR TOW DUE TO CRASH",,,,"OVER $1,500","2022-03-19T21:20:00.000","DISTRACTION - FROM INSIDE VEHICLE","NOT APPLICABLE","801","W","PERSHING RD","925",,,,,,,"1","NO INDICATION OF INJURY","0","0","0","0","0","1","0","21","7","3","41.823347263","-87.646045485","POINT (-87.646045484602 41.823347262712)"
"514be389a3294bd495a1666e9b730b005c4044b70fcd8ae1df1469cbb51ea7687e8d93fdef9baf31df168fc991e5bcfe68439e80d7e4b2e5da853a17197c1ffb",,,"2022-03-19T21:10:00.000","30","NO CONTROLS","NO CONTROLS","CLEAR","DARKNESS, LIGHTED ROAD","PARKED MOTOR VEHICLE","ONE-WAY",,"STRAIGHT AND LEVEL","DRY","NO DEFECTS","NOT ON SCENE (DESK REPORT)","NO INJURY / DRIVE AWAY",,,"Y","$500 OR LESS","2022-03-20T12:00:00.000","NOT APPLICABLE","NOT APPLICABLE","2436","W","ROSEMONT AVE","2413",,,,,,,"2","NO INDICATION OF INJURY","0","0","0","0","0","1","0","21","7","3","41.995998649","-87.69133373","POINT (-87.691333729795 41.995998649411)"
"239a7cd0f47fbda789634d9f8e730a4886a2baaf3e31a894642d4a206a58240ec27fc4ba39b860cada96c09459d902001a025cf8a14f6fcd602488bc1b2eda77",,,"2022-03-19T21:00:00.000","30","TRAFFIC SIGNAL","FUNCTIONING PROPERLY","CLEAR","DARKNESS, LIGHTED ROAD","REAR END","FOUR WAY",,"STRAIGHT AND LEVEL","WET","NO DEFECTS","NOT ON SCENE (DESK REPORT)","NO INJURY / DRIVE AWAY","Y",,,"OVER $1,500","2022-03-20T14:30:00.000","UNABLE TO DETERMINE","NOT APPLICABLE","1558","W","FULLERTON AVE","1932",,,,,,,"2","NO INDICATION OF INJURY","0","0","0","0","0","2","0","21","7","3","41.925262085","-87.668090553","POINT (-87.66809055308 41.925262084631)"
"24fd19636317cc6d2ee0ef8830085395ba8da22c6ad390fc6bef1569205ef7b1670f4f89087113e9de48a02240577bea5cdf1a4a84bfe1b89da2469dffe9b0c2",,,"2022-03-19T21:00:00.000","30","NO CONTROLS","NO CONTROLS","RAIN","DARKNESS, LIGHTED ROAD","PARKED MOTOR VEHICLE","NOT DIVIDED",,"STRAIGHT AND LEVEL","WET","NO DEFECTS","NOT ON SCENE (DESK REPORT)","NO INJURY / DRIVE AWAY",,,"Y","$501 - $1,500","2022-03-19T22:00:00.000","UNABLE TO DETERMINE","NOT APPLICABLE","6435","N","DAMEN AVE","2412",,,,,,,"2","NO INDICATION OF INJURY","0","0","0","0","0","1","0","21","7","3","41.998882509","-87.680022167","POINT (-87.680022167043 41.998882509447)"
"724483dcd782114697d906f1870c3a8a8d7ae7b9312b9106bedf9d5925f99140ceff219ade9c88949beb567cadb3033e904492afce48379e567d2f7eaa2d7aa8",,,"2022-03-19T20:50:00.000","30","NO CONTROLS","NO CONTROLS","CLEAR","DARKNESS, LIGHTED ROAD","REAR END","NOT DIVIDED",,"STRAIGHT AND LEVEL","WET","NO DEFECTS","ON SCENE","NO INJURY / DRIVE AWAY","Y",,,"$501 - $1,500","2022-03-19T20:55:00.000","FOLLOWING TOO CLOSELY","WEATHER","732","W","79TH ST","621",,,,,,,"2","NO INDICATION OF INJURY","0","0","0","0","0","2","0","20","7","3","41.750769346","-87.642885765","POINT (-87.642885764788 41.75076934558)"
"0f823ebeadb2bcea57d054d11ba6f77616c8f5811e1ab3533440b9f6ea1c0004b6cdb7e505dc1f0dd08cead2a540620c071f858f8b6dd6e71e06fe8d96e143ab",,,"2022-03-19T20:40:00.000","30","TRAFFIC SIGNAL","FUNCTIONING PROPERLY","CLEAR","DARKNESS","REAR END","NOT DIVIDED",,"STRAIGHT AND LEVEL","DRY","NO DEFECTS","NOT ON SCENE (DESK REPORT)","NO INJURY / DRIVE AWAY",,,,"OVER $1,500","2022-03-21T19:15:00.000","UNABLE TO DETERMINE","UNABLE TO DETERMINE","100","N","KOSTNER AVE","1113",,,,,,,"2","NO INDICATION OF INJURY","0","0","0","0","0","2","0","20","7","3","41.881992824","-87.735663892","POINT (-87.735663892302 41.88199282352)"
"0c62018300ae0169d3e1d0808a08240f53df8b7ac6a7006a883eae4257f52f2362fb82d9d9e217d50db235b2785342fde6f65555b14e40e561155f160162a312",,,"2022-03-19T20:39:00.000","30","NO CONTROLS","NO CONTROLS","RAIN","DARKNESS, LIGHTED ROAD","PEDALCYCLIST","PARKING LOT",,"STRAIGHT AND LEVEL","WET","NO DEFECTS","ON SCENE","INJURY AND / OR TOW DUE TO CRASH",,,,"$500 OR LESS","2022-03-19T20:40:00.000","UNABLE TO DETERMINE","UNABLE TO DETERMINE","6709","W","ARCHER AVE","811",,,,,,,"2","REPORTED, NOT EVIDENT","1","0","0","0","1","1","0","20","7","3","41.7920854","-87.789527516","POINT (-87.789527516182 41.792085400173)"
"3f795136bf9135e57639373e8fc665377c506843fd75d7776f63ffa8cc45dab85bb9a512862a02c0ed43e284a5eee9e38372e2af99207b74d0ff98da85d2d553",,,"2022-03-19T20:30:00.000","30","NO CONTROLS","NO CONTROLS","UNKNOWN","DARKNESS","PARKED MOTOR VEHICLE","ONE-WAY",,"STRAIGHT AND LEVEL","UNKNOWN","UNKNOWN","ON SCENE","NO INJURY / DRIVE AWAY",,,"Y","OVER $1,500","2022-03-20T14:39:00.000","UNABLE TO DETERMINE","NOT APPLICABLE","4256","N","LONG AVE","1624",,,,,,,"2","NO INDICATION OF INJURY","0","0","0","0","0","1","0","20","7","3","41.958604946","-87.762399401","POINT (-87.762399401289 41.95860494593)"
"40486dc3974a6af2036f2330d7ef2a7a1718475c9998880d561a40c30eb54d8018232f34faaba63035e51ab4bf8ecc9aafd8077ebaf7633cf3db139733ba5a3e",,,"2022-03-19T20:30:00.000","30","TRAFFIC SIGNAL","FUNCTIONING PROPERLY","CLEAR","DARKNESS, LIGHTED ROAD","REAR END","OTHER",,"STRAIGHT AND LEVEL","WET","NO DEFECTS","NOT ON SCENE (DESK REPORT)","NO INJURY / DRIVE AWAY",,,,"OVER $1,500","2022-03-19T21:30:00.000","FOLLOWING TOO CLOSELY","NOT APPLICABLE","600","S","LARAMIE AVE","1522",,,,,,,"2","NO INDICATION OF INJURY","0","0","0","0","0","2","0","20","7","3","41.872895537","-87.754952034","POINT (-87.754952034216 41.872895536655)"
"8da699cd250e7f99f91b93cc06a328d73b612afba9d8fd7ceab8960828f91c0a709b73907737063b7505f2b1edf741e90d4730aa82e4f7f225796cd781d4312f",,,"2022-03-19T20:30:00.000","35","UNKNOWN","NO CONTROLS","RAIN","DARKNESS, LIGHTED ROAD","FIXED OBJECT","DIVIDED - W/MEDIAN BARRIER",,"STRAIGHT AND LEVEL","WET","NO DEFECTS","ON SCENE","INJURY AND / OR TOW DUE TO CRASH",,"N",,"OVER $1,500","2022-03-19T20:35:00.000","UNABLE TO DETERMINE","UNABLE TO DETERMINE","11130","S","HALSTED ST","2233",,,,,,,"1","REPORTED, NOT EVIDENT","1","0","0","0","1","0","0","20","7","3","41.691415641","-87.642500357","POINT (-87.6425003571 41.691415640772)"
"fcdc4839296e750f230c273b99e2b72d9de74a75cb5f948b7d07c2256396b4dc7dddf2aee82fbea780a430c83688523031d376807a8ef795d39a14260873e83e",,"Y","2022-03-19T20:30:00.000","0","NO CONTROLS","NO CONTROLS","RAIN","UNKNOWN","PARKED MOTOR VEHICLE","PARKING LOT",,"STRAIGHT AND LEVEL","WET","UNKNOWN","NOT ON SCENE (DESK REPORT)","NO INJURY / DRIVE AWAY",,,"Y","OVER $1,500","2022-03-19T21:40:00.000","UNABLE TO DETERMINE","NOT APPLICABLE","711","W","JACKSON BLVD","121",,,,,,,"2","NO INDICATION OF INJURY","0","0","0","0","0","1","0","20","7","3","41.877871739","-87.64450946","POINT (-87.644509459649 41.877871738632)"
"14f0d81a6fb90dae2c0ed74e2b0c346e2228365851630924ea4ae7b43c570ed19d734ee2636fe0d944843321d1f35f3495e15d96db700d9a77c56c750193e9b9",,,"2022-03-19T20:04:00.000","20","NO CONTROLS","NO CONTROLS","CLEAR","DARKNESS, LIGHTED ROAD","FIXED OBJECT","NOT DIVIDED",,"STRAIGHT AND LEVEL","WET","NO DEFECTS","ON SCENE","INJURY AND / OR TOW DUE TO CRASH",,"Y","Y","OVER $1,500","2022-03-19T20:04:00.000","DRIVING SKILLS/KNOWLEDGE/EXPERIENCE","UNABLE TO DETERMINE","4737","S","CHRISTIANA AVE","821",,,,,,,"1","NO INDICATION OF INJURY","0","0","0","0","0","1","0","20","7","3","41.806961336","-87.707479144","POINT (-87.70747914434 41.806961336184)"
"5d9bb92d0fb0b07003917f124cea43b182babd489c1d63c231cb2d35691b8e07917d7b716ae302dec2f9fec072578fef245b81ccb14de2cd3c35cc751ff459ee",,,"2022-03-19T20:01:00.000","30","NO CONTROLS","NO CONTROLS","CLEAR","DARKNESS","PARKED MOTOR VEHICLE","NOT DIVIDED",,"STRAIGHT AND LEVEL","WET","NO DEFECTS","NOT ON SCENE (DESK REPORT)","NO INJURY / DRIVE AWAY",,,,"$501 - $1,500","2022-03-19T20:28:00.000","UNABLE TO DETERMINE","UNABLE TO DETERMINE","305","N","MORGAN ST","1214",,,,,,,"2","NO INDICATION OF INJURY","0","0","0","0","0","4","0","20","7","3","41.886924069","-87.652030586","POINT (-87.652030586073 41.886924068641)"
"93b2e6372bd2b65ae18a9b5b13d55c8c56fee4581b474f25eaa8c52ba2b914beb6d3ed7fb12c782a5b594ddf07f557cf29d883a7ded42c169dcd113bc76e7764",,,"2022-03-19T20:00:00.000","30","NO CONTROLS","NO CONTROLS","CLOUDY/OVERCAST","DARKNESS, LIGHTED ROAD","REAR END","DIVIDED - W/MEDIAN (NOT RAISED)",,"STRAIGHT AND LEVEL","UNKNOWN","UNKNOWN","NOT ON SCENE (DESK REPORT)","NO INJURY / DRIVE AWAY",,,"Y","OVER $1,500","2022-03-19T20:45:00.000","UNABLE TO DETERMINE","UNABLE TO DETERMINE","1859","N","CENTRAL AVE","2532",,,,,,,"2","NO INDICATION OF INJURY","0","0","0","0","0","2","0","20","7","3","41.9147846","-87.765396858","POINT (-87.765396857557 41.914784599646)"
"0a5504fe381a539f1b7bb3e4fb78773f4bcc8fc542a8d96c95a6e96e4688ef54a47a4f24e63d8b0c99584fa76479ff17441861b2d56bf6a06e5dac23f50f80d1",,,"2022-03-19T19:47:00.000","20","NO CONTROLS","NO CONTROLS","RAIN","DARKNESS, LIGHTED ROAD","PARKED MOTOR VEHICLE","NOT DIVIDED",,"STRAIGHT AND LEVEL","WET","NO DEFECTS","ON SCENE","NO INJURY / DRIVE AWAY",,,"Y","$501 - $1,500","2022-03-19T20:45:00.000","DRIVING SKILLS/KNOWLEDGE/EXPERIENCE","UNABLE TO DETERMINE","440","N","DRAKE AVE","1123",,,,,,,"2","NO INDICATION OF INJURY","0","0","0","0","0","1","0","19","7","3","41.889447781","-87.715067029","POINT (-87.715067029487 41.889447781091)"
"2ed3f891130c32531adbb9339fc59e3922b731bf834c232dec6a95f41cea50ef2eb61d1b3107b0116f4316028a91cb0d8b80c04ad293b4f3d4b2e30244c17634",,,"2022-03-19T19:45:00.000","30","TRAFFIC SIGNAL","FUNCTIONING PROPERLY","RAIN","DARKNESS, LIGHTED ROAD","ANGLE","T-INTERSECTION",,"STRAIGHT AND LEVEL","WET","UNKNOWN","ON SCENE","NO INJURY / DRIVE AWAY","Y",,,"OVER $1,500","2022-03-19T20:50:00.000","UNABLE TO DETERMINE","DRIVING SKILLS/KNOWLEDGE/EXPERIENCE","650","W","ROOSEVELT RD","1232",,,,,,,"2","NO INDICATION OF INJURY","0","0","0","0","0","3","0","19","7","3","41.867300043","-87.644311316","POINT (-87.644311315991 41.867300042804)"
"8abdf44ffdb1141fdc1bcaaa93ac3f8a496264fc0b643ba208f8f8f9a96eff64d30d3bdebbd652fc282c0e0f8f2812c8bfc6fb334ff7459b3eeb4bf6dbe623fe",,,"2022-03-19T19:41:00.000","30","TRAFFIC SIGNAL","FUNCTIONING PROPERLY","RAIN","DUSK","REAR END","DIVIDED - W/MEDIAN (NOT RAISED)",,"STRAIGHT AND LEVEL","WET","NO DEFECTS","NOT ON SCENE (DESK REPORT)","NO INJURY / DRIVE AWAY","Y",,,"OVER $1,500","2022-03-19T20:20:00.000","FOLLOWING TOO CLOSELY","FAILING TO REDUCE SPEED TO AVOID CRASH","215","W","OHIO ST","1831",,,,,,,"2","NO INDICATION OF INJURY","0","0","0","0","0","2","0","19","7","3","41.892270733","-87.634755003","POINT (-87.634755003073 41.892270732599)"
"682285686d0b718e5faa207f7f8aef86de4d109118e431200f86f7e9d1c952a8fe4824a6929011f36053d7201e3d4fc91d102777a66d95167f81f49aa3bf7457",,,"2022-03-19T19:40:00.000","30","NO CONTROLS","NO CONTROLS","CLEAR","DARKNESS, LIGHTED ROAD","TURNING","NOT DIVIDED",,"STRAIGHT AND LEVEL","DRY","NO DEFECTS","ON SCENE","NO INJURY / DRIVE AWAY",,,,"OVER $1,500","2022-03-19T19:43:00.000","FAILING TO REDUCE SPEED TO AVOID CRASH","UNABLE TO DETERMINE","4944","S","ARCHER AVE","821",,,,,,,"2","NO INDICATION OF INJURY","0","0","0","0","0","6","0","19","7","3","41.803466981","-87.72178643","POINT (-87.721786429648 41.8034669806)"
"e3c40bb47ce084f10eb02f06d63485bef52d8be0441781d3c662e05624e3123706b96d66aec468e99e1a766388c210a2c3749bfaad1de13e4ebe1a39f40b0a98",,,"2022-03-19T19:35:00.000","30","NO CONTROLS","NO CONTROLS","RAIN","DARKNESS, LIGHTED ROAD","SIDESWIPE SAME DIRECTION","ONE-WAY",,"STRAIGHT AND LEVEL","WET","NO DEFECTS","NOT ON SCENE (DESK REPORT)","INJURY AND / OR TOW DUE TO CRASH",,,,"$501 - $1,500","2022-03-19T19:45:00.000","IMPROPER LANE USAGE","NOT APPLICABLE","8300","S","STATE ST","632","Y",,,,,,"2","REPORTED, NOT EVIDENT","2","0","0","0","2","5","0","19","7","3","41.743561807","-87.624475801","POINT (-87.624475800517 41.743561807288)"
"198a91bdb72e6c3299a096d8c1bce1a1fc1e2a2b4ead6daadbaf9393950e57b1ac2d05c4b1790316efb6f1c3eae9813525ea4779cfa82370cacc2c6ccdb7e455",,,"2022-03-19T19:30:00.000","30","STOP SIGN/FLASHER","FUNCTIONING PROPERLY","RAIN","DARKNESS, LIGHTED ROAD","REAR END","NOT DIVIDED",,"STRAIGHT AND LEVEL","WET","NO DEFECTS","NOT ON SCENE (DESK REPORT)","NO INJURY / DRIVE AWAY",,,,"OVER $1,500","2022-03-19T22:00:00.000","UNABLE TO DETERMINE","NOT APPLICABLE","7158","W","63RD ST","812",,,,,,,"2","NO INDICATION OF INJURY","0","0","0","0","0","2","0","19","7","3","41.777404088","-87.800840738","POINT (-87.800840737555 41.777404087501)"
"ddf41001b4cc062800e6a59f89f4e68db2623dbf5b3c6e8a80fcb6fe57db8678bdf89073a6db1ceac87f2efdf2f4089f5ee6dbc2df8e3bd37846ea1e63a2dd99",,,"2022-03-19T19:30:00.000","30","UNKNOWN","UNKNOWN","UNKNOWN","UNKNOWN","TURNING","UNKNOWN INTERSECTION TYPE",,"STRAIGHT AND LEVEL","UNKNOWN","UNKNOWN","NOT ON SCENE (DESK REPORT)","NO INJURY / DRIVE AWAY","Y",,,"OVER $1,500","2022-03-20T11:50:00.000","UNABLE TO DETERMINE","NOT APPLICABLE","2","E","ROOSEVELT RD","123",,,,,,,"2","NO INDICATION OF INJURY","0","0","0","0","0","2","0","19","7","3","41.867523859","-87.627383864","POINT (-87.627383863898 41.867523858508)"
"3e03c5a98d193ba0cce904753babb0fa571f0ef3b91c2b3308d6c20138fea19ae0c119197fcff294986a90ec54bbb12922622ae4971de0259c8d07186b4a85f4",,,"2022-03-19T19:25:00.000","30","NO CONTROLS","NO CONTROLS","CLEAR","DARKNESS, LIGHTED ROAD","TURNING","NOT DIVIDED",,"STRAIGHT AND LEVEL","WET","NO DEFECTS","NOT ON SCENE (DESK REPORT)","NO INJURY / DRIVE AWAY",,,"Y","OVER $1,500","2022-03-19T19:34:00.000","IMPROPER TURNING/NO SIGNAL","UNABLE TO DETERMINE","1038","W","74TH ST","733",,,,,,,"2","NO INDICATION OF INJURY","0","0","0","0","0","2","0","19","7","3","41.759754919","-87.650654238","POINT (-87.650654237593 41.759754918709)"
"754037f98d2322f3ac8ac1b706efe58310504e918633cba213c7dbf8d59e3f7f3aa2c7a213c0b86afc872bf611cc54aa69262eb8a95c4862e53c83a890da4b8d",,,"2022-03-19T19:25:00.000","30","NO CONTROLS","NO CONTROLS","CLEAR","DAYLIGHT","REAR TO FRONT","ONE-WAY",,"STRAIGHT AND LEVEL","DRY","NO DEFECTS","NOT ON SCENE (DESK REPORT)","NO INJURY / DRIVE AWAY",,,,"OVER $1,500","2022-03-19T19:38:00.000","UNABLE TO DETERMINE","UNABLE TO DETERMINE","7730","S","COLES AVE","421",,,,,,,"2","NO INDICATION OF INJURY","0","0","0","0","0","2","0","19","7","3","41.755474626","-87.554169022","POINT (-87.554169021718 41.755474626285)"
"9bbd639a72d38bf32bfc08b33aade25020f46bc23c528f1071f613543c8c8ffedf226fe12e020342c569cd5f46cce0c1960ebaf1444e0ab475e632ae39355b07",,,"2022-03-19T19:20:00.000","30","NO CONTROLS","NO CONTROLS","CLEAR","DARKNESS, LIGHTED ROAD","SIDESWIPE SAME DIRECTION","DIVIDED - W/MEDIAN BARRIER",,"STRAIGHT AND LEVEL","DRY","NO DEFECTS","NOT ON SCENE (DESK REPORT)","NO INJURY / DRIVE AWAY",,,,"OVER $1,500","2022-03-22T14:00:00.000","IMPROPER LANE USAGE","IMPROPER LANE USAGE","1800","S","LAKE SHORE DR E","132",,,,,,,"2","NO INDICATION OF INJURY","0","0","0","0","0","2","0","19","7","3","41.857909669","-87.616594139","POINT (-87.616594138523 41.857909668758)"