"crash_record_id","rd_no","crash_date_est_i","crash_date","posted_speed_limit","traffic_control_device","device_condition","weather_condition","lighting_condition","first_crash_type","trafficway_type","lane_cnt","alignment","roadway_surface_cond","road_defect","report_type","crash_type","intersection_related_i","private_property_i","hit_and_run_i","damage","date_police_notified","prim_contributory_cause","sec_contributory_cause","street_no","street_direction","street_name","beat_of_occurrence","photos_taken_i","statements_taken_i","dooring_i","work_zone_i","work_zone_type","workers_present_i","num_units","most_severe_injury","injuries_total","injuries_fatal","injuries_incapacitating","injuries_non_incapacitating","injuries_reported_not_evident","injuries_no_indication","injuries_unknown","crash_hour","crash_day_of_week","crash_month","latitude","longitude","location"
"a535e3d447cee351ceccc984b147e66142c41ff1746b523f20140cf45ee12211a6a6de6c865376234c7f0305702409f8766047f8fdd5eaf12d733bdd49b8ef44",,,"2022-03-19T19:17:00.000","30","NO CONTROLS","NO CONTROLS","RAIN","DARKNESS, LIGHTED ROAD","PARKED MOTOR VEHICLE","NOT DIVIDED",,"STRAIGHT AND LEVEL","WET","NO DEFECTS","ON SCENE","INJURY AND / OR TOW DUE TO CRASH",,,"Y","OVER $1,500","2022-03-19T20:06:00.000","UNABLE TO DETERMINE","UNABLE TO DETERMINE","6731","W","IRVING PARK RD","1632",,,,,,,"3","NO INDICATION OF INJURY","0","0","0","0","0","1","0","19","7","3","41.952655843","-87.795092596","POINT (-87.795092595985 41.952655842678)"
"a6db60d34f49454d790e4b151902ea8139cdc34837110ca5f9c7c6ff085b86c097e9c65aedb3180a678a3ea6cfa812dd9817b52f2b8539d687c085ec1ae318dd",,,"2022-03-19T19:10:00.000","30","NO CONTROLS","NO CONTROLS","RAIN","DARKNESS","REAR END","NOT DIVIDED",,"STRAIGHT AND LEVEL","WET","UNKNOWN","NOT ON SCENE (DESK REPORT)","INJURY AND / OR TOW DUE TO CRASH",,,"Y","$501 - $1,500","2022-03-19T19:30:00.000","FOLLOWING TOO CLOSELY","FOLLOWING TOO CLOSELY","3325","W","CERMAK RD","1024",,,,,,,"2","REPORTED, NOT EVIDENT","1","0","0","0","1","3","0","19","7","3","41.851614725","-87.708757389","POINT (-87.708757388629 41.85161472525)"
"863cb8415fe6f5161be4c2db45a60afd416097b0b5e90c2d2f65b4ce104b37ccaa4e16dc48cd38f5357cfc0844a14d0dbd1b703c2396e9f6568bfa711e01bc9a",,,"2022-03-19T19:05:00.000","30","TRAFFIC SIGNAL","FUNCTIONING PROPERLY","CLEAR","DARKNESS","TURNING","DIVIDED - W/MEDIAN (NOT RAISED)",,"STRAIGHT AND LEVEL","DRY","UNKNOWN","ON SCENE","INJURY AND / OR TOW DUE TO CRASH","Y",,,"OVER $1,500","2022-03-19T19:10:00.000","IMPROPER TURNING/NO SIGNAL","NOT APPLICABLE","100","S","HALSTED ST","1232",,,,,,,"2","NO INDICATION OF INJURY","0","0","0","0","0","4","0","19","7","3","41.880426198","-87.647466848","POINT (-87.647466848115 41.880426197831)"
"ec005528c0c17a9768b8ed87e5c7f1f95d13c0f5b83534ea3466ac216492c7fcec33d4a5d2c28a0fc1a7c7ed5f8274e1feae7398355b8118e4dfce7d7245d43e",,,"2022-03-19T19:04:00.000","30","TRAFFIC SIGNAL","FUNCTIONING PROPERLY","RAIN","DARKNESS, LIGHTED ROAD","REAR END","NOT DIVIDED",,"STRAIGHT AND LEVEL","WET","UNKNOWN","ON SCENE","NO INJURY / DRIVE AWAY",,,,"OVER $1,500","2022-03-19T19:15:00.000","UNABLE TO DETERMINE","NOT APPLICABLE","5354","W","BELMONT AVE","1634",,,,,,,"2","NO INDICATION OF INJURY","0","0","0","0","0","3","0","19","7","3","41.93875053","-87.761322436","POINT (-87.761322435533 41.938750529563)"
"1c45242f817756ef30dd165e7f3df31abc48281c39fd357239bbfeb550109c836e635b1256a7f1467ac1d607c19f2e0126f347d27992a35b555b4ee74101d2e3",,,"2022-03-19T19:00:00.000","30","NO CONTROLS","NO CONTROLS","CLEAR","DARKNESS, LIGHTED ROAD","REAR END","NOT DIVIDED",,"STRAIGHT AND LEVEL","WET","NO DEFECTS","ON SCENE","NO INJURY / DRIVE AWAY",,,,"$500 OR LESS","2022-03-19T19:08:00.000","WEATHER","UNABLE TO DETERMINE","855","W","87TH ST","2222",,,,,,,"2","NO INDICATION OF INJURY","0","0","0","0","0","2","0","19","7","3","41.735932372","-87.64580479","POINT (-87.645804790227 41.735932372267)"
"59448444bb74a2e92e80413be2c89d43b3a1d840bdbbad9af2ba2ac5327320e5e184aefdd8e3f7ddcaad037cd9dc155bfe7fe2727c7142fd8ac963aa7e37fc4f",,,"2022-03-19T19:00:00.000","30","TRAFFIC SIGNAL","FUNCTIONING PROPERLY","RAIN","DARKNESS","REAR END","NOT DIVIDED",,"STRAIGHT AND LEVEL","WET","NO DEFECTS","NOT ON SCENE (DESK REPORT)","NO INJURY / DRIVE AWAY",,,,"$501 - $1,500","2022-03-19T19:33:00.000","UNABLE TO DETERMINE","UNABLE TO DETERMINE","511","N","MC CLURG CT","1834",,,,,,,"2","NO INDICATION OF INJURY","0","0","0","0","0","3","0","19","7","3","41.891451415","-87.617534555","POINT (-87.617534555018 41.891451414638)"
"be9b272e710303514ca46854a2728ad4f77e493dcb74f6da4e273f7e8282ce05652eb810b2211168538e43f33491167d98c0441409aa3540a98e77c5fe8e76ec",,,"2022-03-19T19:00:00.000","30","NO CONTROLS","NO CONTROLS","CLEAR","DAYLIGHT","PARKED MOTOR VEHICLE","ONE-WAY",,"STRAIGHT AND LEVEL","OTHER","UNKNOWN","NOT ON SCENE (DESK REPORT)","NO INJURY / DRIVE AWAY",,,"Y","$501 - $1,500","2022-03-20T18:13:00.000","IMPROPER OVERTAKING/PASSING","IMPROPER OVERTAKING/PASSING","11014","S","VERNON AVE","513",,,,,,,"2","NO INDICATION OF INJURY","0","0","0","0","0","1","0","19","7","3","41.694095632","-87.612340939","POINT (-87.612340938732 41.694095632229)"
"1fee79ae828e772b2b35fb71d8bc3a4346703d2d75924ea25df647b85d6cb9c0734fcc6dbe4987309f4b1ae3f0193b73add2a1a015bbe8aee45f85fa67b030e4",,,"2022-03-19T18:50:00.000","30","NO CONTROLS","NO CONTROLS","RAIN","DUSK","SIDESWIPE SAME DIRECTION","NOT DIVIDED",,"STRAIGHT AND LEVEL","WET","NO DEFECTS","ON SCENE","NO INJURY / DRIVE AWAY",,,,"OVER $1,500","2022-03-19T19:24:00.000","UNABLE TO DETERMINE","UNABLE TO DETERMINE","1513","N","KOSTNER AVE","2534",,,,,,,"2","NO INDICATION OF INJURY","0","0","0","0","0","2","0","18","7","3","41.908076334","-87.736143579","POINT (-87.736143578986 41.908076334355)"
"408f9034e49c96e619d1dea5cc7e408c3d77ae381b879e30738bf2e35effda9af523cf6fe3cd892ea4f8692bd2a636f00f286362995e3ac8919f2149b157c206",,,"2022-03-19T18:45:00.000","30","TRAFFIC SIGNAL","FUNCTIONING PROPERLY","RAIN","DUSK","ANGLE","DIVIDED - W/MEDIAN (NOT RAISED)",,"STRAIGHT AND LEVEL","WET","NO DEFECTS","ON SCENE","NO INJURY / DRIVE AWAY",,,,"OVER $1,500","2022-03-19T19:03:00.000","FAILING TO YIELD RIGHT-OF-WAY","DISREGARDING ROAD MARKINGS","2357","N","DAMEN AVE","1432",,,,,,,"2","NO INDICATION OF INJURY","0","0","0","0","0","3","0","18","7","3","41.924432207","-87.677719002","POINT (-87.677719001927 41.924432207209)"
"11271c82c47ed2245161ca5645e4fdf10bbb216e30e2df422e3734892a58184dfb5e0534bdb1417d3d0d690a161863ab9801212b9f2dffa1a6c479a166002d53",,,"2022-03-19T18:10:00.000","30","NO CONTROLS","NO CONTROLS","CLEAR","DUSK","SIDESWIPE SAME DIRECTION","NOT DIVIDED",,"STRAIGHT AND LEVEL","DRY","UNKNOWN","NOT ON SCENE (DESK REPORT)","NO INJURY / DRIVE AWAY",,,,"$500 OR LESS","2022-03-21T16:15:00.000","UNABLE TO DETERMINE","UNABLE TO DETERMINE","676","N","MICHIGAN AVE","1834",,,,,,,"2","NO INDICATION OF INJURY","0","0","0","0","0","6","0","18","7","3","41.894826853","-87.624396157","POINT (-87.624396157156 41.894826852574)"
"5d41cb3fbd308654d0f497f7fa884f83d66d85696a7cb01040258e17db6eac5add0bfe16c1e4b6b150761f8ef0425cf173d3b31c42cd6b2fc1f073ef3a6cf020",,,"2022-03-19T18:05:00.000","30","TRAFFIC SIGNAL","FUNCTIONING PROPERLY","RAIN","DARKNESS, LIGHTED ROAD","ANGLE","DIVIDED - W/MEDIAN (NOT RAISED)",,"STRAIGHT AND LEVEL","WET","NO DEFECTS","ON SCENE","INJURY AND / OR TOW DUE TO CRASH","Y",,"Y","OVER $1,500","2022-03-19T18:51:00.000","UNABLE TO DETERMINE","UNABLE TO DETERMINE","2040","W","FULLERTON AVE","1432",,,,,,,"2","REPORTED, NOT EVIDENT","1","0","0","0","1","3","0","18","7","3","41.925115399","-87.679555418","POINT (-87.679555417669 41.925115399007)"
"28108147a2ea01320ad3ddef3184a58cce4fed829efc85ff06b2dcb82cce444bd06d9efd807120b9ae8419dbf19b525c07d17ad2c3a5c0608dbe61b716033373",,,"2022-03-19T18:00:00.000","30","TRAFFIC SIGNAL","FUNCTIONING PROPERLY","UNKNOWN","DARKNESS, LIGHTED ROAD","REAR END","DIVIDED - W/MEDIAN (NOT RAISED)",,"STRAIGHT AND LEVEL","UNKNOWN","UNKNOWN","NOT ON SCENE (DESK REPORT)","NO INJURY / DRIVE AWAY","Y",,,"OVER $1,500","2022-03-21T16:02:00.000","FOLLOWING TOO CLOSELY","NOT APPLICABLE","835","N","MICHIGAN AVE","1833",,,,,,,"2","NO INDICATION OF INJURY","0","0","0","0","0","3","0","18","7","3","41.897740856","-87.623961316","POINT (-87.623961315982 41.897740856253)"
"acd376deefdfe6c3ef6eae69f0d73077a498eb43a5b3af8c1d709de6ca4a3a193ffde166e282309ea60803457e2eb4594cfc1d605b14a183c42d5a1a31c82263",,,"2022-03-19T18:00:00.000","30","TRAFFIC SIGNAL","FUNCTIONING PROPERLY","RAIN","DAYLIGHT","REAR END","NOT DIVIDED",,"STRAIGHT AND LEVEL","WET","UNKNOWN","NOT ON SCENE (DESK REPORT)","NO INJURY / DRIVE AWAY","N",,,"OVER $1,500","2022-03-19T20:00:00.000","FOLLOWING TOO CLOSELY","NOT APPLICABLE","7722","S","STONY ISLAND AVE","411",,,,,,,"2","NO INDICATION OF INJURY","0","0","0","0","0","2","0","18","7","3","41.754470112","-87.586254483","POINT (-87.586254483476 41.754470111953)"
"aece4791b471047025ce03d7b43767e15144a059f2337853a6a8fa3af77aa10857c79393103a1a4d3b1b92b8db8ae71695bdf080df9c029d13d308c89bf21188",,,"2022-03-19T18:00:00.000","30","NO CONTROLS","NO CONTROLS","RAIN","DAYLIGHT","PARKED MOTOR VEHICLE","NOT DIVIDED",,"STRAIGHT AND LEVEL","WET","UNKNOWN","NOT ON SCENE (DESK REPORT)","NO INJURY / DRIVE AWAY",,,"Y","$501 - $1,500","2022-03-19T18:45:00.000","UNABLE TO DETERMINE","UNABLE TO DETERMINE","8554","S","COTTAGE GROVE AVE","632",,,,,,,"2","NO INDICATION OF INJURY","0","0","0","0","0","1","0","18","7","3","41.738713596","-87.605027746","POINT (-87.605027745665 41.738713595665)"
"d82469fb51d08a03ca8899ea9a6714fcff2069efe3c4f6d16c24458fe29babae88905fabf766d769029f90463e4686bb44a23bb05a2b6f0ebb641ccaf3f93d63",,,"2022-03-19T18:00:00.000","30","TRAFFIC SIGNAL","FUNCTIONING PROPERLY","RAIN","DAYLIGHT","TURNING","FOUR WAY",,"STRAIGHT AND LEVEL","WET","NO DEFECTS","ON SCENE","INJURY AND / OR TOW DUE TO CRASH","Y",,"Y","OVER $1,500","2022-03-19T18:05:00.000","FAILING TO YIELD RIGHT-OF-WAY","NOT APPLICABLE","11100","S","MICHIGAN AVE","531",,,,,,,"3","NONINCAPACITATING INJURY","1","0","0","1","0","2","0","18","7","3","41.692559763","-87.621193695","POINT (-87.621193695398 41.692559762592)"
"e2390b5473c888f07f43626e0e43c85e6ed0af37faae5f36ac8830d59c1fce07dad352b9cd1cf83e2ebf3b369f5f22260387998a58262a99d713e7f9c2f8fbbb",,,"2022-03-19T18:00:00.000","30","NO CONTROLS","NO CONTROLS","RAIN","DAYLIGHT","FIXED OBJECT","PARKING LOT",,"STRAIGHT AND LEVEL","WET","NO DEFECTS","NOT ON SCENE (DESK REPORT)","NO INJURY / DRIVE AWAY",,,,"OVER $1,500","2022-03-19T18:00:00.000","NOT APPLICABLE","NOT APPLICABLE","10000","W","OHARE ST","1651",,,,,,,"1","NO INDICATION OF INJURY","0","0","0","0","0","1","0","18","7","3","41.976201139","-87.905309125","POINT (-87.905309125103 41.976201139024)"
"9033785a27d2749f6f87814de3210c81ce6ce0810718d5277cdd9c20d9be7bc170a941a0f67c9e5126b3973fafba80c1728d0adc593889b9c72cc185e3a62624",,,"2022-03-19T17:58:00.000","30","UNKNOWN","UNKNOWN","RAIN","DAYLIGHT","SIDESWIPE SAME DIRECTION","NOT DIVIDED",,"STRAIGHT AND LEVEL","WET","UNKNOWN","NOT ON SCENE (DESK REPORT)","NO INJURY / DRIVE AWAY",,,,"OVER $1,500","2022-03-19T18:15:00.000","UNABLE TO DETERMINE","UNABLE TO DETERMINE","4842","W","ADDISON ST","1634",,,,,,,"2","NO INDICATION OF INJURY","0","0","0","0","0","2","0","17","7","3","41.946212905","-87.748774824","POINT (-87.748774824213 41.946212905155)"
"bd1034e3924ecae74a60ee30afb66bc1b7fd00c5e6b70062281a53b96a9e5388d09c913a106b582ec0e1f00b784c7b96b2126e860aeffe59b1b8b0167987b41a",,,"2022-03-19T17:50:00.000","30","TRAFFIC SIGNAL","FUNCTIONING PROPERLY","RAIN","DAYLIGHT","SIDESWIPE SAME DIRECTION","NOT DIVIDED",,"STRAIGHT AND LEVEL","WET","NO DEFECTS","NOT ON SCENE (DESK REPORT)","NO INJURY / DRIVE AWAY",,,"Y","$501 - $1,500","2022-03-19T18:19:00.000","UNABLE TO DETERMINE","UNABLE TO DETERMINE","149","N","LOWER WACKER DR","122",,,,,,,"2","NO INDICATION OF INJURY","0","0","0","0","0","3","0","17","7","3","41.88440044","-87.636640559","POINT (-87.636640558797 41.884400440039)"
"f2b8f05aee10765bfa7b73afae2062cbb17075967261ac4c6b5da5d7e2d1720852c33760ff5a929f84e77ff30ec36b0b493a57ea73a72146dcf4732e0ae3c822",,,"2022-03-19T17:50:00.000","30","NO CONTROLS","NO CONTROLS","RAIN","DAYLIGHT","TURNING","T-INTERSECTION",,"STRAIGHT AND LEVEL","WET","NO DEFECTS","ON SCENE","INJURY AND / OR TOW DUE TO CRASH",,,,"OVER $1,500","2022-03-19T17:51:00.000","IMPROPER TURNING/NO SIGNAL","FAILING TO YIELD RIGHT-OF-WAY","232","W","87TH ST","622",,,,,,,"2","NO INDICATION OF INJURY","0","0","0","0","0","3","0","17","7","3","41.736154969","-87.62984512","POINT (-87.629845119553 41.73615496893)"
"9a7d95a4cdf28fc174686553a786625a03f99e9566a40e823df6224d99997813ba2711f28cc9f8ee0b87f952f08a3a3fa205dc344146d80cc4214ccde98d4b72",,,"2022-03-19T17:48:00.000","15","NO CONTROLS","NO CONTROLS","RAIN","DAYLIGHT","PEDALCYCLIST","NOT DIVIDED",,"STRAIGHT AND LEVEL","WET","NO DEFECTS","ON SCENE","NO INJURY / DRIVE AWAY",,,,"$501 - $1,500","2022-03-19T17:52:00.000","FAILING TO YIELD RIGHT-OF-WAY","UNABLE TO DETERMINE","4947","S","WOLCOTT AVE","931",,,,,,,"2","NO INDICATION OF INJURY","0","0","0","0","0","2","0","17","7","3","41.80349062","-87.671980932","POINT (-87.671980931945 41.803490619874)"
"a1d6fc7a38be67e28db4b7cdcbb054eedec7861d65fd3f5378059df87ba8236c6065df6e37ffbee750c1b6abfc2456d52b8cd35ee0ef7e4e393ccc59a66871af",,,"2022-03-19T17:47:00.000","30","TRAFFIC SIGNAL","FUNCTIONING PROPERLY","RAIN","DAYLIGHT","TURNING","FOUR WAY",,"STRAIGHT AND LEVEL","WET","NO DEFECTS","ON SCENE","INJURY AND / OR TOW DUE TO CRASH",,,,"OVER $1,500","2022-03-19T17:48:00.000","OPERATING VEHICLE IN ERRATIC, RECKLESS, CARELESS, NEGLIGENT OR AGGRESSIVE MANNER","OPERATING VEHICLE IN ERRATIC, RECKLESS, CARELESS, NEGLIGENT OR AGGRESSIVE MANNER","3403","W","ROOSEVELT RD","1021",,,,,,,"2","NONINCAPACITATING INJURY","1","0","0","1","0","1","0","17","7","3","41.866236766","-87.710737823","POINT (-87.710737823088 41.866236766269)"
"ed1524d3138f0b120d5cb02ee41097761279d7d73735b0cca8de1ff59c2a8acecfb4b042d810a9cc619fa593ccaeb82c6e333ddb14ea888e7b65fc86be288fb4",,,"2022-03-19T17:45:00.000","35","STOP SIGN/FLASHER","NO CONTROLS","RAIN","DAYLIGHT","TURNING","NOT DIVIDED",,"STRAIGHT AND LEVEL","WET","UNKNOWN","ON SCENE","NO INJURY / DRIVE AWAY","Y",,"Y","OVER $1,500","2022-03-19T18:07:00.000","FAILING TO YIELD RIGHT-OF-WAY","IMPROPER TURNING/NO SIGNAL","1236","S","HOMAN AVE","1021",,,,,,,"2","NO INDICATION OF INJURY","0","0","0","0","0","2","0","17","7","3","41.865251732","-87.710657489","POINT (-87.710657488656 41.865251732258)"
"f4ecdfc2d7a7858548c1975140a051cbb62762fc947bd8cd5950b358297c7b203aafb2f903fe70e4f8b248755480081b4ee67e93778934ef8e54ceca5e1b0615",,,"2022-03-19T17:45:00.000","30","TRAFFIC SIGNAL","FUNCTIONING PROPERLY","RAIN","DAYLIGHT","TURNING","FOUR WAY",,"STRAIGHT AND LEVEL","WET","UNKNOWN","ON SCENE","INJURY AND / OR TOW DUE TO CRASH","Y",,,"OVER $1,500","2022-03-19T17:47:00.000","UNABLE TO DETERMINE","UNABLE TO DETERMINE","1889","S","CENTRAL PARK AVE","1021",,,,,,,"2","NO INDICATION OF INJURY","0","0","0","0","0","4","0","17","7","3","41.854574798","-87.714935973","POINT (-87.714935972902 41.854574798327)"
"086db4f3f4ee00e82a3c4a09b80310c6e53bedac0acde087dff6db2a90564bd88b8163042bf818830635ce51ee9551b104c71c6b973c301af19cf559f394b518",,"Y","2022-03-19T17:30:00.000","30","NO CONTROLS","NO CONTROLS","UNKNOWN","UNKNOWN","PARKED MOTOR VEHICLE","NOT DIVIDED",,"STRAIGHT AND LEVEL","UNKNOWN","UNKNOWN","ON SCENE","NO INJURY / DRIVE AWAY",,,"Y","OVER $1,500","2022-03-19T17:37:00.000","UNABLE TO DETERMINE","NOT APPLICABLE","5919","W","WASHINGTON BLVD","1513",,,,,,,"2","NO INDICATION OF INJURY","0","0","0","0","0","1","0","17","7","3","41.882025338","-87.772698553","POINT (-87.77269855315 41.882025338193)"
"d257f42a31b9df6e1a31f8b229fd66c32fef0c56a8cf40019f788e4b2f07dc5f1b9aba6514f8551a2ba3b0c2c79e54ef21277cf971de5f695d44ddaf6d996ba4",,,"2022-03-19T17:30:00.000","30","NO CONTROLS","NO CONTROLS","RAIN","DAYLIGHT","SIDESWIPE SAME DIRECTION","NOT DIVIDED",,"STRAIGHT AND LEVEL","WET","NO DEFECTS","ON SCENE","NO INJURY / DRIVE AWAY",,,"Y","OVER $1,500","2022-03-19T17:35:00.000","UNABLE TO DETERMINE","NOT APPLICABLE","58","W","79TH ST","623",,,,,,,"2","NO INDICATION OF INJURY","0","0","0","0","0","3","0","17","7","3","41.751022503","-87.626980294","POINT (-87.626980293637 41.751022502989)"
"aaa323badabf40b34a59d3786cb92634858f4c1edcdeb0f08ed16dff0e6d79164cb53d8af9271942d88211a26c7bdb407806f049e72135a0c8d1a08450716d00",,,"2022-03-19T17:29:00.000","30","NO CONTROLS","NO CONTROLS","RAIN","DAYLIGHT","TURNING","ONE-WAY",,"STRAIGHT AND LEVEL","WET","NO DEFECTS",,"NO INJURY / DRIVE AWAY",,,,"OVER $1,500","2022-03-19T18:50:00.000","FAILING TO YIELD RIGHT-OF-WAY","NOT APPLICABLE","2415","W","LELAND AVE","1911",,,,,,,"2","NO INDICATION OF INJURY","0","0","0","0","0","3","0","17","7","3","41.966668708","-87.689457236","POINT (-87.68945723565 41.966668707959)"
"d11d0dbd8b3d0157bbe70678dc146a8c9435821864c2a38435a28474fa8d0dfd929dcc1dd60b77f5e2f22bfd2d84e50becc02c7d5d9697b53775c3d0e4333d4b",,,"2022-03-19T17:28:00.000","30","STOP SIGN/FLASHER","FUNCTIONING PROPERLY","RAIN","DAYLIGHT","ANGLE","FOUR WAY",,"STRAIGHT AND LEVEL","WET","NO DEFECTS","ON SCENE","INJURY AND / OR TOW DUE TO CRASH","Y",,,"OVER $1,500","2022-03-19T17:28:00.000","UNABLE TO DETERMINE","NOT APPLICABLE","4600","W","WASHINGTON BLVD","1113",,,,,,,"2","NONINCAPACITATING INJURY","1","0","0","1","0","2","0","17","7","3","41.881984435","-87.740163011","POINT (-87.740163011434 41.881984434835)"
"da25ec6e1fb09f78a4b132473808ac742d3d354d435ac131f97c579a8586898f19f05a8998cb1119c8b618c007d80ad0c19412fd97789be987df86bf4224f3fb",,,"2022-03-19T17:22:00.000","30","NO CONTROLS","NO CONTROLS","RAIN","DAYLIGHT","REAR END","DIVIDED - W/MEDIAN (NOT RAISED)",,"STRAIGHT AND LEVEL","WET","NO DEFECTS","ON SCENE","NO INJURY / DRIVE AWAY",,,,"$501 - $1,500","2022-03-19T17:27:00.000","UNABLE TO DETERMINE","UNABLE TO DETERMINE","4733","W","BELMONT AVE","2521",,,,,,,"2","NO INDICATION OF INJURY","0","0","0","0","0","2","0","17","7","3","41.938731967","-87.745756365","POINT (-87.745756364602 41.938731967076)"
"ac366ad3f5ca1c538cd85cca9975206fa3baea77e97636931a209fb4b9b3483f1cf212ec9ce353eeef6116e05b930eff03ec8bba536c48055e779b3e14fbcd80",,,"2022-03-19T17:20:00.000","35","TRAFFIC SIGNAL","FUNCTIONING PROPERLY","RAIN","DAYLIGHT","REAR END","NOT DIVIDED",,"STRAIGHT AND LEVEL","WET","NO DEFECTS","ON SCENE","NO INJURY / DRIVE AWAY",,,,"OVER $1,500","2022-03-19T17:25:00.000","FOLLOWING TOO CLOSELY","FOLLOWING TOO CLOSELY","1199","N","LAKE SHORE DR","1824",,,,,,,"2","NO INDICATION OF INJURY","0","0","0","0","0","2","0","17","7","3","41.903986423","-87.624849124","POINT (-87.624849123547 41.903986423479)"
"c74d988be64d488928f7299d9b236b09751bab7f9f044ae550526a921ec9493ce88cd6141dbc02a1911c0226d78f1a33f40df2a44f47245b68a545d81a022e8c",,"Y","2022-03-19T17:05:00.000","30","TRAFFIC SIGNAL","FUNCTIONING PROPERLY","RAIN","DUSK","SIDESWIPE SAME DIRECTION","NOT DIVIDED",,"STRAIGHT AND LEVEL","WET","NO DEFECTS","ON SCENE","NO INJURY / DRIVE AWAY","N",,,"OVER $1,500","2022-03-19T17:06:00.000","FOLLOWING TOO CLOSELY","NOT APPLICABLE","424","W","FULLERTON PKWY","1935",,,,,,,"2","NO INDICATION OF INJURY","0","0","0","0","0","3","0","17","7","3","41.925698921","-87.640168689","POINT (-87.640168689391 41.925698921196)"
"1715e7ae486d1e914f13b62c1a4d6b6cd7ea2799362975d24e2f7e65aaf883e2a5bb0cb93ef4512f943b256137776407dec9864bd6b527f4d1250f5190b70832",,,"2022-03-19T17:00:00.000","10","NO CONTROLS","NO CONTROLS","RAIN","DAYLIGHT","REAR TO FRONT","PARKING LOT",,"STRAIGHT AND LEVEL","DRY","NO DEFECTS","NOT ON SCENE (DESK REPORT)","NO INJURY / DRIVE AWAY",,"Y",,"OVER $1,500","2022-03-19T18:00:00.000","IMPROPER BACKING","NOT APPLICABLE","600","E","GRAND AVE","1834",,,,,,,"2","NO INDICATION OF INJURY","0","0","0","0","0","4","0","17","7","3","41.892094137","-87.611569884","POINT (-87.611569883947 41.892094136862)"
"fbba04b8feb32e794efbe78f3762565fa4f874b9c92812a61fa710a3f472e250b69f4bdd680f6cc252db70c3bd5dfb2a57dd81e12a07a1868022879206c16e4d",,,"2022-03-19T17:00:00.000","15","NO CONTROLS","NO CONTROLS","RAIN","DAYLIGHT","PARKED MOTOR VEHICLE","PARKING LOT",,"STRAIGHT AND LEVEL","WET","UNKNOWN","ON SCENE","NO INJURY / DRIVE AWAY",,,"Y","OVER $1,500","2022-03-19T17:24:00.000","FOLLOWING TOO CLOSELY","NOT APPLICABLE","6420","W","FULLERTON AVE","2512",,,,,,,"2","NO INDICATION OF INJURY","0","0","0","0","0","1","0","17","7","3","41.923781797","-87.786253674","POINT (-87.786253674433 41.92378179667)"
"f9d922c5453491033739baceb612d454d46b6b65141ea42de22964d00cb7cdb4ddf4b5a02ad7a744f590f9b1e16b391f164a651597367a960305508606f677d0",,,"2022-03-19T16:55:00.000","30","NO CONTROLS","NO CONTROLS","RAIN","DAYLIGHT","PARKED MOTOR VEHICLE","ONE-WAY",,"STRAIGHT AND LEVEL","WET","UNKNOWN","NOT ON SCENE (DESK REPORT)","NO INJURY / DRIVE AWAY",,,"Y","OVER $1,500","2022-03-19T17:15:00.000","IMPROPER BACKING","NOT APPLICABLE","3640","N","LAKEWOOD AVE","1923",,,,,,,"2","NO INDICATION OF INJURY","0","0","0","0","0","2","0","16","7","3","41.948327348","-87.661773756","POINT (-87.661773755866 41.948327348029)"
"8392f40176e3f0701d34fcde081f7bc311099d42fbf394e23860ac5286c615dc2c2035db40a1a4139b73069554e009a56229b1c3c54886023b14bc4709b598f6",,,"2022-03-19T16:50:00.000","30","NO CONTROLS","NO CONTROLS","RAIN","DAYLIGHT","SIDESWIPE SAME DIRECTION","DIVIDED - W/MEDIAN (NOT RAISED)",,"STRAIGHT AND LEVEL","WET","NO DEFECTS","NOT ON SCENE (DESK REPORT)","NO INJURY / DRIVE AWAY",,,,"OVER $1,500","2022-03-19T17:49:00.000","FAILING TO YIELD RIGHT-OF-WAY","NOT APPLICABLE","1611","N","CLYBOURN AVE","1813",,,,,,,"2","NO INDICATION OF INJURY","0","0","0","0","0","2","0","16","7","3","41.911233948","-87.649753715","POINT (-87.649753714718 41.911233948093)"
"9aaac61095a3737b2c9f0282b29c8d64e811d36a9c51681dc082023dc45ac8061dfa409f4362ad6fd5c6fb6458b56d18f44830481427c547605ce4b31fbe4819",,,"2022-03-19T16:50:00.000","30","TRAFFIC SIGNAL","FUNCTIONING PROPERLY","RAIN","DAYLIGHT","REAR END","NOT DIVIDED",,"STRAIGHT AND LEVEL","WET","UNKNOWN","ON SCENE","NO INJURY / DRIVE AWAY",,,,"OVER $1,500","2022-03-19T16:53:00.000","FOLLOWING TOO CLOSELY","NOT APPLICABLE","4846","S","PULASKI RD","815",,,,,,,"2","NO INDICATION OF INJURY","0","0","0","0","0","3","0","16","7","3","41.804638058","-87.723636183","POINT (-87.723636182553 41.804638057874)"