"crash_record_id","rd_no","crash_date_est_i","crash_date","posted_speed_limit","traffic_control_device","device_condition","weather_condition","lighting_condition","first_crash_type","trafficway_type","lane_cnt","alignment","roadway_surface_cond","road_defect","report_type","crash_type","intersection_related_i","private_property_i","hit_and_run_i","damage","date_police_notified","prim_contributory_cause","sec_contributory_cause","street_no","street_direction","street_name","beat_of_occurrence","photos_taken_i","statements_taken_i","dooring_i","work_zone_i","work_zone_type","workers_present_i","num_units","most_severe_injury","injuries_total","injuries_fatal","injuries_incapacitating","injuries_non_incapacitating","injuries_reported_not_evident","injuries_no_indication","injuries_unknown","crash_hour","crash_day_of_week","crash_month","latitude","longitude","location"
"ad6dbfeeef6ad1f47f2a2b4750a83eb2c16742be68e5c0473bc9d7820d9ef2abcc1beb6be45a3f5d99398ae6c713f7d69dd7660dd5f2fd0f8eeedff21b971219",,,"2022-03-19T16:39:00.000","15","NO CONTROLS","NO CONTROLS","CLEAR","DAYLIGHT","PARKED MOTOR VEHICLE","ONE-WAY",,"STRAIGHT AND LEVEL","WET","NO DEFECTS","ON SCENE","NO INJURY / DRIVE AWAY",,,,"$500 OR LESS","2022-03-19T16:41:00.000","UNABLE TO DETERMINE","NOT APPLICABLE","6203","S","SACRAMENTO AVE","823",,,,,,,"2","NO INDICATION OF INJURY","0","0","0","0","0","1","0","16","7","3","41.78071881","-87.698166196","POINT (-87.698166196165 41.780718810017)"
"f2d80a2457a11378779b754ff2a2c2ca6c9675d4c612988a1e9760ea70d763b9c5794607e4451ee66cadac2b238f9e259db1bbbd2e9589b5c644b415035c31c4",,,"2022-03-19T16:30:00.000","30","TRAFFIC SIGNAL","FUNCTIONING PROPERLY","RAIN","DAYLIGHT","REAR END","NOT DIVIDED",,"STRAIGHT AND LEVEL","WET","NO DEFECTS","NOT ON SCENE (DESK REPORT)","NO INJURY / DRIVE AWAY",,,,"$501 - $1,500","2022-03-19T17:00:00.000","FOLLOWING TOO CLOSELY","NOT APPLICABLE","2800","N","CLARK ST","1934",,,,,,,"2","NO INDICATION OF INJURY","0","0","0","0","0","2","0","16","7","3","41.9328287","-87.645080351","POINT (-87.645080351015 41.932828699843)"
"260109c75c0d80f9f194620626149ee944232d1a06753d908c0f3cef0c34f021d18fbf405b81998a6c0337ec00fab26d86f3e2c38095119a069916a541f88a8b",,,"2022-03-19T16:25:00.000","30","NO CONTROLS","NO CONTROLS","FREEZING RAIN/DRIZZLE","DAYLIGHT","PARKED MOTOR VEHICLE","NOT DIVIDED",,"STRAIGHT AND LEVEL","WET","NO DEFECTS","ON SCENE","NO INJURY / DRIVE AWAY",,,,"OVER $1,500","2022-03-19T16:33:00.000","UNABLE TO DETERMINE","UNABLE TO DETERMINE","326","N","CENTRAL AVE","1512",,,,,,,"2","NO INDICATION OF INJURY","0","0","0","0","0","3","0","16","7","3","41.886554499","-87.765234303","POINT (-87.765234302914 41.886554498524)"
"a121eaaddf688b5da461599a78996a9083739f44457024dcfad6f9adcc7faaa95e59a28b9c7f2e7acf073e21405b3d7cb51182556208308615bad3e10c6a05bb",,,"2022-03-19T16:20:00.000","30","NO CONTROLS","NO CONTROLS","FREEZING RAIN/DRIZZLE","DAYLIGHT","ANGLE","NOT DIVIDED",,"STRAIGHT AND LEVEL","WET","NO DEFECTS","ON SCENE","INJURY AND / OR TOW DUE TO CRASH",,,,"$501 - $1,500","2022-03-19T16:41:00.000","FAILING TO YIELD RIGHT-OF-WAY","UNABLE TO DETERMINE","3110","W","DEVON AVE","2412",,,,,,,"2","NO INDICATION OF INJURY","0","0","0","0","0","3","0","16","7","3","41.997531905","-87.707428525","POINT (-87.707428525306 41.997531904503)"
"841b7bb1a66f29e6caf6165ace6f0192d1d521869331acad6b970b5a6dd7a26e2d1d1cc05186e66c30b9bbdfe05319eae8c604163e70f110a2fd2fe06a0df0de",,,"2022-03-19T16:18:00.000","30","NO CONTROLS","NO CONTROLS","RAIN","DAYLIGHT","PEDALCYCLIST","DIVIDED - W/MEDIAN (NOT RAISED)",,"STRAIGHT AND LEVEL","WET","NO DEFECTS","ON SCENE","INJURY AND / OR TOW DUE TO CRASH",,,,"OVER $1,500","2022-03-19T16:30:00.000","WEATHER","VISION OBSCURED (SIGNS, TREE LIMBS, BUILDINGS, ETC.)","2548","W","AUGUSTA BLVD","1211",,,"Y",,,,"2","NONINCAPACITATING INJURY","1","0","0","1","0","1","0","16","7","3","41.899444576","-87.691358843","POINT (-87.691358842845 41.899444575738)"
"5e0f37b2e4092717906247e5857f241b855a1ffa305d0dae8d415ff94451c50189cdd6d04f87cd9a42e649500312d96cce747c940fa388134ca2eeaddf41d743",,,"2022-03-19T16:10:00.000","30","TRAFFIC SIGNAL","FUNCTIONING PROPERLY","CLEAR","DAYLIGHT","TURNING","FOUR WAY",,"STRAIGHT AND LEVEL","WET","NO DEFECTS","ON SCENE","INJURY AND / OR TOW DUE TO CRASH","Y",,"Y","OVER $1,500","2022-03-19T16:17:00.000","DISREGARDING TRAFFIC SIGNALS","NOT APPLICABLE","4801","N","CICERO AVE","1712",,,,,,,"2","REPORTED, NOT EVIDENT","2","0","0","0","2","1","0","16","7","3","41.968007184","-87.747563314","POINT (-87.747563313757 41.968007184196)"
"40d183baea72426351dab767bc4bdba30fd3ab5180648cfa1b6c1111dfccbfccc9d008babc811d4135c3286b7cfeb7bdac5a857ee7c79f4c51b7df31152e2d07",,,"2022-03-19T16:04:00.000","30","NO CONTROLS","NO CONTROLS","RAIN","DAYLIGHT","SIDESWIPE SAME DIRECTION","NOT DIVIDED",,"STRAIGHT AND LEVEL","WET","NO DEFECTS","NOT ON SCENE (DESK REPORT)","NO INJURY / DRIVE AWAY",,,,"$501 - $1,500","2022-03-19T16:29:00.000","UNABLE TO DETERMINE","UNABLE TO DETERMINE","950","W","CONCORD PL","1813",,,,,,,"2","NO INDICATION OF INJURY","0","0","0","0","0","3","0","16","7","3","41.911868473","-87.652702994","POINT (-87.652702994362 41.911868472557)"
"282eab134e7c7d0994fcb6b06673f5d260dd57a2d6d9344c334fea9a3c2d6b9e327ce459a18cbd66a3ee48f95822c7caae2a434e0a62c9c818ab41a3cf24f77c",,,"2022-03-19T16:00:00.000","30","NO CONTROLS","NO CONTROLS","RAIN","DAYLIGHT","REAR END","NOT DIVIDED",,"STRAIGHT AND LEVEL","WET","NO DEFECTS","ON SCENE","INJURY AND / OR TOW DUE TO CRASH",,,,"OVER $1,500","2022-03-19T16:05:00.000","WEATHER","UNABLE TO DETERMINE","9198","S","VINCENNES AVE","2222",,,,,,,"3","REPORTED, NOT EVIDENT","1","0","0","0","1","2","0","16","7","3","41.726987854","-87.648737592","POINT (-87.648737592062 41.726987853544)"
"a4d20291247e7cb9f30dec286c3e6e5bd3bcee82fb55c284dde60a0859354283987e21c9d12eb3c1512690f680e675da683a25760c285fb4232e6d858206b2f7",,,"2022-03-19T15:57:00.000","35","NO CONTROLS","NO CONTROLS","RAIN","DAYLIGHT","SIDESWIPE SAME DIRECTION","T-INTERSECTION",,"STRAIGHT AND LEVEL","WET","NO DEFECTS","ON SCENE","NO INJURY / DRIVE AWAY","Y",,,"$501 - $1,500","2022-03-19T15:57:00.000","DRIVING SKILLS/KNOWLEDGE/EXPERIENCE","UNABLE TO DETERMINE","700","W","83RD ST","622",,,,,,,"2","NO INDICATION OF INJURY","0","0","0","0","0","3","0","15","7","3","41.743501394","-87.641879548","POINT (-87.641879548276 41.743501393885)"
"eff8c67c2e432976c6b1e59063233f14371fbdae1bd702600a0d549fe52bbe677693c9ddbb2dca5ae293f3f52ea8300faffd192ed272f67fd3462bd05d7e7fb3",,,"2022-03-19T15:55:00.000","30","NO CONTROLS","NO CONTROLS","RAIN","DAYLIGHT","ANGLE","DIVIDED - W/MEDIAN (NOT RAISED)",,"STRAIGHT AND LEVEL","WET","NO DEFECTS","ON SCENE","NO INJURY / DRIVE AWAY","N",,,"OVER $1,500","2022-03-19T16:05:00.000","FAILING TO YIELD RIGHT-OF-WAY","WEATHER","714","N","ASHLAND AVE","1215",,,,"N",,,"2","NO INDICATION OF INJURY","0","0","0","0","0","2","0","15","7","3","41.894770769","-87.667400347","POINT (-87.66740034689 41.894770769134)"
"7f46770075159a77b49aca00924ad06e1d4c5dae9e72fac73b4dc354e642fad9064c90e7fc8a9c9534e442c9702f5e426f75c6e31efc92b9ab997c3801364e30",,,"2022-03-19T15:54:00.000","30","PEDESTRIAN CROSSING SIGN","FUNCTIONING PROPERLY","RAIN","DAYLIGHT","REAR END","NOT DIVIDED",,"STRAIGHT AND LEVEL","WET","UNKNOWN","NOT ON SCENE (DESK REPORT)","NO INJURY / DRIVE AWAY",,,,"OVER $1,500","2022-03-19T16:20:00.000","FOLLOWING TOO CLOSELY","NOT APPLICABLE","1505","W","IRVING PARK RD","1922",,,,,,,"3","NO INDICATION OF INJURY","0","0","0","0","0","6","0","15","7","3","41.954197256","-87.667765427","POINT (-87.667765427428 41.954197256344)"
"5f7d43c154c03bb557650873aa4e0d1e6f5da08dc17aadb72f32ba06f685cd6686964e7160a38496c5d05d62e3170d79512bb3b5e27d8f5ed79eb67b886f17db",,,"2022-03-19T15:50:00.000","15","NO CONTROLS","NO CONTROLS","RAIN","DAYLIGHT","FIXED OBJECT","ALLEY",,"STRAIGHT AND LEVEL","WET","NO DEFECTS","ON SCENE","NO INJURY / DRIVE AWAY",,,,"OVER $1,500","2022-03-19T16:57:00.000","WEATHER","UNABLE TO DETERMINE","8407","S","MUSKEGON AVE","423",,,,,,,"1","NO INDICATION OF INJURY","0","0","0","0","0","1","0","15","7","3","41.742530617","-87.555016128","POINT (-87.555016127997 41.742530616993)"
"52a64ae61704501e1bd130f3a1d5614b2e5900df04eea9af96a557d21dc2fbce1d3a2684801362bb923d57a20d32f20628141e1a090024529c08d195bab1f770",,,"2022-03-19T15:45:00.000","30","TRAFFIC SIGNAL","FUNCTIONING PROPERLY","RAIN","DAYLIGHT","REAR END","NOT DIVIDED",,"STRAIGHT AND LEVEL","WET","OTHER","NOT ON SCENE (DESK REPORT)","INJURY AND / OR TOW DUE TO CRASH",,,,"OVER $1,500","2022-03-19T16:00:00.000","HAD BEEN DRINKING (USE WHEN ARREST IS NOT MADE)","UNABLE TO DETERMINE","15","W","103RD ST","512",,,,,,,"3","REPORTED, NOT EVIDENT","1","0","0","0","1","2","0","15","7","3","41.707045255","-87.624165911","POINT (-87.624165910598 41.707045254805)"
"e9c603713e236cb88d6b39c10d0504525b2d2ffc59518215940e3434c5ff9a75147b28bef2a0d22c1c2ccaaab97e655379bc001b5e3b98683180e525c1089f91",,,"2022-03-19T15:45:00.000","30","NO CONTROLS","NO CONTROLS","CLOUDY/OVERCAST","DAYLIGHT","REAR END","NOT DIVIDED",,"STRAIGHT AND LEVEL","UNKNOWN","UNKNOWN","NOT ON SCENE (DESK REPORT)","NO INJURY / DRIVE AWAY",,,"Y","OVER $1,500","2022-03-19T15:50:00.000","UNABLE TO DETERMINE","UNABLE TO DETERMINE","3008","N","LARAMIE AVE","2514",,,,,,,"3","NO INDICATION OF INJURY","0","0","0","0","0","3","0","15","7","3","41.935329264","-87.75671444","POINT (-87.756714440221 41.935329263951)"
"3e4b43b1adafed75f728647443d0607677f0dea383a684f00cedaf37d82b114a36b169e9987b34f6ef8d0824ab7427593e2d240bfe1a245ba4cc844caa2d6941",,,"2022-03-19T15:37:00.000","30","TRAFFIC SIGNAL","FUNCTIONING PROPERLY","RAIN","DAYLIGHT","TURNING","DIVIDED - W/MEDIAN (NOT RAISED)",,"STRAIGHT AND LEVEL","DRY","UNKNOWN","ON SCENE","INJURY AND / OR TOW DUE TO CRASH",,,"Y","OVER $1,500","2022-03-19T15:40:00.000","DISREGARDING TRAFFIC SIGNALS","NOT APPLICABLE","600","W","TAYLOR ST","124",,,,,,,"2","NO INDICATION OF INJURY","0","0","0","0","0","3","0","15","7","3","41.869825747","-87.642348957","POINT (-87.642348957484 41.869825746793)"
"f507a4f23550337a8a6d72ee21727a383275cd0095c92c0414e697683ecf573d900e27c77b3dbc3675e87b0430487e3ff6d495afc044c5587997bbf49273ca82",,,"2022-03-19T15:33:00.000","30","NO CONTROLS","NO CONTROLS","CLEAR","DAYLIGHT","REAR END","NOT DIVIDED",,"STRAIGHT AND LEVEL","WET","NO DEFECTS","NOT ON SCENE (DESK REPORT)","NO INJURY / DRIVE AWAY",,,,"$500 OR LESS","2022-03-19T15:55:00.000","UNABLE TO DETERMINE","NOT APPLICABLE","1199","S","HALSTED ST","1232",,,,,,,"2","NO INDICATION OF INJURY","0","0","0","0","0","2","0","15","7","3","41.86724054","-87.646771799","POINT (-87.646771798597 41.867240540073)"
"5dfd5ac91f02cff7a378a5329a1f000bd8bf62b0458f69cfadeaec3bc452031643065b8b6c063fd2de2ec9962c85b9e704e5d0b912e29cd636e47ff9051fa514",,,"2022-03-19T15:30:00.000","30","TRAFFIC SIGNAL","FUNCTIONING PROPERLY","RAIN","DAYLIGHT","REAR END","DIVIDED - W/MEDIAN (NOT RAISED)",,"STRAIGHT AND LEVEL","WET","NO DEFECTS",,"INJURY AND / OR TOW DUE TO CRASH","Y",,,"OVER $1,500","2022-03-19T19:00:00.000","FOLLOWING TOO CLOSELY","FAILING TO REDUCE SPEED TO AVOID CRASH","751","N","HALSTED ST","1214",,,,,,,"2","REPORTED, NOT EVIDENT","2","0","0","0","2","1","0","15","7","3","41.896384683","-87.647597483","POINT (-87.647597483287 41.896384683474)"
"68be73bf179eee5305e58b936530498f216fb49273231cafa74431e6286afeef20b87e2898c61a34333ad06edfd2621eb133a3c02c1cc64468f1b09f779cb0f3",,,"2022-03-19T15:30:00.000","10","NO CONTROLS","NO CONTROLS","CLEAR","DAYLIGHT","REAR TO SIDE","PARKING LOT",,"STRAIGHT AND LEVEL","WET","NO DEFECTS","ON SCENE","NO INJURY / DRIVE AWAY",,,,"$501 - $1,500","2022-03-19T15:45:00.000","UNABLE TO DETERMINE","FAILING TO YIELD RIGHT-OF-WAY","2551","W","CERMAK RD","1034",,,,,,,"2","NO INDICATION OF INJURY","0","0","0","0","0","5","0","15","7","3","41.851868272","-87.690075121","POINT (-87.690075121295 41.851868271661)"
"fd7c5ca05e0017daedbbf9584f60e47ef66c35f88d2b62ed0e65f583863d38d6e79abe0aaee872a20499cc8b87a0b23f1a95e09bf36053905ce03dba70aaa487",,,"2022-03-19T15:30:00.000","20","NO CONTROLS","NO CONTROLS","RAIN","DAYLIGHT","REAR END","NOT DIVIDED",,"STRAIGHT AND LEVEL","WET","NO DEFECTS","NOT ON SCENE (DESK REPORT)","NO INJURY / DRIVE AWAY",,,"Y","$501 - $1,500","2022-03-19T15:58:00.000","UNABLE TO DETERMINE","UNABLE TO DETERMINE","210","W","87TH ST","622",,,,,,,"2","NO INDICATION OF INJURY","0","0","0","0","0","2","0","15","7","3","41.736217961","-87.629310437","POINT (-87.629310436538 41.736217960782)"
"e0ac5666cfadb67402cd472e181982560fb9f7991a7efb7a2ad68a1a5979d4bb891b2d5685f9eeb4fdf31e1a828f262291b5572c05e32f29d775e191597bbd6b",,,"2022-03-19T15:27:00.000","35","NO CONTROLS","NO CONTROLS","RAIN","DAYLIGHT","REAR END","NOT DIVIDED",,"STRAIGHT AND LEVEL","WET","NO DEFECTS","ON SCENE","INJURY AND / OR TOW DUE TO CRASH",,,,"OVER $1,500","2022-03-19T15:29:00.000","FOLLOWING TOO CLOSELY","NOT APPLICABLE","5622","S","PULASKI RD","813",,,,,,,"2","NO INDICATION OF INJURY","0","0","0","0","0","4","0","15","7","3","41.79059868","-87.723234324","POINT (-87.723234323587 41.790598680242)"
"8bf56789ceb6762e2c7da44fd5d7857e8b7204437b00605adfc5eafac2a571cbadcc2ca375876ba5bb863d92fb207abf5628710ef212dcaf6e017caedb11f979",,,"2022-03-19T15:14:00.000","40","NO CONTROLS","NO CONTROLS","RAIN","DAYLIGHT","SIDESWIPE SAME DIRECTION","DIVIDED - W/MEDIAN BARRIER",,"STRAIGHT AND LEVEL","WET","NO DEFECTS","NOT ON SCENE (DESK REPORT)","NO INJURY / DRIVE AWAY",,,"Y","OVER $1,500","2022-03-19T15:30:00.000","IMPROPER LANE USAGE","NOT APPLICABLE","481","N","LAKE SHORE DR NB","1834",,,,,,,"2","NO INDICATION OF INJURY","0","0","0","0","0","4","0","15","7","3","41.89066089","-87.613742038","POINT (-87.613742038236 41.890660889644)"
"7832c53cf9af2a1cd980aa8e4dc136e6d3e9844689456e30077fc1f09e714dd1081f6e7f01aef6198982f0dfc4f0545714d043348a27b554fae58cb1e80e98cd",,,"2022-03-19T15:10:00.000","30","NO CONTROLS","NO CONTROLS","UNKNOWN","DAYLIGHT","PARKED MOTOR VEHICLE","ONE-WAY",,"STRAIGHT AND LEVEL","UNKNOWN","NO DEFECTS","NOT ON SCENE (DESK REPORT)","NO INJURY / DRIVE AWAY",,,"Y","$501 - $1,500","2022-03-19T15:50:00.000","UNABLE TO DETERMINE","NOT APPLICABLE","531","W","DRUMMOND PL","1935",,,,,,,"2","NO INDICATION OF INJURY","0","0","0","0","0","1","0","15","7","3","41.931399521","-87.643731049","POINT (-87.643731049037 41.931399521012)"
"f6e0b9689e59b0e3b41ff4c7fffff546c848f1448073b6532178d5b311d21ae13b0214d585e9b5752eeabf4a1e1e37ff905968ec3b9c9c0343eea0db8b88ec6d",,,"2022-03-19T15:03:00.000","30","STOP SIGN/FLASHER","NO CONTROLS","RAIN","DAYLIGHT","ANGLE","FOUR WAY",,"STRAIGHT AND LEVEL","WET","NO DEFECTS","ON SCENE","INJURY AND / OR TOW DUE TO CRASH","Y",,,"OVER $1,500","2022-03-19T15:03:00.000","UNABLE TO DETERMINE","NOT APPLICABLE","7200","S","RACINE AVE","734",,,,,,,"2","NONINCAPACITATING INJURY","2","0","0","2","0","1","0","15","7","3","41.763189228","-87.654213676","POINT (-87.654213675518 41.763189228173)"
"5be688d3ee281d9c4323a56542c697fa724dca2546502e4a58bd2e8f739c4bcaf54f931e2b292339d813ae80fe574920b9975a692bd6274630005c4c9a75751a",,,"2022-03-19T15:00:00.000","30","UNKNOWN","UNKNOWN","RAIN","DAYLIGHT","SIDESWIPE SAME DIRECTION","NOT DIVIDED",,"STRAIGHT AND LEVEL","WET","UNKNOWN","NOT ON SCENE (DESK REPORT)","NO INJURY / DRIVE AWAY",,,,"OVER $1,500","2022-03-19T16:00:00.000","UNABLE TO DETERMINE","UNABLE TO DETERMINE","5498","W","IRVING PARK RD","1624",,,,,,,"2","NO INDICATION OF INJURY","0","0","0","0","0","2","0","15","7","3","41.953325947","-87.764420076","POINT (-87.764420076334 41.953325947039)"
"f9073478aa6c7c99b60e4d7d3d53d9e6632f94312961279d8ce0580c4309bce4147328988de556142bddecfcd5b3139ff344343a42ffec1c2834b06be3d42500",,,"2022-03-19T15:00:00.000","30","NO CONTROLS","NO CONTROLS","CLOUDY/OVERCAST","DAYLIGHT","REAR END","DIVIDED - W/MEDIAN (NOT RAISED)",,"STRAIGHT AND LEVEL","DRY","NO DEFECTS","NOT ON SCENE (DESK REPORT)","INJURY AND / OR TOW DUE TO CRASH","Y",,,"OVER $1,500","2022-03-19T15:30:00.000","FAILING TO REDUCE SPEED TO AVOID CRASH","UNABLE TO DETERMINE","7859","S","FIELDING AVE","621",,,,,,,"2","NO INDICATION OF INJURY","0","0","0","0","0","2","0","15","7","3","41.75074775","-87.638593943","POINT (-87.638593942794 41.750747750401)"
"2e1d7b0e06daf9553482e2abf6f7b03e8accfa3b39edcf7b61157c241a96cf222963bd6b0451c2fb2966244f7bc0f9bac75c8bf1906493b6ea38efb15f398610",,,"2022-03-19T14:51:00.000","30","TRAFFIC SIGNAL","FUNCTIONING PROPERLY","CLEAR","DAYLIGHT","TURNING","NOT REPORTED",,"STRAIGHT AND LEVEL","WET","NO DEFECTS","NOT ON SCENE (DESK REPORT)","NO INJURY / DRIVE AWAY","Y",,,"$501 - $1,500","2022-03-19T16:30:00.000","DISREGARDING TRAFFIC SIGNALS","UNABLE TO DETERMINE","8657","S","PULASKI RD","834","Y",,,,,,"2","NO INDICATION OF INJURY","0","0","0","0","0","2","0","14","7","3","41.734899321","-87.721293398","POINT (-87.721293398349 41.734899321134)"
"6ae0822d3a5787fe65acfe59c39b4e5c7823ec0c71f4eb2442d3fbfb33a638b89aacb2759aa4c1d98f622a7b5c30b99a8efec9db4590f0105fe8c12c128d75cc",,,"2022-03-19T14:45:00.000","10","NO CONTROLS","NO CONTROLS","OTHER","DAYLIGHT","REAR TO FRONT","PARKING LOT",,"STRAIGHT AND LEVEL","OTHER","NO DEFECTS","NOT ON SCENE (DESK REPORT)","NO INJURY / DRIVE AWAY",,,"Y","OVER $1,500","2022-03-20T13:05:00.000","NOT APPLICABLE","NOT APPLICABLE","2551","W","CERMAK RD","1034",,,,,,,"2","NO INDICATION OF INJURY","0","0","0","0","0","2","0","14","7","3","41.851868272","-87.690075121","POINT (-87.690075121295 41.851868271661)"
"c5503cb63fb036b083621cdfc8bad418b5caa28cbbdd1e7060c984c658d87d30e2a63d92ce87233dd7c845560f83822e76353becf1076358bb6636eda02d33a3",,,"2022-03-19T14:40:00.000","30","TRAFFIC SIGNAL","FUNCTIONING PROPERLY","RAIN","DAYLIGHT","TURNING","T-INTERSECTION",,"STRAIGHT AND LEVEL","WET","NO DEFECTS","NOT ON SCENE (DESK REPORT)","NO INJURY / DRIVE AWAY","Y",,,"OVER $1,500","2022-03-19T18:55:00.000","UNABLE TO DETERMINE","NOT APPLICABLE","2398","W","18TH ST","1234",,,,,,,"2","NO INDICATION OF INJURY","0","0","0","0","0","2","0","14","7","3","41.857370123","-87.68571068","POINT (-87.685710679657 41.857370122951)"
"2a82ea9b73f8087d1ac40200ec83a76aa6deccc01cd818a58b9373c52818a1696c15e73e9409d7479b84a88c233ba1c341133fca1b64b5719580159191fb9b6b",,,"2022-03-19T14:39:00.000","30","NO CONTROLS","NO CONTROLS","RAIN","DAYLIGHT","ANGLE","ONE-WAY",,"STRAIGHT AND LEVEL","WET","NO DEFECTS","ON SCENE","INJURY AND / OR TOW DUE TO CRASH",,,,"$501 - $1,500","2022-03-19T14:51:00.000","FAILING TO YIELD RIGHT-OF-WAY","UNABLE TO DETERMINE","5808","S","RUTHERFORD AVE","811",,,,,,,"2","NO INDICATION OF INJURY","0","0","0","0","0","2","0","14","7","3","41.78638477","-87.790283026","POINT (-87.79028302639 41.786384770071)"
"1029e8f4079ff8b2b958fa50de5c42ad60af6f18591c32c84da0c07a89854c8c51015a1089234dc0ce2cc882af6068d431c6a96d41aee9c781d535748637ac7a",,,"2022-03-19T14:38:00.000","30","NO CONTROLS","NO CONTROLS","RAIN","DAYLIGHT","TURNING","DIVIDED - W/MEDIAN (NOT RAISED)",,"STRAIGHT AND LEVEL","WET","NO DEFECTS","ON SCENE","INJURY AND / OR TOW DUE TO CRASH",,,,"$501 - $1,500","2022-03-19T14:51:00.000","FAILING TO YIELD RIGHT-OF-WAY","UNABLE TO DETERMINE","5638","S","CENTRAL AVE","811",,,,,,,"2","NO INDICATION OF INJURY","0","0","0","0","0","2","0","14","7","3","41.789722648","-87.762340477","POINT (-87.762340476791 41.789722647617)"
"7027c98632fdac343c506490240540c62f2b82acc15d4e00af7dabcea82e536c06d0c01d62fe5c3c45e89912d96fc5b81f496ccf435bae0ec4c6596b97bae82e",,,"2022-03-19T14:35:00.000","30","TRAFFIC SIGNAL","FUNCTIONING PROPERLY","RAIN","DAYLIGHT","TURNING","T-INTERSECTION",,"STRAIGHT AND LEVEL","WET","NO DEFECTS","ON SCENE","INJURY AND / OR TOW DUE TO CRASH","Y",,,"OVER $1,500","2022-03-19T15:04:00.000","IMPROPER TURNING/NO SIGNAL","FAILING TO YIELD RIGHT-OF-WAY","5300","S","LAKE PARK AVE","234",,,,,,,"2","NONINCAPACITATING INJURY","3","0","0","3","0","1","0","14","7","3","41.799483826","-87.587442036","POINT (-87.587442036314 41.799483825503)"
"db24dc03055e47bed1be25b8d0caa25926ab2cf9161f6797c2cd53d66b008405d9eeb56926c66dedcb04fba327372604e720a38a1b37f1b79fca9284b15e9812",,,"2022-03-19T14:35:00.000","30","TRAFFIC SIGNAL","FUNCTIONING PROPERLY","RAIN","DAYLIGHT","PEDALCYCLIST","NOT DIVIDED",,"STRAIGHT AND LEVEL","WET","NO DEFECTS","ON SCENE","INJURY AND / OR TOW DUE TO CRASH","Y",,,"$500 OR LESS","2022-03-19T14:42:00.000","FAILING TO YIELD RIGHT-OF-WAY","UNABLE TO DETERMINE","2","W","CHICAGO AVE","1832",,,,,,,"2","REPORTED, NOT EVIDENT","1","0","0","0","1","4","0","14","7","3","41.896786051","-87.628280875","POINT (-87.62828087456 41.896786050908)"
"85403fc1eee9dc4c0d1abc0c8a051782bfca96039479dc8354a606215c5e1ce8ffb613eb05d2030ae960a7639cc57b5f3f47a0986a28a5767900f954e3e24436",,,"2022-03-19T14:31:00.000","30","NO CONTROLS","NO CONTROLS","FREEZING RAIN/DRIZZLE","DAYLIGHT","TURNING","T-INTERSECTION",,"STRAIGHT AND LEVEL","WET","UNKNOWN","ON SCENE","NO INJURY / DRIVE AWAY","Y",,,"$500 OR LESS","2022-03-19T14:42:00.000","FAILING TO YIELD RIGHT-OF-WAY","FAILING TO REDUCE SPEED TO AVOID CRASH","7100","S","LAFLIN ST","734",,,,,,,"2","NO INDICATION OF INJURY","0","0","0","0","0","2","0","14","7","3","41.764884007","-87.662343821","POINT (-87.662343820823 41.764884007414)"
"2dcb7ff1b931ae497709fb2175dc1251df94b213088438675e3649a43e6345144e625ed86aab3420d4cd6d23cfee80442d6da1bc7155b7078858d73122e99381",,"Y","2022-03-19T14:30:00.000","20","NO CONTROLS","NO CONTROLS","RAIN","DAYLIGHT","SIDESWIPE SAME DIRECTION","NOT DIVIDED",,"STRAIGHT AND LEVEL","WET","NO DEFECTS","NOT ON SCENE (DESK REPORT)","NO INJURY / DRIVE AWAY",,,,"$501 - $1,500","2022-03-19T14:30:00.000","IMPROPER OVERTAKING/PASSING","UNABLE TO DETERMINE","1236","W","95TH ST","2222",,,,,,,"2","NO INDICATION OF INJURY","0","0","0","0","0","2","0","14","7","3","41.721430698","-87.654392048","POINT (-87.654392048153 41.721430697851)"
"c00f5ebd4658439c6c8b61fe72f734fb1a6ec4ed46ab5ad64da9769c210f34e7a6b62fafbc4e91d77156f3fea33f1b087be6da8745ea99e644c71327a025d8e8",,,"2022-03-19T14:30:00.000","30","TRAFFIC SIGNAL","FUNCTIONING PROPERLY","CLEAR","DAYLIGHT","SIDESWIPE SAME DIRECTION","NOT DIVIDED",,"STRAIGHT AND LEVEL","DRY","NO DEFECTS","NOT ON SCENE (DESK REPORT)","NO INJURY / DRIVE AWAY",,,,"$501 - $1,500","2022-03-19T19:16:00.000","IMPROPER OVERTAKING/PASSING","FAILING TO REDUCE SPEED TO AVOID CRASH","2400","W","18TH ST","1023",,,,,,,"2","NO INDICATION OF INJURY","0","0","0","0","0","2","0","14","7","3","41.857841893","-87.685998153","POINT (-87.685998153292 41.85784189329)"