"crash_record_id","rd_no","crash_date_est_i","crash_date","posted_speed_limit","traffic_control_device","device_condition","weather_condition","lighting_condition","first_crash_type","trafficway_type","lane_cnt","alignment","roadway_surface_cond","road_defect","report_type","crash_type","intersection_related_i","private_property_i","hit_and_run_i","damage","date_police_notified","prim_contributory_cause","sec_contributory_cause","street_no","street_direction","street_name","beat_of_occurrence","photos_taken_i","statements_taken_i","dooring_i","work_zone_i","work_zone_type","workers_present_i","num_units","most_severe_injury","injuries_total","injuries_fatal","injuries_incapacitating","injuries_non_incapacitating","injuries_reported_not_evident","injuries_no_indication","injuries_unknown","crash_hour","crash_day_of_week","crash_month","latitude","longitude","location"
"95feeed0b6c20395660f9cfefb3146ddaba90027e457eebcb1b1a943319d0133f1ded7307ea02c1da111890a189f7519baf97cb477da6dafeeedc34c563cd626",,,"2022-03-19T10:50:00.000","10","STOP SIGN/FLASHER","FUNCTIONING PROPERLY","CLOUDY/OVERCAST","DAYLIGHT","REAR TO FRONT","PARKING LOT",,"STRAIGHT AND LEVEL","WET","NO DEFECTS","NOT ON SCENE (DESK REPORT)","NO INJURY / DRIVE AWAY",,,,"$501 - $1,500","2022-03-19T10:52:00.000","IMPROPER BACKING","IMPROPER BACKING","1730","W","119TH ST","2234",,,,,,,"2","NO INDICATION OF INJURY","0","0","0","0","0","5","0","10","7","3","41.677584119","-87.664902636","POINT (-87.664902636332 41.677584119445)"
"1de8a4448ed2d60ab92a2a0ddb9625da9b62535cebdd3573767aed6196fb71d200f871eef7437574657df20063be970fb7db8c8e934bfeb9ad6b41ca2fa493a2",,,"2022-03-19T10:40:00.000","35","NO CONTROLS","NO CONTROLS","RAIN","DAYLIGHT","PARKED MOTOR VEHICLE","NOT DIVIDED",,"STRAIGHT AND LEVEL","WET","NO DEFECTS","ON SCENE","INJURY AND / OR TOW DUE TO CRASH",,,,"OVER $1,500","2022-03-19T10:45:00.000","EQUIPMENT - VEHICLE CONDITION","WEATHER","5535","W","ADDISON ST","1633",,,,,,,"5","NO INDICATION OF INJURY","0","0","0","0","0","1","0","10","7","3","41.945779681","-87.765746347","POINT (-87.765746346542 41.945779680752)"
"d19ff01095458796acbfb0340e662aa658711f7945854f4f2f2c69f4b345e84965d6a793ebc16fca86205637d26012b8108987e1184cef19d4f832c776f194d0",,,"2022-03-19T10:37:00.000","30","TRAFFIC SIGNAL","FUNCTIONING PROPERLY","RAIN","DAYLIGHT","TURNING","FOUR WAY",,"STRAIGHT AND LEVEL","WET","WORN SURFACE","ON SCENE","INJURY AND / OR TOW DUE TO CRASH","Y",,,"OVER $1,500","2022-03-19T10:39:00.000","FAILING TO YIELD RIGHT-OF-WAY","UNABLE TO DETERMINE","800","W","47TH ST","925",,,,,,,"2","REPORTED, NOT EVIDENT","1","0","0","0","1","2","0","10","7","3","41.808976991","-87.645656689","POINT (-87.645656688873 41.808976990618)"
"00944fdfb169f7b18fa3645bfdd5a2cea2227aff6ba827026c8adf37f5caa875a4040015d294bceda2f92c4c120bfee538d7d2b7da782cc59a61e769c95300c7",,,"2022-03-19T10:30:00.000","30","NO CONTROLS","NO CONTROLS","RAIN","DAYLIGHT","FIXED OBJECT","DIVIDED - W/MEDIAN (NOT RAISED)",,"STRAIGHT AND LEVEL","WET","UNKNOWN","ON SCENE","INJURY AND / OR TOW DUE TO CRASH",,,,"OVER $1,500","2022-03-19T10:38:00.000","DISTRACTION - FROM INSIDE VEHICLE","NOT APPLICABLE","2749","W","LAKE ST","1222",,,,,,,"1","NO INDICATION OF INJURY","0","0","0","0","0","1","0","10","7","3","41.884161318","-87.695794366","POINT (-87.695794366396 41.884161317818)"
"491910ca6cccad0ca9ee88a69ce56595ca703287bd404c4f1183554612fd50401ee2807234893606b250e2edee1754bf9dacc36b3b1602ecc951381717e64701",,,"2022-03-19T10:30:00.000","30","NO CONTROLS","NO CONTROLS","CLEAR","DAYLIGHT","SIDESWIPE SAME DIRECTION","NOT DIVIDED",,"STRAIGHT AND LEVEL","DRY","NO DEFECTS","NOT ON SCENE (DESK REPORT)","NO INJURY / DRIVE AWAY",,,,"OVER $1,500","2022-03-19T15:40:00.000","UNABLE TO DETERMINE","NOT APPLICABLE","3055","W","BELMONT AVE","1411",,,,,,,"2","NO INDICATION OF INJURY","0","0","0","0","0","3","0","10","7","3","41.939243032","-87.704764347","POINT (-87.70476434748 41.939243032147)"
"c696bd96049276687875063b8734439e89b4fc8d42cf3bcda466408505d559b32469c2289e9e83ae0b24f00bcafacc08399a3054a778f9700681da347273b1cf",,"Y","2022-03-19T10:30:00.000","10","NO CONTROLS","NO CONTROLS","RAIN","DAYLIGHT","PARKED MOTOR VEHICLE","PARKING LOT",,"STRAIGHT AND LEVEL","WET","NO DEFECTS","NOT ON SCENE (DESK REPORT)","NO INJURY / DRIVE AWAY",,,,"$501 - $1,500","2022-03-19T19:30:00.000","UNABLE TO DETERMINE","UNABLE TO DETERMINE","5841","S","MARYLAND AVE","235",,,,,,,"2","NO INDICATION OF INJURY","0","0","0","0","0","1","0","10","7","3","41.788311258","-87.604769836","POINT (-87.604769835881 41.788311258411)"
"76e6044ee535efe2c1fcf4b91383851073f670343f9b92ceba55f9119322c04653ed20de5dd95aa41da09a4fe5a66e375ebe9ad0480fc6974f6a355689b5a04d",,,"2022-03-19T10:21:00.000","30","TRAFFIC SIGNAL","FUNCTIONING PROPERLY","RAIN","DAYLIGHT","ANGLE","FOUR WAY",,"STRAIGHT AND LEVEL","WET","NO DEFECTS","NOT ON SCENE (DESK REPORT)","NO INJURY / DRIVE AWAY","Y",,,"OVER $1,500","2022-03-19T11:00:00.000","DISREGARDING TRAFFIC SIGNALS","DISREGARDING TRAFFIC SIGNALS","6500","S","COTTAGE GROVE AVE","321",,,,,,,"2","NO INDICATION OF INJURY","0","0","0","0","0","4","0","10","7","3","41.776684615","-87.605993579","POINT (-87.60599357891 41.776684614718)"
"ce2805d1e5e3e5eda55dbfbcdf7a78d3f056bc15e405b94ad768408fc726c72e229a2d84b2e42ca2ae56259c08cfcd08e8494478c4e023fde7f4ea34e01d40b5",,,"2022-03-19T10:20:00.000","30","NO CONTROLS","UNKNOWN","CLEAR","DAYLIGHT","ANGLE","NOT DIVIDED",,"STRAIGHT AND LEVEL","WET","NO DEFECTS","NOT ON SCENE (DESK REPORT)","NO INJURY / DRIVE AWAY",,,,"OVER $1,500","2022-03-19T11:06:00.000","NOT APPLICABLE","NOT APPLICABLE","4408","N","SACRAMENTO AVE","1724",,,,,,,"2","NO INDICATION OF INJURY","0","0","0","0","0","2","0","10","7","3","41.961534449","-87.7035134","POINT (-87.703513399968 41.961534448859)"
"ecc7e2da8bed63af620441edecfb7a396a0e7ea0cc40d4317aab9fe942ec60c1adf2282345917ee49401754695a7fab5b319823b8edff0da9ce464b066d5699c",,,"2022-03-19T10:20:00.000","35","NO CONTROLS","FUNCTIONING IMPROPERLY","RAIN","DAWN","PARKED MOTOR VEHICLE","DIVIDED - W/MEDIAN (NOT RAISED)",,"STRAIGHT AND LEVEL","WET","NO DEFECTS","ON SCENE","INJURY AND / OR TOW DUE TO CRASH",,,,"OVER $1,500","2022-03-19T10:22:00.000","PHYSICAL CONDITION OF DRIVER","NOT APPLICABLE","10620","S","WESTERN AVE","2211",,,,,,,"6","NONINCAPACITATING INJURY","1","0","0","1","0","0","0","10","7","3","41.700244947","-87.681571323","POINT (-87.681571322802 41.700244947125)"
"9cdfd9207afcf9148cd991ec9dec954fc19ead8e0c328f7d3e028a1b85a63dd99749aea59df6b104220104fc943963df98ed232e66f7e03fcedcd83a33cefb62",,"Y","2022-03-19T10:15:00.000","30","NO CONTROLS","NO CONTROLS","CLOUDY/OVERCAST","DAYLIGHT","TURNING","PARKING LOT",,"STRAIGHT AND LEVEL","WET","NO DEFECTS","ON SCENE","NO INJURY / DRIVE AWAY",,,,"OVER $1,500","2022-03-19T10:17:00.000","FAILING TO YIELD RIGHT-OF-WAY","UNABLE TO DETERMINE","11520","S","MARSHFIELD AVE","2234",,,,,,,"2","NO INDICATION OF INJURY","0","0","0","0","0","3","0","10","7","3","41.684144082","-87.662839238","POINT (-87.662839238183 41.68414408237)"
"acb80f6d3f8c31bfcc55e42d2b6e5a27af4387f50f10f60aab4df01a3641c21bbe426e685bed8dd02ccad77d99050b3e0d7d877e6a2b697b274f372771245570",,,"2022-03-19T10:10:00.000","30","TRAFFIC SIGNAL","FUNCTIONING PROPERLY","CLEAR","DAYLIGHT","TURNING","NOT DIVIDED",,"STRAIGHT AND LEVEL","WET","NO DEFECTS","ON SCENE","NO INJURY / DRIVE AWAY","Y",,,"OVER $1,500","2022-03-19T10:13:00.000","FAILING TO YIELD RIGHT-OF-WAY","IMPROPER TURNING/NO SIGNAL","2400","N","CENTRAL PARK AVE","2524",,,,,,,"2","NO INDICATION OF INJURY","0","0","0","0","0","2","0","10","7","3","41.924692154","-87.717142911","POINT (-87.717142910619 41.924692154013)"
"e32b341f059a19ae8ae21f2d1df0ebe6cfb2baa18d0fc809c3ea0e1f33494e447bc8c9ecf85e5c8c11bc91854081d8a148229951ab3f7216080d6d0393b78f3a",,,"2022-03-19T10:00:00.000","25","DELINEATORS","FUNCTIONING PROPERLY","RAIN","DAYLIGHT","SIDESWIPE SAME DIRECTION","DIVIDED - W/MEDIAN BARRIER",,"CURVE, LEVEL","WET","NO DEFECTS","ON SCENE","INJURY AND / OR TOW DUE TO CRASH",,,,"OVER $1,500","2022-03-19T10:01:00.000","WEATHER","DRIVING SKILLS/KNOWLEDGE/EXPERIENCE","1001","N","LAKE SHORE DR NB","1824",,,,,,,"2","NO INDICATION OF INJURY","0","0","0","0","0","2","0","10","7","3","41.901165416","-87.619582306","POINT (-87.619582305888 41.901165415908)"
"ffa571d398c8d385d04cb46705f26afbeec9b490530d1d855862ccbdeba652dcf96cdf515f0ad5c4bc6871954529e48d3bfd036e8d9de3dfba417a16693816ce",,"Y","2022-03-19T10:00:00.000","20","NO CONTROLS","NO CONTROLS","CLEAR","DAYLIGHT","PARKED MOTOR VEHICLE","NOT DIVIDED",,"STRAIGHT AND LEVEL","DRY","NO DEFECTS","ON SCENE","NO INJURY / DRIVE AWAY",,"Y","Y","OVER $1,500","2022-03-21T07:00:00.000","UNABLE TO DETERMINE","UNABLE TO DETERMINE","3306","W","MONROE ST","1124",,"Y",,,,,"2","NO INDICATION OF INJURY","0","0","0","0","0","1","0","10","7","3","41.879729896","-87.708808879","POINT (-87.708808879184 41.879729896417)"
"561093ed4a6d39b858b0c08ecfd9dd495d44e6c04bd7a7df2a51d12b8b7ddda52f38557c900651cb1873d4380fbf7d6244a0d97b14dd643bd9d131336acbab66",,,"2022-03-19T09:55:00.000","30","NO CONTROLS","NO CONTROLS","RAIN","DAYLIGHT","FIXED OBJECT","NOT DIVIDED",,"STRAIGHT AND LEVEL","WET","NO DEFECTS","ON SCENE","INJURY AND / OR TOW DUE TO CRASH",,,,"OVER $1,500","2022-03-19T10:00:00.000","IMPROPER LANE USAGE","DRIVING SKILLS/KNOWLEDGE/EXPERIENCE","1837","E","75TH ST","414",,,,,,,"1","NONINCAPACITATING INJURY","2","0","0","2","0","0","0","9","7","3","41.758727003","-87.57968998","POINT (-87.579689979979 41.758727003083)"
"907459238233579f9870103f066f0ea9fdb19bfbdab30b8bab0589c429fbe77e6ded7d58b2d1ad542b891c5ca7fcabd2ec83d136ad840082e13cb163d6a336c0",,,"2022-03-19T09:55:00.000","30","NO CONTROLS","NO CONTROLS","CLOUDY/OVERCAST","DAYLIGHT","TURNING","ALLEY",,"STRAIGHT AND LEVEL","DRY","NO DEFECTS",,"NO INJURY / DRIVE AWAY",,,,"OVER $1,500","2022-03-19T10:18:00.000","UNABLE TO DETERMINE","NOT APPLICABLE","2399","W","POLK ST","1225",,,,,,,"2","NO INDICATION OF INJURY","0","0","0","0","0","2","0","9","7","3","41.871219755","-87.686105226","POINT (-87.686105226109 41.871219754775)"
"e8a8a5adea7ee401e86fbd9ff183cd7e6e39737ed9745a760de7e6961a616114792abe2ee0a4170dff12b79baf73a98b508d36d6d4bd0ca2a60588cb2cc15410",,,"2022-03-19T09:55:00.000","30","NO CONTROLS","NO CONTROLS","RAIN","DAYLIGHT","SIDESWIPE SAME DIRECTION","DIVIDED - W/MEDIAN (NOT RAISED)",,"STRAIGHT AND LEVEL","WET","NO DEFECTS","ON SCENE","NO INJURY / DRIVE AWAY",,,,"OVER $1,500","2022-03-19T09:57:00.000","IMPROPER TURNING/NO SIGNAL","UNABLE TO DETERMINE","5635","W","BELMONT AVE","2514",,,,,,,"2","NO INDICATION OF INJURY","0","0","0","0","0","2","0","9","7","3","41.938447822","-87.767927049","POINT (-87.767927048618 41.938447821635)"
"4b09c7b43358e666b49ef9133d4132cdedde759b1dc4f6596662ca9b1fbeb79848652e2d40439b88b39b8db9167502edb935b4c7924ae232f5d009822c652d4a",,"N","2022-03-19T09:45:00.000","30","TRAFFIC SIGNAL","FUNCTIONING PROPERLY","CLEAR","DAYLIGHT","TURNING","OTHER",,"STRAIGHT AND LEVEL","WET","NO DEFECTS","NOT ON SCENE (DESK REPORT)","NO INJURY / DRIVE AWAY","Y",,,"$501 - $1,500","2022-03-19T10:05:00.000","DRIVING SKILLS/KNOWLEDGE/EXPERIENCE","UNABLE TO DETERMINE","161","W","CERMAK RD","914",,,,,,,"2","NO INDICATION OF INJURY","0","0","0","0","0","4","0","9","7","3","41.85274622","-87.631749785","POINT (-87.631749784656 41.852746219724)"
"cd11fca77446548f3162c4097e1d1b25042a1ac720230500137af91657feb2a92e9d2446c3a114c138dc8e8082281b7929ef8605ad1bfee43b0b3a2accb07d54",,,"2022-03-19T09:33:00.000","20","UNKNOWN","FUNCTIONING PROPERLY","RAIN","DAYLIGHT","SIDESWIPE SAME DIRECTION","DIVIDED - W/MEDIAN (NOT RAISED)",,"STRAIGHT AND LEVEL","WET","NO DEFECTS","ON SCENE","NO INJURY / DRIVE AWAY",,,,"$500 OR LESS","2022-03-19T09:41:00.000","IMPROPER OVERTAKING/PASSING","NOT APPLICABLE","7998","S","DR MARTIN LUTHER KING JR DR","623",,,,,,,"2","NO INDICATION OF INJURY","0","0","0","0","0","2","0","9","7","3","41.749379868","-87.615069232","POINT (-87.615069232001 41.749379867916)"
"0e304d1039f052fa9ad4928c9476c1294061f48d1d8e5153c705b98d7dca3ca9cd88382835648a89084ba052541142a0a5dbdb5bcf4df0a4722051a188741799",,,"2022-03-19T09:30:00.000","30","NO CONTROLS","NO CONTROLS","RAIN","DAYLIGHT","SIDESWIPE SAME DIRECTION","FOUR WAY",,"STRAIGHT AND LEVEL","WET","NO DEFECTS","ON SCENE","NO INJURY / DRIVE AWAY",,,"Y","$501 - $1,500","2022-03-19T09:31:00.000","IMPROPER LANE USAGE","NOT APPLICABLE","6199","N","MILWAUKEE AVE","1611",,,,,,,"2","NO INDICATION OF INJURY","0","0","0","0","0","2","0","9","7","3","41.993782022","-87.78430121","POINT (-87.78430121016 41.993782021995)"
"e9529074e40c8e17e27c71ea0619cea2b3cf15df9d7cb50c53a9f66050c05970c043f52158726761ae6804096e08d9e7e4ae8ed6a0e0b8db157d10288b34b1a6",,,"2022-03-19T09:30:00.000","30","TRAFFIC SIGNAL","FUNCTIONING PROPERLY","RAIN","DAYLIGHT","TURNING","FOUR WAY",,"STRAIGHT AND LEVEL","WET","NO DEFECTS","ON SCENE","INJURY AND / OR TOW DUE TO CRASH","Y",,,"OVER $1,500","2022-03-19T09:40:00.000","PASSING STOPPED SCHOOL BUS","FAILING TO REDUCE SPEED TO AVOID CRASH","1000","N","KEDZIE AVE","1121",,,,,,,"2","NO INDICATION OF INJURY","0","0","0","0","0","2","0","9","7","3","41.899239552","-87.706822984","POINT (-87.706822984456 41.899239551518)"
"f135911ad2fece8d03ba2b8ffc46f6e6fa9310a18fda8ec7319d22ac2fd3e3bb509af6f4abdcd9dda0fb3c9f87cc91f8823038779bfe8c52a3440dafef8a5ecd",,,"2022-03-19T09:24:00.000","30","UNKNOWN","UNKNOWN","FREEZING RAIN/DRIZZLE","DAYLIGHT","ANGLE","ALLEY",,"STRAIGHT AND LEVEL","WET","NO DEFECTS","ON SCENE","NO INJURY / DRIVE AWAY",,,,"OVER $1,500","2022-03-19T09:24:00.000","FAILING TO YIELD RIGHT-OF-WAY","NOT APPLICABLE","117","E","47TH ST","224",,,,,,,"2","NO INDICATION OF INJURY","0","0","0","0","0","3","0","9","7","3","41.809189854","-87.622021041","POINT (-87.6220210406 41.809189854122)"
"299b59d9390eedd5e3e8be2689b0c9cb38634d2d0766a8e52e0163b2f6beb1eb57bfae8ba3fddd350b7a488068c0c00a59bc8b3130cf2766684e033e8c763bf3",,,"2022-03-19T09:20:00.000","20","STOP SIGN/FLASHER","FUNCTIONING PROPERLY","CLOUDY/OVERCAST","DAYLIGHT","REAR TO FRONT","ONE-WAY",,"STRAIGHT AND LEVEL","DRY","UNKNOWN","ON SCENE","NO INJURY / DRIVE AWAY",,,"Y","OVER $1,500","2022-03-19T09:23:00.000","OPERATING VEHICLE IN ERRATIC, RECKLESS, CARELESS, NEGLIGENT OR AGGRESSIVE MANNER","IMPROPER BACKING","2101","N","MASON AVE","2515",,,,,,,"2","NO INDICATION OF INJURY","0","0","0","0","0","1","0","9","7","3","41.918050554","-87.774155779","POINT (-87.774155778719 41.918050554325)"
"37c2512ad88f5987fec6aa4b7b70ebc24250ca08399e16812779c9b262a2b76a09a4ea863907ad71694587b1eeea275d3b7dec55127e68cb69e4a8640f84a562",,,"2022-03-19T09:15:00.000","30","TRAFFIC SIGNAL","FUNCTIONING PROPERLY","CLOUDY/OVERCAST","DAYLIGHT","TURNING","NOT DIVIDED",,"STRAIGHT AND LEVEL","DRY","UNKNOWN","ON SCENE","INJURY AND / OR TOW DUE TO CRASH","Y",,"Y","OVER $1,500","2022-03-19T09:27:00.000","FAILING TO YIELD RIGHT-OF-WAY","FAILING TO REDUCE SPEED TO AVOID CRASH","6000","W","FULLERTON AVE","2512",,,,,,,"2","REPORTED, NOT EVIDENT","1","0","0","0","1","1","0","9","7","3","41.923935335","-87.775779562","POINT (-87.775779561919 41.923935335172)"
"6c9cad337441530bc00dca8c09affdb4b2ad7e6f0e4f3e14ea5ecfbec6966555b1d56326fc1ceeb550c164c9c42017f2e52568726e498c6b1e9c6a415f4744f3",,,"2022-03-19T09:00:00.000","30","TRAFFIC SIGNAL","FUNCTIONING PROPERLY","RAIN","DAYLIGHT","TURNING","DIVIDED - W/MEDIAN BARRIER",,"STRAIGHT AND LEVEL","WET","NO DEFECTS","NOT ON SCENE (DESK REPORT)","NO INJURY / DRIVE AWAY",,,,"$500 OR LESS","2022-03-19T09:30:00.000","FOLLOWING TOO CLOSELY","WEATHER","1200","E","103RD ST","511",,,,,,,"2","NO INDICATION OF INJURY","0","0","0","0","0","4","0","9","7","3","41.707740014","-87.594141282","POINT (-87.594141281998 41.707740014125)"
"948b80adf30a5ce6a793c2cc0974b72f7b325104e5858cb946cb9ae630258d302ada0e482d894f07be8636d35a05bf9de12c0d7a1c3030ded13fb566bad19dbe",,,"2022-03-19T09:00:00.000","30","TRAFFIC SIGNAL","FUNCTIONING PROPERLY","RAIN","DAYLIGHT","TURNING","NOT DIVIDED",,"STRAIGHT AND LEVEL","WET","NO DEFECTS","NOT ON SCENE (DESK REPORT)","NO INJURY / DRIVE AWAY","Y",,,"OVER $1,500","2022-03-19T17:45:00.000","FAILING TO YIELD RIGHT-OF-WAY","FOLLOWING TOO CLOSELY","2000","N","PULASKI RD","2525",,,,,,,"2","NO INDICATION OF INJURY","0","0","0","0","0","2","0","9","7","3","41.917207369","-87.726708262","POINT (-87.726708262295 41.91720736863)"
"c49175cc493e62630ab3df366dcc804e6b986e251331f9537ed06c7ab30a41e214d81ed70f9ed0a287f3e13e033a2d115fd5c381949bc9302bf3a050b6b29f4b",,,"2022-03-19T09:00:00.000","35","NO CONTROLS","NO CONTROLS","CLEAR","DAYLIGHT","PARKED MOTOR VEHICLE","ONE-WAY",,"STRAIGHT AND LEVEL","DRY","NO DEFECTS","NOT ON SCENE (DESK REPORT)","NO INJURY / DRIVE AWAY",,,"Y","OVER $1,500","2022-03-20T19:50:00.000","UNABLE TO DETERMINE","NOT APPLICABLE","6400","S","TRIPP AVE","813",,,,,,,"2","NO INDICATION OF INJURY","0","0","0","0","0","1","0","9","7","3","41.776671974","-87.728960302","POINT (-87.72896030203 41.776671973669)"
"d850f3d4a25a8fa5ced34727d36ede6d920a944dab687687d58d2a078015ff92239b71dee0811366d4c5ba59ff78d79f97360dcf6ab10632c2357b0553af7007",,,"2022-03-19T09:00:00.000","25","UNKNOWN","UNKNOWN","UNKNOWN","UNKNOWN","PARKED MOTOR VEHICLE","NOT DIVIDED",,"STRAIGHT AND LEVEL","UNKNOWN","UNKNOWN","NOT ON SCENE (DESK REPORT)","NO INJURY / DRIVE AWAY",,,"Y","OVER $1,500","2022-03-19T10:50:00.000","UNABLE TO DETERMINE","UNABLE TO DETERMINE","1337","W","BRYN MAWR AVE","2013",,,,,,,"2","NO INDICATION OF INJURY","0","0","0","0","0","1","0","9","7","3","41.983451605","-87.664098666","POINT (-87.664098666197 41.98345160529)"
"c324a553a7504cd4fe4205bc00c777786e1fc224b8ca25bfac234b5f8095f0af09e89ee609dd8724e2f8cd1fcb0b990c5aff923347ef1f7156b8c8534b68d65c",,"N","2022-03-19T08:40:00.000","30","NO CONTROLS","NO CONTROLS","RAIN","DAYLIGHT","PARKED MOTOR VEHICLE","ONE-WAY",,"STRAIGHT AND LEVEL","WET","NO DEFECTS","ON SCENE","NO INJURY / DRIVE AWAY",,,"Y","OVER $1,500","2022-03-19T08:47:00.000","UNABLE TO DETERMINE","NOT APPLICABLE","5835","N","ARTESIAN AVE","2011",,,,,,,"2","NO INDICATION OF INJURY","0","0","0","0","0","1","0","8","7","3","41.987857834","-87.690655351","POINT (-87.690655350875 41.987857833873)"
"924df7d7fb972933383feee6363df42c1a0106b6d220ee81f19c6a838f4c4a49e1b6276a2e6e22740bccd1c3020b98184bacdf2103c397d7069da4d9b247ebc5",,,"2022-03-19T08:36:00.000","30","STOP SIGN/FLASHER","FUNCTIONING PROPERLY","RAIN","DAYLIGHT","TURNING","DIVIDED - W/MEDIAN (NOT RAISED)",,"STRAIGHT AND LEVEL","WET","UNKNOWN","ON SCENE","INJURY AND / OR TOW DUE TO CRASH","Y",,,"OVER $1,500","2022-03-19T08:37:00.000","UNABLE TO DETERMINE","UNABLE TO DETERMINE","5529","S","PULASKI RD","822",,,,,,,"2","NONINCAPACITATING INJURY","3","0","0","3","0","0","0","8","7","3","41.79233004","-87.72298623","POINT (-87.722986230219 41.792330039883)"
"d10792e34ae428a2626dcfc5088b7465281a4672066fe6b75919eafe25661bcef446afdeb846903b844a93477db09ee5dee30265481d3594a700541befc709fd",,,"2022-03-19T08:35:00.000","15","NO CONTROLS","NO CONTROLS","RAIN","DAYLIGHT","TURNING","ONE-WAY",,"STRAIGHT AND LEVEL","WET","NO DEFECTS","ON SCENE","INJURY AND / OR TOW DUE TO CRASH",,,,"OVER $1,500","2022-03-19T08:38:00.000","FAILING TO YIELD RIGHT-OF-WAY","VISION OBSCURED (SIGNS, TREE LIMBS, BUILDINGS, ETC.)","3845","W","BELDEN AVE","2525",,,,,,,"3","NO INDICATION OF INJURY","0","0","0","0","0","2","0","8","7","3","41.922581169","-87.723660737","POINT (-87.723660736807 41.922581168944)"
"a4b5bb612c8fbb42f793f4c6c7aee328fd0209b0e451ecab516ed6223de014c8415c2017a1a640b30e9650f2dac228260b02a2d15eabb0820850cfa038d8193f",,,"2022-03-19T08:30:00.000","30","NO CONTROLS","NO CONTROLS","RAIN","DAYLIGHT","PARKED MOTOR VEHICLE","NOT DIVIDED",,"STRAIGHT AND LEVEL","WET","NO DEFECTS","ON SCENE","INJURY AND / OR TOW DUE TO CRASH",,,,"OVER $1,500","2022-03-19T08:40:00.000","IMPROPER LANE USAGE","NOT APPLICABLE","11142","S","BELL AVE","2212",,,,,,,"2","NO INDICATION OF INJURY","0","0","0","0","0","1","0","8","7","3","41.690486679","-87.677471178","POINT (-87.677471177866 41.690486678503)"
"42396beefa9a21a49a97053d9ec7fc93de3d144b4eefac85695da30734ca98eb0b1b2cd47ea50fe766fd3a7584c32ad83d870951207aab6bfb8de25a24b58bf0",,,"2022-03-19T08:25:00.000","30","STOP SIGN/FLASHER","FUNCTIONING PROPERLY","RAIN","DAYLIGHT","FIXED OBJECT","NOT DIVIDED",,"STRAIGHT AND LEVEL","WET","UNKNOWN","ON SCENE","INJURY AND / OR TOW DUE TO CRASH",,,,"OVER $1,500","2022-03-19T08:29:00.000","WEATHER","EQUIPMENT - VEHICLE CONDITION","10900","S","MICHIGAN AVE","513",,,,,,,"1","NO INDICATION OF INJURY","0","0","0","0","0","1","0","8","7","3","41.69616302","-87.620948187","POINT (-87.620948186529 41.696163019788)"
"d09f019c066851a6a72d6a1674ad8250273f395892d8933933ed910bc68ccb78c97054c6f00eb36edb42010ce32320c6df81ee3dc7ddfa6a0f10262bc8e46707",,,"2022-03-19T08:20:00.000","30","NO CONTROLS","NO CONTROLS","RAIN","DAYLIGHT","ANGLE","NOT DIVIDED",,"STRAIGHT AND LEVEL","WET","NO DEFECTS","ON SCENE","INJURY AND / OR TOW DUE TO CRASH",,,,"OVER $1,500","2022-03-19T08:24:00.000","UNABLE TO DETERMINE","UNABLE TO DETERMINE","6503","N","NORTHWEST HWY","1611",,,,,,,"2","NO INDICATION OF INJURY","0","0","0","0","0","2","0","8","7","3","41.999100372","-87.810064793","POINT (-87.810064792642 41.999100371903)"
"842c172c855645df8e6f4a9acd21e03afdc58f48e69bbbc88c3bd1f9cf7aecadd29239fdedb91cf8e7c2d480703f0e289a1625400f596feb2252312bee306ff4",,,"2022-03-19T08:15:00.000","30","NO CONTROLS","NO CONTROLS","RAIN","DAYLIGHT","SIDESWIPE SAME DIRECTION","NOT DIVIDED",,"STRAIGHT AND LEVEL","WET","NO DEFECTS","ON SCENE","NO INJURY / DRIVE AWAY",,,,"OVER $1,500","2022-03-19T09:10:00.000","DRIVING SKILLS/KNOWLEDGE/EXPERIENCE","UNABLE TO DETERMINE","1756","W","LAWRENCE AVE","2032",,,,,,,"2","NO INDICATION OF INJURY","0","0","0","0","0","2","0","8","7","3","41.968942942","-87.673230293","POINT (-87.673230292628 41.968942942327)"
"4a44288b9e3333a86c3eee9a88709d4b394d7bc3a136302acc395af248b662ea8f29748a6ba50ad1c056441f4170bd621c57a1a60c03db63205e11ddad6bbbd5",,,"2022-03-19T08:00:00.000","30","TRAFFIC SIGNAL","FUNCTIONING PROPERLY","RAIN","DAYLIGHT","REAR END","NOT DIVIDED",,"STRAIGHT AND LEVEL","WET","UNKNOWN","NOT ON SCENE (DESK REPORT)","INJURY AND / OR TOW DUE TO CRASH","Y",,,"OVER $1,500","2022-03-19T09:00:00.000","DRIVING SKILLS/KNOWLEDGE/EXPERIENCE","DRIVING SKILLS/KNOWLEDGE/EXPERIENCE","7458","S","JEFFERY BLVD","333",,,,,,,"2","NO INDICATION OF INJURY","0","0","0","0","0","2","0","8","7","3","41.758896748","-87.576289033","POINT (-87.576289032556 41.758896747619)"