"crash_record_id","rd_no","crash_date_est_i","crash_date","posted_speed_limit","traffic_control_device","device_condition","weather_condition","lighting_condition","first_crash_type","trafficway_type","lane_cnt","alignment","roadway_surface_cond","road_defect","report_type","crash_type","intersection_related_i","private_property_i","hit_and_run_i","damage","date_police_notified","prim_contributory_cause","sec_contributory_cause","street_no","street_direction","street_name","beat_of_occurrence","photos_taken_i","statements_taken_i","dooring_i","work_zone_i","work_zone_type","workers_present_i","num_units","most_severe_injury","injuries_total","injuries_fatal","injuries_incapacitating","injuries_non_incapacitating","injuries_reported_not_evident","injuries_no_indication","injuries_unknown","crash_hour","crash_day_of_week","crash_month","latitude","longitude","location"
"ac0213a4954595a7915c41729bd72de06434fd1078c130ae909a1094cd8697b52879d378abf68b5983854c55df5352c2851089616c53b7b043add7da8274e493",,,"2022-03-19T07:10:00.000","30","STOP SIGN/FLASHER","FUNCTIONING PROPERLY","CLEAR","DAYLIGHT","PARKED MOTOR VEHICLE","DIVIDED - W/MEDIAN (NOT RAISED)",,"STRAIGHT AND LEVEL","DRY","NO DEFECTS","NOT ON SCENE (DESK REPORT)","NO INJURY / DRIVE AWAY",,,"Y","OVER $1,500","2022-03-20T15:25:00.000","UNABLE TO DETERMINE","DRIVING SKILLS/KNOWLEDGE/EXPERIENCE","9200","S","COLFAX AVE","423",,,,,,,"2","NO INDICATION OF INJURY","0","0","0","0","0","1","0","7","7","3","41.72803366","-87.561016588","POINT (-87.561016587502 41.728033659688)"
"0badd52c9998fc72f965984fecd19c16ea701a5c4c13da5501a3b647a1c93fcf96db2182e901769eabe5bdff5a21539a2bd8b8b701574e449dcffb97cd321fdf",,,"2022-03-19T06:30:00.000","30","NO CONTROLS","NO CONTROLS","RAIN","DAYLIGHT","PARKED MOTOR VEHICLE","ONE-WAY",,"STRAIGHT AND LEVEL","WET","NO DEFECTS","NOT ON SCENE (DESK REPORT)","NO INJURY / DRIVE AWAY",,,"Y","OVER $1,500","2022-03-19T15:50:00.000","UNABLE TO DETERMINE","UNABLE TO DETERMINE","3800","W","60TH ST","822",,,,,,,"2","NO INDICATION OF INJURY","0","0","0","0","0","1","0","6","7","3","41.784300519","-87.718132983","POINT (-87.718132983043 41.784300518971)"
"e01c61604ac99047f3c15d9a0e561a7eb88fbc5f8f3305e6d3626ee01fe3e853593cc25cba977f60e8450d1189c6e6cc6bf3b62d58d5ecb207776d35045b12ce",,,"2022-03-19T06:15:00.000","30","TRAFFIC SIGNAL","UNKNOWN","RAIN","UNKNOWN","REAR END","NOT DIVIDED",,"STRAIGHT AND LEVEL","WET","UNKNOWN","NOT ON SCENE (DESK REPORT)","NO INJURY / DRIVE AWAY",,,,"$501 - $1,500","2022-03-19T07:00:00.000","WEATHER","NOT APPLICABLE","4711","S","ARCHER AVE","821",,,,,,,"3","NO INDICATION OF INJURY","0","0","0","0","0","3","0","6","7","3","41.807665718","-87.714484935","POINT (-87.714484935022 41.807665718339)"
"2cb5f4d8de0466b042728f114112278f3a554c3cb5a0eebad45028ad4064740c4a8cf5565edab74510c35e811545ea2488b0a395367ed962910b8bca62f3275e",,,"2022-03-19T06:12:00.000","30","STOP SIGN/FLASHER","NO CONTROLS","RAIN","DAYLIGHT","TURNING","NOT DIVIDED",,"STRAIGHT AND LEVEL","WET","NO DEFECTS","ON SCENE","NO INJURY / DRIVE AWAY","Y",,"Y","OVER $1,500","2022-03-19T08:30:00.000","FOLLOWING TOO CLOSELY","DRIVING SKILLS/KNOWLEDGE/EXPERIENCE","1434","E","76TH ST","411",,,,,,,"2","NO INDICATION OF INJURY","0","0","0","0","0","2","0","6","7","3","41.757025832","-87.589395925","POINT (-87.589395924719 41.757025831787)"
"03ac490d19416e82aeb5f101f41e94daa51caace46b28dde367787031e4524e8deeec91c16b860b78fe1befbe4a01fa8a7a2ac8b2a3dbc997e435cb978eef541",,"Y","2022-03-19T05:20:00.000","10","NO CONTROLS","NO CONTROLS","RAIN","UNKNOWN","PARKED MOTOR VEHICLE","ALLEY",,"STRAIGHT AND LEVEL","WET","UNKNOWN","NOT ON SCENE (DESK REPORT)","NO INJURY / DRIVE AWAY",,,"Y","OVER $1,500","2022-03-19T07:00:00.000","UNABLE TO DETERMINE","UNABLE TO DETERMINE","2313","W","WARREN BLVD","1223",,,,,,,"2","NO INDICATION OF INJURY","0","0","0","0","0","1","0","5","7","3","41.881997649","-87.684564201","POINT (-87.684564201131 41.881997649281)"
"26b8ecd7b74ffe9c20d123f4efc1d37e232606c5fea474aab7cdd829b691a23e39a3d92bb0aa27f86cef0ae68720fd82f3a13b8fb26ebb7f7676c54ca2f6d8bc",,,"2022-03-19T05:17:00.000","30","NO CONTROLS","NO CONTROLS","RAIN","DARKNESS, LIGHTED ROAD","TURNING","NOT DIVIDED",,"STRAIGHT AND LEVEL","WET","UNKNOWN","ON SCENE","INJURY AND / OR TOW DUE TO CRASH",,,,"OVER $1,500","2022-03-19T05:18:00.000","IMPROPER TURNING/NO SIGNAL","NOT APPLICABLE","3241","S","KEDZIE AVE","1033",,,,,,,"2","NO INDICATION OF INJURY","0","0","0","0","0","2","0","5","7","3","41.834073681","-87.704587493","POINT (-87.704587492822 41.834073680513)"
"a0a48beadae34e9955e658b6f9f2fc8b79418850917083f2240e42fd56d8b44007e511b923e54e18027178cfa4060f53aa94ad625132854f6365410adba26cb0",,,"2022-03-19T05:10:00.000","45","NO CONTROLS","NO CONTROLS","RAIN","DARKNESS, LIGHTED ROAD","OTHER OBJECT","ONE-WAY",,"CURVE, LEVEL","WET","NO DEFECTS","NOT ON SCENE (DESK REPORT)","INJURY AND / OR TOW DUE TO CRASH",,,,"$501 - $1,500","2022-03-19T07:05:00.000","DISREGARDING ROAD MARKINGS","NOT APPLICABLE","999","N","LAKE SHORE DR SB","1833",,,,,,,"1","NONINCAPACITATING INJURY","1","0","0","1","0","0","0","5","7","3","41.900947667","-87.619335176","POINT (-87.619335175935 41.900947667149)"
"3799695da1284ee75f4a9398ed64a6af87726c926fed02e1604547fc47a398f90cf83d8f89b1045e978086b38df793d962888a76af084d080bcaef5d3ed220c4",,,"2022-03-19T05:00:00.000","20","NO CONTROLS","NO CONTROLS","CLEAR","DAYLIGHT","PARKED MOTOR VEHICLE","NOT DIVIDED",,"STRAIGHT AND LEVEL","DRY","NO DEFECTS","NOT ON SCENE (DESK REPORT)","NO INJURY / DRIVE AWAY",,,"Y","OVER $1,500","2022-03-19T05:00:00.000","OPERATING VEHICLE IN ERRATIC, RECKLESS, CARELESS, NEGLIGENT OR AGGRESSIVE MANNER","NOT APPLICABLE","5307","S","HYDE PARK BLVD","234",,,,,,,"2","NO INDICATION OF INJURY","0","0","0","0","0","1","0","5","7","3","41.799364914","-87.583903249","POINT (-87.583903248775 41.799364913941)"
"b011639f3ecc9df90a846e42012013a8d1f0a7221c49cb9ca2e707bd5e37446778a03a15a7ee84a188725ce2a643f46fefe26a6e3062b6c2720c93abf87cbe95",,,"2022-03-19T04:30:00.000","30","NO CONTROLS","NO CONTROLS","RAIN","DARKNESS, LIGHTED ROAD","REAR END","DIVIDED - W/MEDIAN BARRIER",,"CURVE, LEVEL","WET","NO DEFECTS","NOT ON SCENE (DESK REPORT)","NO INJURY / DRIVE AWAY",,,"Y","OVER $1,500","2022-03-19T05:00:00.000","UNABLE TO DETERMINE","NOT APPLICABLE","1000","N","LAKE SHORE DR SB","1824",,,,,,,"2","NO INDICATION OF INJURY","0","0","0","0","0","2","0","4","7","3","41.900958919","-87.619928174","POINT (-87.619928173678 41.900958919109)"
"bcf50e708251d0ad312a85d501c76393d4df7707a2fb2547efb4fc06a1cb0a13334aa8949c44a49766e03dc5feab3f4c30e2274edd255e90b154ae73a2614d80",,,"2022-03-19T04:30:00.000","30","NO CONTROLS","NO CONTROLS","RAIN","DARKNESS, LIGHTED ROAD","PARKED MOTOR VEHICLE","NOT DIVIDED",,"STRAIGHT AND LEVEL","WET","NO DEFECTS","NOT ON SCENE (DESK REPORT)","INJURY AND / OR TOW DUE TO CRASH",,,"Y","OVER $1,500","2022-03-19T04:35:00.000","FAILING TO REDUCE SPEED TO AVOID CRASH","UNABLE TO DETERMINE","11210","S","KEDZIE AVE","2211",,,,,,,"2","NO INDICATION OF INJURY","0","0","0","0","0","1","0","4","7","3","41.689390209","-87.700889505","POINT (-87.700889505408 41.689390208854)"
"11364d4b8f9b5eea3d29d59c1195aa4c41ab583c7138b1044b8543fd3d3c063b347cf2f98a01cbeb20f3103db179c6e207d5d8ef3bafc90495fb8660e9d025a1",,,"2022-03-19T04:17:00.000","30","TRAFFIC SIGNAL","FUNCTIONING PROPERLY","RAIN","DARKNESS, LIGHTED ROAD","TURNING","NOT DIVIDED",,"STRAIGHT AND LEVEL","WET","NO DEFECTS","ON SCENE","INJURY AND / OR TOW DUE TO CRASH","Y",,,"OVER $1,500","2022-03-19T04:17:00.000","DISREGARDING TRAFFIC SIGNALS","FAILING TO REDUCE SPEED TO AVOID CRASH","3100","S","WESTERN AVE","911",,,,,,,"2","NONINCAPACITATING INJURY","3","0","0","3","0","0","0","4","7","3","41.8377949","-87.685148751","POINT (-87.685148751027 41.837794899723)"
"45b740b8423c7e539161454c3fa718f4b92ee6dc8134c746e24fa32451c6463a69e8071b084a3e2f8fc0e1deff11f2d9a65117ca45d7394d24c662adf1eba6b7",,,"2022-03-19T04:00:00.000","30","TRAFFIC SIGNAL","UNKNOWN","UNKNOWN","DARKNESS, LIGHTED ROAD","REAR END","NOT DIVIDED",,"STRAIGHT AND LEVEL","UNKNOWN","UNKNOWN","NOT ON SCENE (DESK REPORT)","NO INJURY / DRIVE AWAY","Y",,,"OVER $1,500","2022-03-19T04:30:00.000","UNABLE TO DETERMINE","NOT APPLICABLE","6500","S","COTTAGE GROVE AVE","321",,,,,,,"2","NO INDICATION OF INJURY","0","0","0","0","0","2","0","4","7","3","41.776684615","-87.605993579","POINT (-87.60599357891 41.776684614718)"
"cd2d9225d1f3361b49f2f15f33927edd69876d980cd17c0e68617739696314d2a3f409fa0e8eae2c02eb1c1a5aef024b9b873f909d92a1ebc8c9c15e5dbc45cd",,"N","2022-03-19T03:53:00.000","30","UNKNOWN","UNKNOWN","RAIN","DARKNESS, LIGHTED ROAD","REAR END","NOT DIVIDED",,"STRAIGHT AND LEVEL","WET","NO DEFECTS","ON SCENE","NO INJURY / DRIVE AWAY",,,,"$501 - $1,500","2022-03-19T03:56:00.000","UNABLE TO DETERMINE","NOT APPLICABLE","4800","W","CHICAGO AVE","1531",,,,,,,"2","NO INDICATION OF INJURY","0","0","0","0","0","2","0","3","7","3","41.895112219","-87.745932427","POINT (-87.745932427015 41.895112218578)"
"ad735fc5411aab6d4b23090781abbf834dc1f05ce7078fb839d4e13b98897ddb806b5aa6b24fb703cccce23d5231ab79e50ca6f8dff5f9de8cd47e4ae08ffebc",,,"2022-03-19T03:50:00.000","30","TRAFFIC SIGNAL","FUNCTIONING PROPERLY","CLEAR","DARKNESS, LIGHTED ROAD","ANGLE","ONE-WAY",,"STRAIGHT AND LEVEL","DRY","NO DEFECTS","NOT ON SCENE (DESK REPORT)","NO INJURY / DRIVE AWAY",,,,"$501 - $1,500","2022-03-19T20:48:00.000","DISREGARDING TRAFFIC SIGNALS","FAILING TO REDUCE SPEED TO AVOID CRASH","99","W","OHIO ST","1831",,,,,,,"2","NO INDICATION OF INJURY","0","0","0","0","0","2","0","3","7","3","41.892318421","-87.631070653","POINT (-87.631070653192 41.892318420842)"
"de567e2e9fa9c6506a0db02aeee6a3ef5c8f8a6df8732fb67638afb75f3cd86c931d34731daf9df713f84275b020483332d0936ab6a7d89ed950fcf1ffee2ae8",,,"2022-03-19T03:45:00.000","30","SCHOOL ZONE","NO CONTROLS","RAIN","DARKNESS, LIGHTED ROAD","FIXED OBJECT","NOT DIVIDED",,"STRAIGHT AND LEVEL","WET","NO DEFECTS","NOT ON SCENE (DESK REPORT)","INJURY AND / OR TOW DUE TO CRASH",,,"Y","OVER $1,500","2022-03-19T03:47:00.000","UNABLE TO DETERMINE","UNABLE TO DETERMINE","248","N","CENTRAL AVE","1512",,,,,,,"1","NO INDICATION OF INJURY","0","0","0","0","0","2","0","3","7","3","41.885642279","-87.765202216","POINT (-87.765202216468 41.885642279393)"
"f348bb770167955a421c8b6f4de8ae0b2ed2613fd918d18ee9728a2f3ea1c888878b3b80a58e9cee53af61bd042d97b9ca06fda0d60fe48e8a25db3b3432f1b8",,,"2022-03-19T03:39:00.000","30","OTHER WARNING SIGN","OTHER","RAIN","DARKNESS, LIGHTED ROAD","FIXED OBJECT","DIVIDED - W/MEDIAN BARRIER",,"CURVE, LEVEL","WET","NO DEFECTS","ON SCENE","INJURY AND / OR TOW DUE TO CRASH",,,,"OVER $1,500","2022-03-19T03:39:00.000","PHYSICAL CONDITION OF DRIVER","UNABLE TO DETERMINE","7750","N","SHERIDAN RD","2422",,,,,,,"2","NO INDICATION OF INJURY","0","0","0","0","0","1","0","3","7","3","42.022580345","-87.666555355","POINT (-87.666555354848 42.022580345275)"
"9cccc9fc0357e0c3921ec3534879443a5fc31e69761b6363796ea152381913f0d5c4a46db78aa4143882f63cc5d587dd21111cadbd830e0b5f254ce589f78f8b",,,"2022-03-19T03:35:00.000","30","STOP SIGN/FLASHER","FUNCTIONING PROPERLY","UNKNOWN","DARKNESS, LIGHTED ROAD","PARKED MOTOR VEHICLE","NOT DIVIDED",,"STRAIGHT AND LEVEL","UNKNOWN","UNKNOWN","NOT ON SCENE (DESK REPORT)","NO INJURY / DRIVE AWAY",,,"Y","OVER $1,500","2022-03-21T09:05:00.000","DISREGARDING STOP SIGN","DISREGARDING STOP SIGN","5000","N","CLARK ST","2032",,,,,,,"2","NO INDICATION OF INJURY","0","0","0","0","0","1","0","3","7","3","41.972571788","-87.668066815","POINT (-87.66806681542 41.972571787681)"
"10671505c9692a5a6ed1eb1ba56db8ab533e77b496a61a257a90a3425474c621344af4a2db84bacda6d6d862711688f8164fb387c41bc858d4ccfd2496d0b38f",,,"2022-03-19T03:30:00.000","25","NO CONTROLS","NO CONTROLS","RAIN","DARKNESS, LIGHTED ROAD","SIDESWIPE SAME DIRECTION","DIVIDED - W/MEDIAN BARRIER",,"CURVE, LEVEL","WET","NO DEFECTS","ON SCENE","INJURY AND / OR TOW DUE TO CRASH",,,,"OVER $1,500","2022-03-19T03:35:00.000","UNABLE TO DETERMINE","WEATHER","920","N","LAKE SHORE DR SB","1833",,,,,,,"2","INCAPACITATING INJURY","1","0","1","0","0","1","0","3","7","3","41.899872554","-87.619080336","POINT (-87.61908033561 41.899872553571)"
"8ea7c785e94b7df6616393bcb3ca02af52dc281af498a361dfdb2ec593d3d081462dc1cbd46f6c95f0a33b9a1d6fda46eb5d6db9eebde0cdbb17049f84552126",,"Y","2022-03-19T03:15:00.000","30","NO CONTROLS","NO CONTROLS","RAIN","DUSK","PARKED MOTOR VEHICLE","NOT DIVIDED",,"STRAIGHT AND LEVEL","WET","NO DEFECTS","ON SCENE","INJURY AND / OR TOW DUE TO CRASH",,,,"$501 - $1,500","2022-03-19T03:16:00.000","WEATHER","DISTRACTION - FROM INSIDE VEHICLE","845","E","76TH ST","624",,,,,,,"2","NO INDICATION OF INJURY","0","0","0","0","0","1","0","3","7","3","41.756669082","-87.603535863","POINT (-87.603535862826 41.756669082277)"
"374fbb1abda5a8d9bad4b4fb67720633007c7d416f7cc4a22dc267a0e86501d3b654d2a0db42c198bfa6b78fd78abb1166837b5289931ca0c38b35bed1c53191",,,"2022-03-19T03:13:00.000","30","TRAFFIC SIGNAL","FUNCTIONING PROPERLY","RAIN","DARKNESS, LIGHTED ROAD","TURNING","FOUR WAY",,"STRAIGHT AND LEVEL","WET","NO DEFECTS","ON SCENE","NO INJURY / DRIVE AWAY","Y",,,"OVER $1,500","2022-03-19T03:42:00.000","IMPROPER TURNING/NO SIGNAL","FAILING TO YIELD RIGHT-OF-WAY","653","N","STATE ST","1834",,,,,,,"2","NO INDICATION OF INJURY","0","0","0","0","0","3","0","3","7","3","41.894035812","-87.62798619","POINT (-87.627986189795 41.894035812211)"
"00740d8e95c27702dc0c3c1a080b2f1b3941151d5f686755978ba3d1e878dab637daff7fbd426d12423d9344054c89491ed2fd7cd12dfa807587c857871add2f",,,"2022-03-19T03:05:00.000","30","NO CONTROLS","NO CONTROLS","CLEAR","DARKNESS, LIGHTED ROAD","PARKED MOTOR VEHICLE","NOT DIVIDED",,"STRAIGHT AND LEVEL","DRY","NO DEFECTS","ON SCENE","INJURY AND / OR TOW DUE TO CRASH",,,,"$501 - $1,500","2022-03-19T03:05:00.000","UNDER THE INFLUENCE OF ALCOHOL/DRUGS (USE WHEN ARREST IS EFFECTED)","OPERATING VEHICLE IN ERRATIC, RECKLESS, CARELESS, NEGLIGENT OR AGGRESSIVE MANNER","4414","N","CLARK ST","1912",,"Y",,,,,"3","NO INDICATION OF INJURY","0","0","0","0","0","2","0","3","7","3","41.96210325","-87.666207452","POINT (-87.666207452167 41.962103250056)"
"e78f4ccdaa9c8132b9cd39196d72e270bd3e1e0d7b326d20205840f2eae68583fa335c22fddb3b6a2e90d746b3af7879924c5e5b0d78389201a38ed455067634",,,"2022-03-19T03:00:00.000","30","NO CONTROLS","NO CONTROLS","CLEAR","DARKNESS, LIGHTED ROAD","PARKED MOTOR VEHICLE","NOT DIVIDED",,"STRAIGHT AND LEVEL","WET","NO DEFECTS","ON SCENE","NO INJURY / DRIVE AWAY",,,"Y","OVER $1,500","2022-03-19T03:24:00.000","UNABLE TO DETERMINE","UNABLE TO DETERMINE","2531","W","DIVISION ST","1211",,,,,,,"2","NO INDICATION OF INJURY","0","0","0","0","0","1","0","3","7","3","41.902871116","-87.690781643","POINT (-87.690781643497 41.902871116187)"
"64ad05589960de2195d111c2bf70ed8921a3c63a2fdc74df46227a304697ec46f008f2dbbff44bd006cd1896bb28a23d551514cb285b2a73a8f9cd7f252a907c",,,"2022-03-19T02:55:00.000","30","TRAFFIC SIGNAL","FUNCTIONING PROPERLY","RAIN","DARKNESS, LIGHTED ROAD","FIXED OBJECT","FOUR WAY",,"STRAIGHT AND LEVEL","WET","NO DEFECTS","ON SCENE","INJURY AND / OR TOW DUE TO CRASH","Y",,"Y","OVER $1,500","2022-03-19T03:16:00.000","NOT APPLICABLE","NOT APPLICABLE","201","N","OGDEN AVE","1215",,,,,,,"1","NO INDICATION OF INJURY","0","0","0","0","0","1","0","2","7","3","41.885828447","-87.662299389","POINT (-87.662299389219 41.885828446802)"
"b9d8c3c17d8df1ddf5993a27ff73a3680c2ce4fa1bdafac84fa7ebfd821ab6694c2d73f0f9fe4fca1e07241c370fd2dfd54e6948e3c46b76ddcd85f7196fed80",,,"2022-03-19T02:54:00.000","30","TRAFFIC SIGNAL","FUNCTIONING PROPERLY","RAIN","DARKNESS, LIGHTED ROAD","REAR END","FOUR WAY",,"STRAIGHT AND LEVEL","WET","UNKNOWN","ON SCENE","NO INJURY / DRIVE AWAY",,,,"$501 - $1,500","2022-03-19T02:54:00.000","WEATHER","NOT APPLICABLE","1599","W","VAN BUREN ST","1231",,,,,,,"2","NO INDICATION OF INJURY","0","0","0","0","0","2","0","2","7","3","41.876241099","-87.666623446","POINT (-87.666623445803 41.876241099101)"
"98a0e8f70bcaf21c56c13739a97d4929698a84bf1712996025bede14033af6695e97222974f7b936ed06b24a52835a197e2035406cfb331bedd7c3e834db9019",,"Y","2022-03-19T02:42:00.000","30","TRAFFIC SIGNAL","FUNCTIONING PROPERLY","RAIN","DARKNESS, LIGHTED ROAD","REAR END","T-INTERSECTION",,"STRAIGHT AND LEVEL","WET","NO DEFECTS","ON SCENE","INJURY AND / OR TOW DUE TO CRASH",,,"Y","OVER $1,500","2022-03-19T02:43:00.000","UNABLE TO DETERMINE","UNABLE TO DETERMINE","1400","E","67TH ST","321",,,,,,,"2","NO INDICATION OF INJURY","0","0","0","0","0","3","0","2","7","3","41.773390859","-87.591566672","POINT (-87.591566672222 41.773390859307)"
"af42bfe464dff3d6e80071ebd6514dc730df2ea77ad2146ba99ce5021723a6678fa2293ab714c46b23d56d40c1caefe8eb18575d3a4fd9dbc177488af99c7f1e",,"Y","2022-03-19T02:34:00.000","30","TRAFFIC SIGNAL","FUNCTIONING PROPERLY","RAIN","DARKNESS, LIGHTED ROAD","REAR END","FOUR WAY",,"STRAIGHT AND LEVEL","WET","NO DEFECTS","ON SCENE","NO INJURY / DRIVE AWAY",,,,"$500 OR LESS","2022-03-19T02:34:00.000","FOLLOWING TOO CLOSELY","WEATHER","9500","S","LEAVITT ST","2213",,,,,,,"2","NO INDICATION OF INJURY","0","0","0","0","0","2","0","2","7","3","41.72091719","-87.677363475","POINT (-87.677363474566 41.72091719019)"
"9b61bf1ff47e6fe76c769a96e2c672b6cc267bc35936de39d0b5a8e929c7fabf41f688123c1f95beda78987fefbeaa3424df561c37226af53827f1527f1547cc",,,"2022-03-19T02:33:00.000","30","TRAFFIC SIGNAL","FUNCTIONING PROPERLY","RAIN","DARKNESS, LIGHTED ROAD","ANGLE","ONE-WAY",,"STRAIGHT AND LEVEL","WET","UNKNOWN","ON SCENE","INJURY AND / OR TOW DUE TO CRASH","Y",,,"OVER $1,500","2022-03-19T02:46:00.000","DISREGARDING TRAFFIC SIGNALS","WEATHER","340","W","ONTARIO ST","1831",,,,,,,"2","REPORTED, NOT EVIDENT","1","0","0","0","1","1","0","2","7","3","41.893255329","-87.637159916","POINT (-87.637159915596 41.893255328806)"
"3af0b75db9cdbf29a5d5cb5d5410bb2282e8454ffa908fd5790b17e564b2cc76f8662b5389044792799f5f94e3dc835b33a2db2850d17b12a2afffa6f8d122c1",,,"2022-03-19T02:29:00.000","30","NO CONTROLS","UNKNOWN","RAIN","DARKNESS, LIGHTED ROAD","PARKED MOTOR VEHICLE","DIVIDED - W/MEDIAN (NOT RAISED)",,"STRAIGHT AND LEVEL","WET","NO DEFECTS","ON SCENE","INJURY AND / OR TOW DUE TO CRASH",,,,"OVER $1,500","2022-03-19T02:35:00.000","UNABLE TO DETERMINE","IMPROPER LANE USAGE","5336","S","PRAIRIE AVE","231",,,,,,,"2","NO INDICATION OF INJURY","0","0","0","0","0","2","0","2","7","3","41.79729479","-87.619436619","POINT (-87.619436618712 41.797294790439)"
"6ec464d6b598bc778129b06093eeb537c2168455a72e17d60caf76aba0cec4155e55ab9ac014f7860a9e99230649f57f0dd6d45d7a9fb8bd36527942289e212a",,,"2022-03-19T02:29:00.000","15","NO CONTROLS","NO CONTROLS","RAIN","DARKNESS, LIGHTED ROAD","PARKED MOTOR VEHICLE","NOT DIVIDED",,"STRAIGHT AND LEVEL","WET","WORN SURFACE","ON SCENE","NO INJURY / DRIVE AWAY",,,"Y","OVER $1,500","2022-03-19T02:34:00.000","UNABLE TO DETERMINE","UNABLE TO DETERMINE","5842","S","TALMAN AVE","824",,,,,,,"3","NO INDICATION OF INJURY","0","0","0","0","0","1","0","2","7","3","41.787008276","-87.690097658","POINT (-87.690097657665 41.787008276347)"
"2351280dbaf8fda236fa599f0d7ac953b21ad0296067b3c24ec11fea7c006a33672c551c53e4f25ac1d26c811ec51db42137adee5b975e7e02f5687733edcf83",,,"2022-03-19T02:24:00.000","30","NO CONTROLS","NO CONTROLS","RAIN","UNKNOWN","PARKED MOTOR VEHICLE","NOT DIVIDED",,"STRAIGHT AND LEVEL","WET","UNKNOWN","ON SCENE","INJURY AND / OR TOW DUE TO CRASH",,,,"OVER $1,500","2022-03-19T02:24:00.000","UNABLE TO DETERMINE","UNABLE TO DETERMINE","620","N","HAMLIN AVE","1122",,,,,,,"4","NO INDICATION OF INJURY","0","0","0","0","0","1","0","2","7","3","41.892422585","-87.721247677","POINT (-87.721247676574 41.892422584996)"
"e5a3602c9660e94f0ccdd345a3fd60a3ac996a13ab71c385b2538e380bd41d526add5bed84aaa73aad4b85ea29266fef4703b52a4097c7e121add926a8214fab",,,"2022-03-19T02:19:00.000","30","TRAFFIC SIGNAL","FUNCTIONING PROPERLY","RAIN","DARKNESS, LIGHTED ROAD","TURNING","DIVIDED - W/MEDIAN (NOT RAISED)",,"STRAIGHT AND LEVEL","WET","NO DEFECTS","ON SCENE","NO INJURY / DRIVE AWAY","Y",,,"OVER $1,500","2022-03-19T02:19:00.000","FAILING TO YIELD RIGHT-OF-WAY","WEATHER","2232","W","111TH ST","2212",,,,,,,"2","NO INDICATION OF INJURY","0","0","0","0","0","2","0","2","7","3","41.691937639","-87.677583185","POINT (-87.677583185383 41.691937638648)"
"ac5edecb26bdf5b5c9d536fff1aabf526e676bc746e56add4f82ee028c49f7a88cebaa8d6ac6f7fb90467e660795f7f10cd37cc3deafefa98672052aff287269",,,"2022-03-19T02:08:00.000","30","TRAFFIC SIGNAL","FUNCTIONING PROPERLY","RAIN","DARKNESS, LIGHTED ROAD","FIXED OBJECT","DIVIDED - W/MEDIAN BARRIER",,"STRAIGHT AND LEVEL","WET","NO DEFECTS","ON SCENE","INJURY AND / OR TOW DUE TO CRASH",,,,"OVER $1,500","2022-03-19T02:26:00.000","UNABLE TO DETERMINE","NOT APPLICABLE","43","W","69TH ST","731",,,,,,,"1","REPORTED, NOT EVIDENT","1","0","0","0","1","0","0","2","7","3","41.769061097","-87.626701047","POINT (-87.626701046614 41.769061097295)"
"1d95f594830a121fe8f7d9da7b041f84830b4cefafd0e5b84c61230847fbf39c31adc863769f9c4c3dc398ca60b6bf42462a7c5f63de16dccfb3342ff6bdcc81",,,"2022-03-19T02:00:00.000","30","TRAFFIC SIGNAL","FUNCTIONING PROPERLY","UNKNOWN","DARKNESS, LIGHTED ROAD","TURNING","UNKNOWN INTERSECTION TYPE",,"STRAIGHT AND LEVEL","UNKNOWN","UNKNOWN","NOT ON SCENE (DESK REPORT)","NO INJURY / DRIVE AWAY","Y",,,"OVER $1,500","2022-03-19T11:30:00.000","UNABLE TO DETERMINE","UNABLE TO DETERMINE","5500","S","KEDZIE AVE","822",,,,,,,"2","NO INDICATION OF INJURY","0","0","0","0","0","2","0","2","7","3","41.793420237","-87.703697508","POINT (-87.703697508454 41.793420236756)"
"49b614a386004bcdbb9f8cb8a51b5e3adecd4126f30e7148d5f0a71a78ce88c2e3064408f30196f07341bdab754bf9e42f41efc7511ec36fe68c14d0f9c71a6c",,,"2022-03-19T02:00:00.000","20","NO CONTROLS","NO CONTROLS","UNKNOWN","DARKNESS","PARKED MOTOR VEHICLE","PARKING LOT",,"STRAIGHT AND LEVEL","UNKNOWN","UNKNOWN","NOT ON SCENE (DESK REPORT)","NO INJURY / DRIVE AWAY",,,"Y","OVER $1,500","2022-03-19T10:40:00.000","IMPROPER BACKING","IMPROPER BACKING","7124","N","CLARK ST","2424",,,,,,,"2","NO INDICATION OF INJURY","0","0","0","0","0","1","0","2","7","3","42.012194146","-87.674716061","POINT (-87.67471606126 42.012194145952)"