"crash_record_id","rd_no","crash_date_est_i","crash_date","posted_speed_limit","traffic_control_device","device_condition","weather_condition","lighting_condition","first_crash_type","trafficway_type","lane_cnt","alignment","roadway_surface_cond","road_defect","report_type","crash_type","intersection_related_i","private_property_i","hit_and_run_i","damage","date_police_notified","prim_contributory_cause","sec_contributory_cause","street_no","street_direction","street_name","beat_of_occurrence","photos_taken_i","statements_taken_i","dooring_i","work_zone_i","work_zone_type","workers_present_i","num_units","most_severe_injury","injuries_total","injuries_fatal","injuries_incapacitating","injuries_non_incapacitating","injuries_reported_not_evident","injuries_no_indication","injuries_unknown","crash_hour","crash_day_of_week","crash_month","latitude","longitude","location"
"550be8ef9338074b6b2dcb74250ff7c470fc3510da64bfb2c105b58fa652abc94c4926967725411b614507f83378ddb885ccf6dac7e71dfcc7711fd3605aa784",,,"2022-03-19T02:00:00.000","30","TRAFFIC SIGNAL","FUNCTIONING PROPERLY","RAIN","DARKNESS, LIGHTED ROAD","ANGLE","FOUR WAY",,"STRAIGHT AND LEVEL","WET","UNKNOWN","ON SCENE","INJURY AND / OR TOW DUE TO CRASH","Y",,"Y","OVER $1,500","2022-03-19T02:52:00.000","DISREGARDING TRAFFIC SIGNALS","UNABLE TO DETERMINE","3200","W","59TH ST","822",,,,,,,"2","NO INDICATION OF INJURY","0","0","0","0","0","2","0","2","7","3","41.786357319","-87.703412386","POINT (-87.70341238607 41.786357318651)"
"8aed75efc76d354bda8443450643404d7299cc9b376bb66489686478f03d421b3a53198515c9c9e0edd975d31d68e81e1d4a7c473f3bb64dad67a2bcdc5d1f28",,"Y","2022-03-19T02:00:00.000","15","NO CONTROLS","NO CONTROLS","CLEAR","DARKNESS, LIGHTED ROAD","FIXED OBJECT","ALLEY",,"STRAIGHT AND LEVEL","UNKNOWN","NO DEFECTS","ON SCENE","NO INJURY / DRIVE AWAY",,,"Y","OVER $1,500","2022-03-21T01:18:00.000","UNABLE TO DETERMINE","UNABLE TO DETERMINE","7310","S","CLAREMONT AVE","835",,,,,,,"1","NO INDICATION OF INJURY","0","0","0","0","0","1","0","2","7","3","41.760693967","-87.681959053","POINT (-87.681959052626 41.760693966701)"
"9b7c4aba4466f9f9a1baf6db2fece4006404b17234dc82dbcb652c9fe568f35ce377db3b45a5c63ec73dc3f8aae74128f7133e90bef8eebc4362488092b415bb",,,"2022-03-19T02:00:00.000","30","NO CONTROLS","NO CONTROLS","CLEAR","DARKNESS, LIGHTED ROAD","SIDESWIPE SAME DIRECTION","NOT DIVIDED",,"STRAIGHT AND LEVEL","DRY","NO DEFECTS","NOT ON SCENE (DESK REPORT)","NO INJURY / DRIVE AWAY",,,,"OVER $1,500","2022-03-19T13:00:00.000","IMPROPER LANE USAGE","NOT APPLICABLE","3600","S","KEDZIE AVE","911",,,,,,,"2","NO INDICATION OF INJURY","0","0","0","0","0","2","0","2","7","3","41.828035141","-87.704697732","POINT (-87.704697731614 41.828035141054)"
"6ff75585e4f39d78300331d0aa5a48a66f0eaabafddae564799ab833390c7c359a6c6d9a7f4ec07941ed9ff34f9f7fe3b4b0989e491ae11fc62fe6e4543c0b8c",,,"2022-03-19T01:48:00.000","30","TRAFFIC SIGNAL","FUNCTIONING PROPERLY","CLEAR","DARKNESS, LIGHTED ROAD","SIDESWIPE SAME DIRECTION","NOT DIVIDED",,"STRAIGHT AND LEVEL","WET","NO DEFECTS","ON SCENE","NO INJURY / DRIVE AWAY",,,,"OVER $1,500","2022-03-19T01:50:00.000","IMPROPER LANE USAGE","NOT APPLICABLE","2958","W","ADDISON ST","1733",,,,,,,"2","NO INDICATION OF INJURY","0","0","0","0","0","2","0","1","7","3","41.946763167","-87.702864547","POINT (-87.702864547197 41.9467631666)"
"e679d7bc80fcc81ddbf18c9ddc8790fb38b7af84ab4b7fc51decf7032591427987cd56d8005c7f5b55da7145353661afca33b0141aa96607f59fd1f5b98a891c",,,"2022-03-19T01:48:00.000","35","UNKNOWN","FUNCTIONING PROPERLY","RAIN","DARKNESS, LIGHTED ROAD","FIXED OBJECT","DIVIDED - W/MEDIAN BARRIER",,"STRAIGHT AND LEVEL","WET","NO DEFECTS","ON SCENE","INJURY AND / OR TOW DUE TO CRASH",,,,"OVER $1,500","2022-03-19T01:49:00.000","UNABLE TO DETERMINE","NOT APPLICABLE","6920","S","STONY ISLAND AVE","332","Y","Y",,,,,"1","REPORTED, NOT EVIDENT","1","0","0","0","1","1","0","1","7","3","41.769083283","-87.586437488","POINT (-87.586437487903 41.769083283449)"
"3b84179092bd4fee6c2165a1d38c1105a01b1018a80473b050f28f3b81e2e6ea2b41fcbecd58925b9737c43af2cf87566ae2313ddd54765fe1c4c2c9fc09bfdd",,,"2022-03-19T01:33:00.000","30","NO CONTROLS","NO CONTROLS","CLEAR","DARKNESS, LIGHTED ROAD","SIDESWIPE SAME DIRECTION","NOT DIVIDED",,"STRAIGHT AND LEVEL","WET","UNKNOWN","NOT ON SCENE (DESK REPORT)","NO INJURY / DRIVE AWAY",,,"Y","OVER $1,500","2022-03-19T01:46:00.000","UNABLE TO DETERMINE","UNABLE TO DETERMINE","4258","W","CERMAK RD","1012",,,,,,,"2","NO INDICATION OF INJURY","0","0","0","0","0","2","0","1","7","3","41.851547075","-87.73202591","POINT (-87.732025909504 41.851547075077)"
"a0710f49b03173ec3e4e80c3419cf9a01c78c1e9e43ef3f52e7194c27bd48b7f6ba66e8495e18f7ad2e3e545ed3049481272b4fe91157f96afb78dc571bb9b36",,,"2022-03-19T01:30:00.000","20","NO CONTROLS","NO CONTROLS","UNKNOWN","DARKNESS, LIGHTED ROAD","SIDESWIPE SAME DIRECTION","ONE-WAY",,"STRAIGHT ON GRADE","UNKNOWN","UNKNOWN","NOT ON SCENE (DESK REPORT)","NO INJURY / DRIVE AWAY",,,"Y","OVER $1,500","2022-03-22T16:30:00.000","NOT APPLICABLE","NOT APPLICABLE","10000","W","OHARE ST","1651",,,,,,,"2","NO INDICATION OF INJURY","0","0","0","0","0","4","0","1","7","3","41.976201139","-87.905309125","POINT (-87.905309125103 41.976201139024)"
"44586ec3e828d97328183f618a57b476dc052162e367a425af57634b5b87c6d86cea130bd1c6b2e00b31927eefd16c8b863c3f38832c905f8c362b8099f78f93",,,"2022-03-19T01:12:00.000","30","POLICE/FLAGMAN","FUNCTIONING PROPERLY","RAIN","DARKNESS, LIGHTED ROAD","ANGLE","DIVIDED - W/MEDIAN (NOT RAISED)",,"STRAIGHT AND LEVEL","WET","NO DEFECTS","ON SCENE","NO INJURY / DRIVE AWAY",,,,"OVER $1,500","2022-03-19T01:12:00.000","FAILING TO YIELD RIGHT-OF-WAY","IMPROPER OVERTAKING/PASSING","8601","S","VINCENNES AVE","622",,,,,,,"2","NO INDICATION OF INJURY","0","0","0","0","0","4","0","1","7","3","41.738350861","-87.641527253","POINT (-87.641527253375 41.738350860644)"
"277ccc001d1a786e3bedc81a42df7128d4de2a4870dba99e26a15ac3f41eb3f6a3c39bb62b23cbd725f6179dd75dc543c252601e0705e1ea52e76f4370060be5",,,"2022-03-19T01:00:00.000","30","NO CONTROLS","NO CONTROLS","RAIN","DARKNESS, LIGHTED ROAD","FIXED OBJECT","DIVIDED - W/MEDIAN (NOT RAISED)",,"STRAIGHT ON GRADE","WET","NO DEFECTS","ON SCENE","INJURY AND / OR TOW DUE TO CRASH",,,"N","OVER $1,500","2022-03-19T01:00:00.000","UNABLE TO DETERMINE","FAILING TO REDUCE SPEED TO AVOID CRASH","4527","S","ASHLAND AVE","924",,,,,,,"1","NONINCAPACITATING INJURY","1","0","0","1","0","2","0","1","7","3","41.811407877","-87.664897397","POINT (-87.664897396971 41.811407876539)"
"5268787c50f7deab92a5d7b0c70e94ccb9a405950ec4342ad6950b6b61799eef7cba73d300f0634f1b69d87498b1f1fee871eca9c9e3a840275f2f0602788f97",,,"2022-03-19T01:00:00.000","30","NO CONTROLS","NO CONTROLS","RAIN","DAWN","REAR END","NOT DIVIDED",,"STRAIGHT AND LEVEL","WET","NO DEFECTS","NOT ON SCENE (DESK REPORT)","NO INJURY / DRIVE AWAY",,,,"OVER $1,500","2022-03-19T18:00:00.000","OPERATING VEHICLE IN ERRATIC, RECKLESS, CARELESS, NEGLIGENT OR AGGRESSIVE MANNER","OPERATING VEHICLE IN ERRATIC, RECKLESS, CARELESS, NEGLIGENT OR AGGRESSIVE MANNER","3404","N","CLARK ST","1924","Y",,,,,,"2","NO INDICATION OF INJURY","0","0","0","0","0","2","0","1","7","3","41.943646149","-87.65382314","POINT (-87.653823139982 41.943646148999)"
"65b49959c1273dcfbda67f8563100c7b1103005473dee8e5c1fc413dbca22ba9aa9a78e995ed7b5776718cdba9c08dc85551cf9a94cdefad84c6fd4f42514d48",,,"2022-03-19T01:00:00.000","30","UNKNOWN","UNKNOWN","UNKNOWN","DARKNESS, LIGHTED ROAD","PARKED MOTOR VEHICLE","NOT DIVIDED",,"STRAIGHT AND LEVEL","UNKNOWN","UNKNOWN","NOT ON SCENE (DESK REPORT)","NO INJURY / DRIVE AWAY",,,"Y","OVER $1,500","2022-03-21T18:50:00.000","UNABLE TO DETERMINE","NOT APPLICABLE","2552","N","ASHLAND AVE","1931",,,,,,,"2","NO INDICATION OF INJURY","0","0","0","0","0","1","0","1","7","3","41.928514173","-87.668408425","POINT (-87.668408424635 41.928514172833)"
"e358b4e91fe7874e64d21378f26a98c8c300d9bff3d0a31622eabbb025b7e8ae261ebf3148951546ff5fc2a86acba6d78887eab1cc3bf39e456dc9d5e14f5dbf",,,"2022-03-19T01:00:00.000","25","NO CONTROLS","NO CONTROLS","CLEAR","DARKNESS","OTHER OBJECT","DIVIDED - W/MEDIAN (NOT RAISED)",,"STRAIGHT AND LEVEL","WET","DEBRIS ON ROADWAY","NOT ON SCENE (DESK REPORT)","NO INJURY / DRIVE AWAY",,,,"OVER $1,500","2022-03-19T11:15:00.000","UNABLE TO DETERMINE","UNABLE TO DETERMINE","3757","W","DEVON AVE","1711",,,,,,,"1","NO INDICATION OF INJURY","0","0","0","0","0","1","0","1","7","3","41.997148457","-87.723868415","POINT (-87.72386841494 41.99714845719)"
"01eb58511fa38149a3278d1c3d5b6559b99f824cd1ed2910458258e9ebe4fd674436e3ab6f80e9fb5c5fa7a098b78cb8e4677d7bfd2d2a118f5bdffd88f5c712",,"Y","2022-03-19T00:56:00.000","30","NO CONTROLS","NO CONTROLS","CLEAR","DARKNESS, LIGHTED ROAD","FIXED OBJECT","NOT DIVIDED",,"STRAIGHT ON GRADE","WET","NO DEFECTS","ON SCENE","NO INJURY / DRIVE AWAY",,"Y","Y","OVER $1,500","2022-03-19T00:56:00.000","UNABLE TO DETERMINE","NOT APPLICABLE","4734","S","JUSTINE ST","933",,,,,,,"1","NO INDICATION OF INJURY","0","0","0","0","0","4","0","0","7","3","41.807606349","-87.663874917","POINT (-87.663874917338 41.807606349484)"
"9086b228a53221b76fa65bd9f54bda2cc866adef37620ac2fea2d52ca84a10bf379ec1ffa19416746bb78ca61eda6424dfa7542edcafb1c932c6813cff554e2d",,,"2022-03-19T00:50:00.000","30","NO CONTROLS","NO CONTROLS","UNKNOWN","DARKNESS, LIGHTED ROAD","PARKED MOTOR VEHICLE","DIVIDED - W/MEDIAN (NOT RAISED)",,"STRAIGHT AND LEVEL","UNKNOWN","NO DEFECTS","ON SCENE","NO INJURY / DRIVE AWAY",,,"Y","OVER $1,500","2022-03-19T00:55:00.000","UNABLE TO DETERMINE","UNABLE TO DETERMINE","6243","S","CALIFORNIA AVE","825",,,,,,,"4","NO INDICATION OF INJURY","0","0","0","0","0","1","0","0","7","3","41.77966143","-87.693262941","POINT (-87.693262940731 41.779661429923)"
"7fe413e2a913ff2206b0c1fbbcb4f82f44c24cca87328c5edd99ac9f08c36cf30f7d3fa1c2761b8a47449fb5b8e9a345f92ddb75042105dc81ccc37316bce4db",,,"2022-03-19T00:40:00.000","30","NO CONTROLS","NO CONTROLS","RAIN","DARKNESS, LIGHTED ROAD","OTHER OBJECT","DIVIDED - W/MEDIAN (NOT RAISED)",,"STRAIGHT AND LEVEL","WET","NO DEFECTS",,"INJURY AND / OR TOW DUE TO CRASH",,,,"OVER $1,500","2022-03-19T00:42:00.000","UNABLE TO DETERMINE","NOT APPLICABLE","1915","N","HARLEM AVE","2513",,,,,,,"1","NO INDICATION OF INJURY","0","0","0","0","0","2","0","0","7","3","41.914852129","-87.805817446","POINT (-87.805817445773 41.914852129341)"
"f5691effe232226f3b07ace2dbd65076284265083a1a5661b0443cc63d196be2bfbe1bebf33edfb069d23775d2a059e9d7ba5ba0e2d7001a7005d0f9bb705edb",,,"2022-03-19T00:30:00.000","30","NO CONTROLS","NO CONTROLS","RAIN","DARKNESS, LIGHTED ROAD","FIXED OBJECT","ONE-WAY",,"STRAIGHT AND LEVEL","WET","NO DEFECTS","NOT ON SCENE (DESK REPORT)","NO INJURY / DRIVE AWAY","Y",,,"OVER $1,500","2022-03-19T00:44:00.000","IMPROPER LANE USAGE","UNABLE TO DETERMINE","422","N","RUSH ST","1834",,,,,,,"1","NO INDICATION OF INJURY","0","0","0","0","0","1","0","0","7","3","41.890077306","-87.6254512","POINT (-87.625451199767 41.890077305575)"
"0f59681aee9baed6c128bfa7de7f8993013274a04308417e9302716be3244a8fcfef835e0ed19b97fd559521eb04407ddb2d262385d36723c1bb7d4ac3993401",,,"2022-03-19T00:29:00.000","30","NO CONTROLS","NO CONTROLS","RAIN","DARKNESS, LIGHTED ROAD","TURNING","NOT DIVIDED",,"STRAIGHT ON GRADE","WET","NO DEFECTS","ON SCENE","INJURY AND / OR TOW DUE TO CRASH","Y",,,"OVER $1,500","2022-03-19T00:32:00.000","UNABLE TO DETERMINE","UNABLE TO DETERMINE","233","E","115TH ST","532",,,,,,,"2","NO INDICATION OF INJURY","0","0","0","0","0","2","0","0","7","3","41.685276064","-87.616737191","POINT (-87.616737190643 41.685276063951)"
"b4e101b307f9c4650e6236fc64394e616d2e436833de4fbdc3304fc72acf95c6a9dce1a452722bd0dae1d06f4461fe8cb8cec1aef15d0ad701e8aeed710d854a",,,"2022-03-19T00:13:00.000","30","NO CONTROLS","NO CONTROLS","RAIN","DARKNESS, LIGHTED ROAD","REAR TO FRONT","ONE-WAY",,"STRAIGHT AND LEVEL","WET","NO DEFECTS","NOT ON SCENE (DESK REPORT)","NO INJURY / DRIVE AWAY",,,"Y","OVER $1,500","2022-03-19T01:10:00.000","IMPROPER BACKING","NOT APPLICABLE","418","W","BARRY AVE","1934",,,,,,,"2","NO INDICATION OF INJURY","0","0","0","0","0","2","0","0","7","3","41.937834853","-87.640223054","POINT (-87.640223053862 41.937834853398)"
"7bb36fbfe2d407c96ae423c7fee7ed75976435bd872a2dea134c87b8a8af9f366d6407fd0bc99e84f6321169d130e26cba5c880d480fb9b8c9e9a4dae5ac0b18",,,"2022-03-19T00:10:00.000","30","TRAFFIC SIGNAL","FUNCTIONING PROPERLY","RAIN","DARKNESS, LIGHTED ROAD","TURNING","NOT DIVIDED",,"STRAIGHT AND LEVEL","WET","NO DEFECTS","NOT ON SCENE (DESK REPORT)","NO INJURY / DRIVE AWAY",,,"Y","$501 - $1,500","2022-03-19T01:00:00.000","UNABLE TO DETERMINE","UNABLE TO DETERMINE","1600","W","ARMITAGE AVE","1432",,,,,,,"2","NO INDICATION OF INJURY","0","0","0","0","0","2","0","0","7","3","41.918042046","-87.66799618","POINT (-87.667996179817 41.918042045647)"
"1d9ac8a41d463b49cffe806e6ba7f57ad28a402b8d96bb532777d9b4a260d6ba942c2d5635f14b1d45ff5582875e860fafe34bd8ffd904e7efaf04a0143db319",,,"2022-03-19T00:02:00.000","30","TRAFFIC SIGNAL","FUNCTIONING PROPERLY","RAIN","DARKNESS, LIGHTED ROAD","PEDESTRIAN","NOT DIVIDED",,"STRAIGHT ON GRADE","WET","UNKNOWN","ON SCENE","INJURY AND / OR TOW DUE TO CRASH","Y",,,"$500 OR LESS","2022-03-19T00:14:00.000","FAILING TO YIELD RIGHT-OF-WAY","WEATHER","400","N","STATE ST","1831",,,,,,,"2","REPORTED, NOT EVIDENT","1","0","0","0","1","1","0","0","7","3","41.889318711","-87.628152668","POINT (-87.6281526679 41.889318711059)"
"d624f31a306096f1a7e5e5585285dde7ed46a17f09e7df680a63316890926f8625b9983207aba1fe9f9d1b776d7b63960f87ed08ce87a657b114d664732a230d",,"Y","2022-03-18T23:53:00.000","30","NO CONTROLS","NO CONTROLS","RAIN","DARKNESS, LIGHTED ROAD","FIXED OBJECT","NOT DIVIDED",,"STRAIGHT AND LEVEL","WET","NO DEFECTS","ON SCENE","INJURY AND / OR TOW DUE TO CRASH",,,"Y","OVER $1,500","2022-03-18T23:53:00.000","UNABLE TO DETERMINE","NOT APPLICABLE","1221","S","KOSTNER AVE","1011",,,,,,,"1","NO INDICATION OF INJURY","0","0","0","0","0","1","0","23","6","3","41.865376782","-87.734798173","POINT (-87.734798173277 41.865376782024)"
"e8c9e3e1f53dae9a7e597d29d033c6bec72cdeb4f031293a132675944ab5261d06fd7a232756f66bac94ff48367a619f0403c9d65127dd057f5d6ff39f78416b",,,"2022-03-18T23:51:00.000","30","NO CONTROLS","NO CONTROLS","CLEAR","DARKNESS, LIGHTED ROAD","PARKED MOTOR VEHICLE","NOT DIVIDED",,"STRAIGHT AND LEVEL","WET","NO DEFECTS","ON SCENE","INJURY AND / OR TOW DUE TO CRASH",,,"Y","OVER $1,500","2022-03-18T23:58:00.000","FAILING TO REDUCE SPEED TO AVOID CRASH","NOT APPLICABLE","5802","S","PAYNE DR","233",,,,,,,"2","NO INDICATION OF INJURY","0","0","0","0","0","1","0","23","6","3","41.789388717","-87.607854317","POINT (-87.607854316697 41.789388716702)"
"888e624624a4ff550b6d8c8120591f0b73362ca46e31fa02db3200aa10473dc665a6e3c838f39b48404916b40e19deeedf92d3d653e482428894208f262b5339",,,"2022-03-18T23:47:00.000","30","TRAFFIC SIGNAL","FUNCTIONING PROPERLY","RAIN","DARKNESS, LIGHTED ROAD","TURNING","NOT DIVIDED",,"STRAIGHT AND LEVEL","WET","NO DEFECTS","NOT ON SCENE (DESK REPORT)","NO INJURY / DRIVE AWAY","Y",,,"OVER $1,500","2022-03-19T00:05:00.000","IMPROPER TURNING/NO SIGNAL","NOT APPLICABLE","200","E","CERMAK RD","132",,,,,,,"2","NO INDICATION OF INJURY","0","0","0","0","0","2","0","23","6","3","41.852997833","-87.622194479","POINT (-87.622194479362 41.852997832724)"
"899ff1af68aaed90f2c3151deca0724219a988ffecb8d401769218c86381413cad38c17fab01375496725dda9d3e963d4f67eb5e30226a3484d749b4b2c232ed",,,"2022-03-18T23:44:00.000","30","NO CONTROLS","NO CONTROLS","RAIN","DARKNESS, LIGHTED ROAD","PARKED MOTOR VEHICLE","ONE-WAY",,"STRAIGHT AND LEVEL","WET","NO DEFECTS","ON SCENE","INJURY AND / OR TOW DUE TO CRASH",,,,"OVER $1,500","2022-03-18T23:44:00.000","PHYSICAL CONDITION OF DRIVER","PHYSICAL CONDITION OF DRIVER","3411","W","24TH ST","1024",,,,,,,"4","FATAL","1","1","0","0","0","1","0","23","6","3","41.847960743","-87.710532839","POINT (-87.710532839261 41.847960743438)"
"307c9c5a2cab6348e22112bd6e250f687b958bf4518440b94f9c2f0be681c22bed1b26213c92db46feb658fa0206066b10398c41f1d2bd0522d99ddaf5865f97",,,"2022-03-18T23:30:00.000","30","TRAFFIC SIGNAL","FUNCTIONING PROPERLY","RAIN","DARKNESS","ANGLE","UNKNOWN INTERSECTION TYPE",,"STRAIGHT AND LEVEL","WET","NO DEFECTS","NOT ON SCENE (DESK REPORT)","NO INJURY / DRIVE AWAY","Y",,,"OVER $1,500","2022-03-21T20:20:00.000","DISREGARDING TRAFFIC SIGNALS","FAILING TO YIELD RIGHT-OF-WAY","3900","S","LA SALLE ST","213",,,,,,,"2","NO INDICATION OF INJURY","0","0","0","0","0","3","0","23","6","3","41.823642335","-87.629787316","POINT (-87.629787316104 41.823642334896)"
"6e4a5675c7793ecba6ec6ccc641ef57feae56d1c421b0a0ac29730d2b981a6acc003881d56dbbf40726e45be462017e3a6502913cfc3c0e3dedc19f83621065d",,,"2022-03-18T23:30:00.000","15","NO CONTROLS","NO CONTROLS","RAIN","DARKNESS, LIGHTED ROAD","REAR TO FRONT","OTHER",,"STRAIGHT AND LEVEL","WET","UNKNOWN","NOT ON SCENE (DESK REPORT)","NO INJURY / DRIVE AWAY",,"N","Y","$501 - $1,500","2022-03-19T01:45:00.000","UNABLE TO DETERMINE","UNABLE TO DETERMINE","3548","N","KOSTNER AVE","1731",,,,,,,"2","NO INDICATION OF INJURY","0","0","0","0","0","2","0","23","6","3","41.94587259","-87.737367067","POINT (-87.737367067213 41.945872589776)"
"939376e41ccd4f9b44911f2df9548b33cad91ea0305dcfb5c04854a9bed523ad5b57ef248c48b605d3501eece062367be3d94ead46c1a4d5dc5d0e5f680963fc",,,"2022-03-18T23:20:00.000","30","NO CONTROLS","NO CONTROLS","RAIN","DARKNESS, LIGHTED ROAD","SIDESWIPE SAME DIRECTION","NOT DIVIDED",,"STRAIGHT AND LEVEL","WET","NO DEFECTS","ON SCENE","NO INJURY / DRIVE AWAY",,,"Y","OVER $1,500","2022-03-18T23:20:00.000","UNABLE TO DETERMINE","UNABLE TO DETERMINE","1550","N","PULASKI RD","2534",,,,,,,"2","NO INDICATION OF INJURY","0","0","0","0","0","2","0","23","6","3","41.909663347","-87.726564918","POINT (-87.726564918322 41.909663346667)"
"dbe699ac4f50d39541092027e76b8b15474083af3187b25a77dfcdf0d5cdf06658e41a226547d44d3abf7906b64ea21b983b813d2a7dde2fc63921ac0c135cfc",,,"2022-03-18T23:10:00.000","15","NO CONTROLS","NO CONTROLS","RAIN","DARKNESS, LIGHTED ROAD","FIXED OBJECT","ALLEY",,"STRAIGHT AND LEVEL","WET","NO DEFECTS","ON SCENE","INJURY AND / OR TOW DUE TO CRASH",,,"Y","OVER $1,500","2022-03-18T23:12:00.000","UNDER THE INFLUENCE OF ALCOHOL/DRUGS (USE WHEN ARREST IS EFFECTED)","UNDER THE INFLUENCE OF ALCOHOL/DRUGS (USE WHEN ARREST IS EFFECTED)","4857","W","DEMING PL","2521",,,,,,,"1","NO INDICATION OF INJURY","0","0","0","0","0","1","0","23","6","3","41.926865141","-87.748679316","POINT (-87.748679315703 41.926865141361)"
"d50e44a50836c1585fb0275ec92f44354df8b0abd9b8aea7fd91dd1b580919a2f4334ab762baff299541fc268f4edade300d9ea282907e5d343805ff6cc00197",,,"2022-03-18T23:05:00.000","30","TRAFFIC SIGNAL","FUNCTIONING PROPERLY","RAIN","DARKNESS, LIGHTED ROAD","REAR END","FOUR WAY",,"STRAIGHT AND LEVEL","WET","NO DEFECTS","ON SCENE","NO INJURY / DRIVE AWAY",,,"Y","$501 - $1,500","2022-03-18T23:05:00.000","UNABLE TO DETERMINE","NOT APPLICABLE","3402","N","CICERO AVE","1634",,,,,,,"2","NO INDICATION OF INJURY","0","0","0","0","0","3","0","23","6","3","41.942578574","-87.747114309","POINT (-87.747114309493 41.942578573697)"
"e1e3b6045cc95488b3c264f495e7baf43548cd3dc5180590e41f07297d4a05721b751972da688d114932b07cb160d603f6c2b025f32339780c2cdbf6e2d247a6",,,"2022-03-18T23:00:00.000","30","TRAFFIC SIGNAL","FUNCTIONING PROPERLY","RAIN","DARKNESS, LIGHTED ROAD","SIDESWIPE SAME DIRECTION","ONE-WAY",,"STRAIGHT AND LEVEL","WET","UNKNOWN","ON SCENE","INJURY AND / OR TOW DUE TO CRASH",,,,"OVER $1,500","2022-03-18T23:19:00.000","UNABLE TO DETERMINE","NOT APPLICABLE","101","N","DESPLAINES ST","121",,,,,,,"3","NO INDICATION OF INJURY","0","0","0","0","0","5","0","23","6","3","41.883195776","-87.644019996","POINT (-87.644019995578 41.883195775848)"
"f3281c37169a72febeaff4f94e265984c965a20a6086435d7a0d8b1a0e705a10e231bda02eb680332b514032fb8544b9d6603b07a902d9acfcff090f25cdb93e",,,"2022-03-18T23:00:00.000","30","TRAFFIC SIGNAL","UNKNOWN","RAIN","DARKNESS, LIGHTED ROAD","REAR END","FOUR WAY",,"STRAIGHT AND LEVEL","WET","UNKNOWN","NOT ON SCENE (DESK REPORT)","NO INJURY / DRIVE AWAY",,,"Y","OVER $1,500","2022-03-18T23:15:00.000","WEATHER","UNABLE TO DETERMINE","3700","S","KEDZIE AVE","911",,,,,,,"2","NO INDICATION OF INJURY","0","0","0","0","0","2","0","23","6","3","41.826221605","-87.704650314","POINT (-87.704650314326 41.82622160482)"
"f4fd69d8b66ce9e1c351349687e5baec0f0bf2ddca496fc88c2a286bf1b37b22ecbca9563d894bdd23b194fe3db16ec5e443979e1ee6feb6c22f371a7685d985",,,"2022-03-18T23:00:00.000","30","NO CONTROLS","NO CONTROLS","RAIN","DARKNESS, LIGHTED ROAD","HEAD ON","NOT DIVIDED",,"STRAIGHT AND LEVEL","WET","NO DEFECTS","ON SCENE","INJURY AND / OR TOW DUE TO CRASH",,,,"OVER $1,500","2022-03-18T23:00:00.000","UNDER THE INFLUENCE OF ALCOHOL/DRUGS (USE WHEN ARREST IS EFFECTED)","UNDER THE INFLUENCE OF ALCOHOL/DRUGS (USE WHEN ARREST IS EFFECTED)","10","W","31ST ST","133",,,,,,,"3","INCAPACITATING INJURY","3","0","3","0","0","3","0","23","6","3","41.838405579","-87.627155458","POINT (-87.62715545802 41.838405578816)"
"fbbd0cba5b6823178d66ceb32c02ea3fdc24affa80728c24770356c4f57a644259f4d46c4a26b99cf46daf244b2296de1abb8c60f9d8423bfccfd403f98bd24c",,,"2022-03-18T23:00:00.000","30","STOP SIGN/FLASHER","NO CONTROLS","RAIN","DARKNESS, LIGHTED ROAD","TURNING","NOT DIVIDED",,"STRAIGHT AND LEVEL","WET","NO DEFECTS","NOT ON SCENE (DESK REPORT)","NO INJURY / DRIVE AWAY",,,"Y","OVER $1,500","2022-03-18T23:30:00.000","IMPROPER TURNING/NO SIGNAL","UNABLE TO DETERMINE","5264","W","GRAND AVE","2515",,,,,,,"2","NO INDICATION OF INJURY","0","0","0","0","0","2","0","23","6","3","41.917498592","-87.758354723","POINT (-87.758354722523 41.917498592041)"
"ff87657f1b17bcfc5aadbda8e9d900a662d0d6aeda8a9e16b3b4f0acb5a630ba4be2cd86204e08bbb00d9fb43f3f33b72a6c62c13df55a91b9e27fdb1399f9b7",,,"2022-03-18T23:00:00.000","30","NO CONTROLS","NO CONTROLS","RAIN","DARKNESS, LIGHTED ROAD","FIXED OBJECT","DIVIDED - W/MEDIAN BARRIER",,"STRAIGHT AND LEVEL","WET","NO DEFECTS","ON SCENE","INJURY AND / OR TOW DUE TO CRASH",,,,"OVER $1,500","2022-03-18T23:10:00.000","UNABLE TO DETERMINE","NOT APPLICABLE","4001","S","HALSTED ST","925",,,,,,,"1","NO INDICATION OF INJURY","0","0","0","0","0","1","0","23","6","3","41.821449843","-87.645722573","POINT (-87.645722572555 41.821449843238)"