"crash_record_id","rd_no","crash_date_est_i","crash_date","posted_speed_limit","traffic_control_device","device_condition","weather_condition","lighting_condition","first_crash_type","trafficway_type","lane_cnt","alignment","roadway_surface_cond","road_defect","report_type","crash_type","intersection_related_i","private_property_i","hit_and_run_i","damage","date_police_notified","prim_contributory_cause","sec_contributory_cause","street_no","street_direction","street_name","beat_of_occurrence","photos_taken_i","statements_taken_i","dooring_i","work_zone_i","work_zone_type","workers_present_i","num_units","most_severe_injury","injuries_total","injuries_fatal","injuries_incapacitating","injuries_non_incapacitating","injuries_reported_not_evident","injuries_no_indication","injuries_unknown","crash_hour","crash_day_of_week","crash_month","latitude","longitude","location"
"52e1846c672b8dabac3a86668349769a04b46265bffcf1973431891724b0743f6ea2ae7318d8e5ed235ba283db4608b5ea3c54786946fbc405833da57db2efea",,,"2022-03-18T22:59:00.000","30","TRAFFIC SIGNAL","UNKNOWN","RAIN","DARKNESS, LIGHTED ROAD","TURNING","ONE-WAY",,"STRAIGHT AND LEVEL","WET","UNKNOWN","NOT ON SCENE (DESK REPORT)","NO INJURY / DRIVE AWAY",,,"Y","$501 - $1,500","2022-03-18T23:45:00.000","IMPROPER TURNING/NO SIGNAL","NOT APPLICABLE","4801","W","LEXINGTON ST","1533",,,,,,,"2","NO INDICATION OF INJURY","0","0","0","0","0","2","0","22","6","3","41.871070483","-87.744973905","POINT (-87.744973904635 41.871070483337)"
"814e3ddcb1a1a435b82bd5431db6a22055ca41089687be371010673210fd8e96ce4343de1b4d58b44fa357a10ab5e29b3ed31d674d73155bc6a7f5745360a4c1",,,"2022-03-18T22:58:00.000","30","NO CONTROLS","NO CONTROLS","RAIN","DARKNESS, LIGHTED ROAD","PARKED MOTOR VEHICLE","NOT DIVIDED",,"STRAIGHT AND LEVEL","WET","NO DEFECTS","ON SCENE","NO INJURY / DRIVE AWAY",,,"Y","OVER $1,500","2022-03-18T23:08:00.000","UNABLE TO DETERMINE","UNABLE TO DETERMINE","4443","S","CALIFORNIA AVE","922",,,,,,,"4","NO INDICATION OF INJURY","0","0","0","0","0","1","0","22","6","3","41.812459722","-87.694182922","POINT (-87.694182921857 41.812459721847)"
"617991b373c423ae8ac3ac8ab16e6da7c4da3dcfc91e6888840f0350ff960590a4510d7410179cf4578b4882d821734ee0af9185b5c884c8cc970f8fccbf7b06",,,"2022-03-18T22:48:00.000","30","TRAFFIC SIGNAL","FUNCTIONING PROPERLY","RAIN","DARKNESS, LIGHTED ROAD","TURNING","FOUR WAY",,"STRAIGHT AND LEVEL","WET","NO DEFECTS","NOT ON SCENE (DESK REPORT)","INJURY AND / OR TOW DUE TO CRASH","Y",,,"OVER $1,500","2022-03-19T00:15:00.000","UNABLE TO DETERMINE","UNABLE TO DETERMINE","500","N","COLUMBUS DR","1834",,,,,,,"2","NO INDICATION OF INJURY","0","0","0","0","0","5","0","22","6","3","41.891044569","-87.620371839","POINT (-87.620371839074 41.891044569124)"
"9576824d4d69cc0d78137d1c3843bc7b5f2cfaf64b0d2572db77663fe1691e3c86c3b73d9316e6e7c3b48366cd01788c6a0a75c420ac4c9dec0b3de217f97ff5",,,"2022-03-18T22:40:00.000","35","TRAFFIC SIGNAL","FUNCTIONING PROPERLY","RAIN","DARKNESS, LIGHTED ROAD","REAR END","DIVIDED - W/MEDIAN (NOT RAISED)",,"STRAIGHT AND LEVEL","WET","NO DEFECTS","ON SCENE","NO INJURY / DRIVE AWAY",,,"Y","OVER $1,500","2022-03-18T22:44:00.000","UNABLE TO DETERMINE","NOT APPLICABLE","601","S","AUSTIN BLVD","1513",,,,,,,"2","NO INDICATION OF INJURY","0","0","0","0","0","2","0","22","6","3","41.872698223","-87.774259199","POINT (-87.774259199052 41.872698222768)"
"a045c2163fe619c61459c23b3b6526aa619e7d08f2fd82383eed54d80ce31828a1684757d747deb199a358162b6c90a8a39c30609f93baf438fa7ec015b67e97",,,"2022-03-18T22:36:00.000","30","STOP SIGN/FLASHER","NO CONTROLS","RAIN","DARKNESS, LIGHTED ROAD","ANGLE","FOUR WAY",,"STRAIGHT AND LEVEL","WET","NO DEFECTS","ON SCENE","INJURY AND / OR TOW DUE TO CRASH",,,"Y","OVER $1,500","2022-03-18T22:36:00.000","UNABLE TO DETERMINE","NOT APPLICABLE","4700","W","CONGRESS PKWY","1131",,,,,,,"2","NONINCAPACITATING INJURY","1","0","0","1","0","3","0","22","6","3","41.874248969","-87.74272507","POINT (-87.742725069626 41.87424896863)"
"66eff30885fbbbc5e137825315b784c3180203292dbcd8e4c69aafe8e32e3e464fa3e8d884564fc47fb6bef6e0516a1a9c9364fc714a365a628123d8d5dda268",,,"2022-03-18T22:30:00.000","25","UNKNOWN","UNKNOWN","UNKNOWN","DARKNESS, LIGHTED ROAD","PARKED MOTOR VEHICLE","NOT DIVIDED",,"STRAIGHT AND LEVEL","WET","UNKNOWN","NOT ON SCENE (DESK REPORT)","NO INJURY / DRIVE AWAY",,,"Y","OVER $1,500","2022-03-19T14:30:00.000","UNABLE TO DETERMINE","UNABLE TO DETERMINE","8505","S","KEDZIE AVE","835",,,,,,,"2","NO INDICATION OF INJURY","0","0","0","0","0","1","0","22","6","3","41.738697732","-87.7019411","POINT (-87.701941099989 41.738697731523)"
"62adaea60b0bbcbd4667bb3bf3cab460c711496a4a07811786a08d8eab3ec2365ca3340030fa925b9ead6fbd31cfd51609c284c1988d2e8598bc844f6fdf98f0",,,"2022-03-18T22:28:00.000","30","NO CONTROLS","NO CONTROLS","CLEAR","DARKNESS, LIGHTED ROAD","SIDESWIPE SAME DIRECTION","NOT DIVIDED",,"STRAIGHT AND LEVEL","DRY","NO DEFECTS","NOT ON SCENE (DESK REPORT)","NO INJURY / DRIVE AWAY",,,,"$501 - $1,500","2022-03-19T02:53:00.000","FAILING TO YIELD RIGHT-OF-WAY","FAILING TO YIELD RIGHT-OF-WAY","1164","N","DEARBORN ST","1824",,,,,,,"2","NO INDICATION OF INJURY","0","0","0","0","0","3","0","22","6","3","41.903813168","-87.630129851","POINT (-87.630129851143 41.903813167942)"
"2dbcec63c502bc9796010eab7519a7ddb238191f8e2a08b4e5e0d4bfc33b38c1208024f0d515a91363ce9130ddfc9984ca455294a356ff8616961917d3500d5b",,,"2022-03-18T22:20:00.000","30","NO CONTROLS","NO CONTROLS","RAIN","DARKNESS, LIGHTED ROAD","SIDESWIPE SAME DIRECTION","DIVIDED - W/MEDIAN BARRIER",,"STRAIGHT AND LEVEL","WET","NO DEFECTS","NOT ON SCENE (DESK REPORT)","NO INJURY / DRIVE AWAY",,,,"$501 - $1,500","2022-03-18T23:15:00.000","UNABLE TO DETERMINE","UNABLE TO DETERMINE","800","N","LAKE SHORE DR NB","1833",,,,,,,"2","NO INDICATION OF INJURY","0","0","0","0","0","2","0","22","6","3","41.896804972","-87.617027423","POINT (-87.617027423234 41.896804972416)"
"02e88138fbd44873ab03a00533d5bf903b4699270468f6f3ce29a3654d84dead6739653870a7d216da38f4e6f6ade5073884d4041f09b0b2079c0ed533006abb",,,"2022-03-18T22:18:00.000","25","NO CONTROLS","NO CONTROLS","RAIN","DARKNESS","PARKED MOTOR VEHICLE","NOT DIVIDED",,"STRAIGHT AND LEVEL","WET","NO DEFECTS","ON SCENE","INJURY AND / OR TOW DUE TO CRASH",,,,"OVER $1,500","2022-03-18T22:30:00.000","DRIVING SKILLS/KNOWLEDGE/EXPERIENCE","NOT APPLICABLE","4873","N","LAVERGNE AVE","1623","Y",,,,,,"2","NO INDICATION OF INJURY","0","0","0","0","0","1","0","22","6","3","41.96975136","-87.752532975","POINT (-87.752532974836 41.969751359797)"
"aeb60f602f9dc154053599f365f5b0ecc73e03a266b6320f77cc412b27370d8175d8d27a942c6e3efcc58e7ce5e76616b89b2da09f1d5faf6cb0937b5623bfc2",,"Y","2022-03-18T22:17:00.000","25","NO CONTROLS","NO CONTROLS","RAIN","DARKNESS, LIGHTED ROAD","FIXED OBJECT","NOT DIVIDED",,"STRAIGHT AND LEVEL","WET","NO DEFECTS","ON SCENE","INJURY AND / OR TOW DUE TO CRASH",,"Y","Y","OVER $1,500","2022-03-18T22:17:00.000","NOT APPLICABLE","NOT APPLICABLE","408","S","KILPATRICK AVE","1131",,,,,,,"1","NO INDICATION OF INJURY","0","0","0","0","0","1","0","22","6","3","41.874732172","-87.742770812","POINT (-87.74277081178 41.874732172167)"
"8b4a37d33a0183df3d8a3b27f33e85b88f2b21024f60e0b75cb8a30badddff98a3d4f0bc81dfe1b42f5f2fd451b1dda0bfa4e4e06ebec71860d05f154041d13c",,,"2022-03-18T22:15:00.000","30","TRAFFIC SIGNAL","FUNCTIONING IMPROPERLY","RAIN","DARKNESS, LIGHTED ROAD","REAR END","NOT DIVIDED",,"STRAIGHT AND LEVEL","WET","NO DEFECTS","NOT ON SCENE (DESK REPORT)","NO INJURY / DRIVE AWAY","Y",,,"$501 - $1,500","2022-03-19T09:30:00.000","FOLLOWING TOO CLOSELY","FAILING TO REDUCE SPEED TO AVOID CRASH","202","E","MARQUETTE RD","322",,,,,,,"2","NO INDICATION OF INJURY","0","0","0","0","0","2","0","22","6","3","41.772993315","-87.620133388","POINT (-87.620133387565 41.772993314896)"
"c30e5d91349110239d0505c9a667aa6a2f7ef77fbe9885faa6d98199a09d1e15f49014940f069784fb89f1359263d979173380b2013692e56d7e226dc712373a",,,"2022-03-18T22:11:00.000","30","TRAFFIC SIGNAL","FUNCTIONING PROPERLY","RAIN","DARKNESS, LIGHTED ROAD","TURNING","FOUR WAY",,"STRAIGHT AND LEVEL","WET","NO DEFECTS","ON SCENE","NO INJURY / DRIVE AWAY","Y",,"Y","$501 - $1,500","2022-03-18T22:11:00.000","FAILING TO YIELD RIGHT-OF-WAY","IMPROPER TURNING/NO SIGNAL","5200","N","ASHLAND AVE","2012",,,,,,,"2","NO INDICATION OF INJURY","0","0","0","0","0","2","0","22","6","3","41.976216437","-87.669761602","POINT (-87.669761602136 41.976216437221)"
"41365c957bd775bce97ee072f9b6f7d26c15bce45eb7c9300f50ad80ad7f47ec5f000f330356b6ab252bbcc33bf534f8d0d32dc745c50576a3125dcc1a9854a5",,,"2022-03-18T22:05:00.000","30","TRAFFIC SIGNAL","FUNCTIONING PROPERLY","RAIN","DARKNESS, LIGHTED ROAD","REAR END","DIVIDED - W/MEDIAN (NOT RAISED)",,"STRAIGHT AND LEVEL","WET","NO DEFECTS","NOT ON SCENE (DESK REPORT)","NO INJURY / DRIVE AWAY",,,,"$501 - $1,500","2022-03-18T22:50:00.000","FOLLOWING TOO CLOSELY","WEATHER","2399","N","ASHLAND AVE","1811",,,,,,,"4","NO INDICATION OF INJURY","0","0","0","0","0","6","0","22","6","3","41.925110816","-87.667997322","POINT (-87.667997321599 41.925110815832)"
"3e754a33d61cf94c8a560b9a1c1610c049f06df70b5c4b706dc1edea2515a3532cbb346ea3515a00d71eaf48fcf0eb8c016804da5e162f88651635560cb4882f",,,"2022-03-18T22:00:00.000","30","NO CONTROLS","NO CONTROLS","RAIN","DARKNESS, LIGHTED ROAD","SIDESWIPE SAME DIRECTION","NOT DIVIDED",,"STRAIGHT AND LEVEL","WET","UNKNOWN","NOT ON SCENE (DESK REPORT)","NO INJURY / DRIVE AWAY",,,,"$501 - $1,500","2022-03-18T23:00:00.000","UNABLE TO DETERMINE","UNABLE TO DETERMINE","1446","W","IRVING PARK RD","1912",,,,,,,"2","NO INDICATION OF INJURY","0","0","0","0","0","2","0","22","6","3","41.954437209","-87.666147172","POINT (-87.666147172415 41.954437208652)"
"4131531f28843088fe2b7570aa2016ee17f28232b07c2c3f8cb3cb1005d3200ff81c348d291434d60d02e0d0ac6f4085ef21a18771ef3ca7876d07d829a2ede9",,,"2022-03-18T22:00:00.000","45","NO CONTROLS","NO CONTROLS","RAIN","DARKNESS, LIGHTED ROAD","SIDESWIPE SAME DIRECTION","DIVIDED - W/MEDIAN BARRIER",,"STRAIGHT AND LEVEL","WET","UNKNOWN","NOT ON SCENE (DESK REPORT)","NO INJURY / DRIVE AWAY","Y",,,"OVER $1,500","2022-03-19T13:30:00.000","IMPROPER LANE USAGE","IMPROPER LANE USAGE","799","N","LAKE SHORE DR NB","1833",,,,,,,"2","NO INDICATION OF INJURY","0","0","0","0","0","2","0","22","6","3","41.896826606","-87.616504039","POINT (-87.616504038799 41.896826606292)"
"ddec98a5c757900d8257ecfa66c03cd87474a88fac9cedcdae245b23d2705e6052da38900c9d8ec16c19796c54ce77934d3806e48c7341de114b855c091d5425",,,"2022-03-18T22:00:00.000","30","NO CONTROLS","NO CONTROLS","CLEAR","DARKNESS","SIDESWIPE SAME DIRECTION","NOT DIVIDED",,"STRAIGHT AND LEVEL","DRY","NO DEFECTS","NOT ON SCENE (DESK REPORT)","NO INJURY / DRIVE AWAY",,,"Y","$501 - $1,500","2022-03-21T09:30:00.000","UNABLE TO DETERMINE","UNABLE TO DETERMINE","708","W","BELMONT AVE","1925",,,,,,,"2","NO INDICATION OF INJURY","0","0","0","0","0","2","0","22","6","3","41.940119796","-87.647261663","POINT (-87.647261663065 41.940119795567)"
"73f8d067b82ecc4c378b7e0f39f1cf4b2cae26f57135d2717dd901bad00910ceb055d3c725d9c7de62aa926b3ffe39ebb2c8e87e22b0748c9e3c1cdbc9ab4b37",,,"2022-03-18T21:55:00.000","30","NO CONTROLS","NO CONTROLS","UNKNOWN","DARKNESS, LIGHTED ROAD","SIDESWIPE SAME DIRECTION","NOT DIVIDED",,"STRAIGHT AND LEVEL","UNKNOWN","UNKNOWN","NOT ON SCENE (DESK REPORT)","NO INJURY / DRIVE AWAY","Y",,,"OVER $1,500","2022-03-21T23:30:00.000","UNABLE TO DETERMINE","NOT APPLICABLE","1434","W","IRVING PARK RD","1912",,,,,,,"2","NO INDICATION OF INJURY","0","0","0","0","0","2","0","21","6","3","41.954445157","-87.665612332","POINT (-87.665612331554 41.954445157325)"
"bcd7655bd837d31b6181597df567605c314aa9e50b43505abc6cba477a99abfe1aa94ca892d7d1335a31f5dfb23b5d1a191ba27aa20ac268dd2f93bc5bc8b786",,,"2022-03-18T21:55:00.000","30","STOP SIGN/FLASHER","FUNCTIONING PROPERLY","RAIN","DUSK","REAR END","DIVIDED - W/MEDIAN (NOT RAISED)",,"STRAIGHT AND LEVEL","WET","NO DEFECTS","ON SCENE","INJURY AND / OR TOW DUE TO CRASH","Y",,,"$501 - $1,500","2022-03-18T21:56:00.000","FAILING TO REDUCE SPEED TO AVOID CRASH","UNABLE TO DETERMINE","2501","W","DIVISION ST","1211",,,,,,,"2","NONINCAPACITATING INJURY","1","0","0","1","0","2","0","21","6","3","41.902882416","-87.689548625","POINT (-87.689548624987 41.902882415674)"
"f781ca1aaa991b0447c0c48b9ef93733983b98ada1ab4066fb8d2cd70ce93d7348f3e954949aab93ef21720dc4133322120657289fde2941f9fe196c6310c9a9",,,"2022-03-18T21:37:00.000","25","NO CONTROLS","NO CONTROLS","RAIN","DARKNESS","FIXED OBJECT","NOT DIVIDED",,"STRAIGHT AND LEVEL","WET","UNKNOWN","ON SCENE","NO INJURY / DRIVE AWAY",,,,"OVER $1,500","2022-03-18T23:07:00.000","DRIVING SKILLS/KNOWLEDGE/EXPERIENCE","NOT APPLICABLE","4545","W","PALMER ST","2522",,,,,,,"1","NO INDICATION OF INJURY","0","0","0","0","0","1","0","21","6","3","41.920546151","-87.740639173","POINT (-87.740639172995 41.920546150517)"
"1c8b7e93b1e7d67108583b6710856f4c6fd5b863f910159f870e7dd61c992bb6f9a7e570aaf9321dd7b8742b84f393d089c6a89dda743abf340cc137eedd8914",,,"2022-03-18T21:30:00.000","15","NO CONTROLS","NO CONTROLS","RAIN","DARKNESS, LIGHTED ROAD","REAR TO REAR","PARKING LOT",,"STRAIGHT AND LEVEL","WET","NO DEFECTS","ON SCENE","NO INJURY / DRIVE AWAY",,,,"$500 OR LESS","2022-03-18T21:35:00.000","IMPROPER BACKING","NOT APPLICABLE","1919","N","CICERO AVE","2533",,,,,,,"2","NO INDICATION OF INJURY","0","0","0","0","0","3","0","21","6","3","41.915710146","-87.745907755","POINT (-87.745907754514 41.915710145553)"
"f675676b5e9353739d0f3c1623d613d5d1b2fbed22551586b7da91ee889eb5c1c2af4d379ae939491095d682bacd7b275901cbd281ca95f77a387b6fbb3c0280",,,"2022-03-18T21:30:00.000","30","NO CONTROLS","NO CONTROLS","CLEAR","DARKNESS, LIGHTED ROAD","PARKED MOTOR VEHICLE","ALLEY",,"STRAIGHT AND LEVEL","DRY","NO DEFECTS","NOT ON SCENE (DESK REPORT)","NO INJURY / DRIVE AWAY",,,"Y","$501 - $1,500","2022-03-19T14:00:00.000","IMPROPER BACKING","NOT APPLICABLE","4435","W","DIVISION ST","1111",,,,,,,"2","NO INDICATION OF INJURY","0","0","0","0","0","1","0","21","6","3","41.902378229","-87.737516848","POINT (-87.737516847975 41.902378228785)"
"7f4db106d7efdfeee8cf110dfa71c62dc3fd6c5872b16235693149f4b223bd72bf9419252716cf1a71eff8ef29643c5c77b3d3c2720b788979e2b29bcc851890",,,"2022-03-18T21:29:00.000","30","NO CONTROLS","NO CONTROLS","RAIN","DARKNESS, LIGHTED ROAD","PEDESTRIAN","DIVIDED - W/MEDIAN (NOT RAISED)",,"STRAIGHT AND LEVEL","WET","NO DEFECTS","ON SCENE","INJURY AND / OR TOW DUE TO CRASH",,,"Y","OVER $1,500","2022-03-18T22:43:00.000","UNABLE TO DETERMINE","NOT APPLICABLE","3058","W","LAWRENCE AVE","1713",,,,,,,"2","NONINCAPACITATING INJURY","1","0","0","1","0","1","0","21","6","3","41.968585663","-87.705972521","POINT (-87.705972521401 41.968585662617)"
"7347fdc4736370041f31ecb02ec4f45837df70e34c400a777b17f8319632233074629b3125ce7d55293b2e6ddc1957d4f1c5f0e09cc5154c319f714372d5199f",,,"2022-03-18T21:20:00.000","30","TRAFFIC SIGNAL","FUNCTIONING PROPERLY","RAIN","DARKNESS, LIGHTED ROAD","TURNING","FOUR WAY",,"STRAIGHT AND LEVEL","WET","NO DEFECTS","NOT ON SCENE (DESK REPORT)","NO INJURY / DRIVE AWAY","Y",,,"$501 - $1,500","2022-03-18T21:30:00.000","UNABLE TO DETERMINE","UNABLE TO DETERMINE","5158","N","CENTRAL AVE","1622",,,,,,,"2","NO INDICATION OF INJURY","0","0","0","0","0","3","0","21","6","3","41.97517737","-87.768638379","POINT (-87.768638379413 41.975177369913)"
"f83959d5fe0ce5b3f1d45659cfddb7219684977fa764129f56ad75f20a39db033f4125d7d28a6bd621e05bc781eceba1f5639e050d6f64f07057fe0bfd72eb8b",,,"2022-03-18T21:16:00.000","30","NO CONTROLS","NO CONTROLS","RAIN","DARKNESS, LIGHTED ROAD","SIDESWIPE SAME DIRECTION","DIVIDED - W/MEDIAN (NOT RAISED)",,"STRAIGHT AND LEVEL","WET","NO DEFECTS","ON SCENE","INJURY AND / OR TOW DUE TO CRASH",,,,"OVER $1,500","2022-03-18T21:30:00.000","FAILING TO YIELD RIGHT-OF-WAY","UNABLE TO DETERMINE","2530","N","CLARK ST","1935",,,,,,,"2","NONINCAPACITATING INJURY","1","0","0","1","0","3","0","21","6","3","41.928585159","-87.642423913","POINT (-87.642423912707 41.928585159058)"
"1a19bd93d41f0f681ffef95defdb17e16c4a0f93eabcb05a7179e1436044dcaffb46d119429f962a10f6b60b889c9c761538da5e45f4a10c093b939bf489f8d0",,,"2022-03-18T21:15:00.000","20","STOP SIGN/FLASHER","FUNCTIONING IMPROPERLY","RAIN","DARKNESS","PARKED MOTOR VEHICLE","ONE-WAY",,"STRAIGHT AND LEVEL","WET","UNKNOWN","ON SCENE","INJURY AND / OR TOW DUE TO CRASH",,,"Y","OVER $1,500","2022-03-18T21:18:00.000","UNABLE TO DETERMINE","NOT APPLICABLE","2601","N","LINDER AVE","2514",,,,,,,"3","NO INDICATION OF INJURY","0","0","0","0","0","1","0","21","6","3","41.927685185","-87.763512836","POINT (-87.763512836089 41.927685184786)"
"1ff5611161755c0b104fc59a3a981d561491f530f95b952a42782eda93c8f83702666ea8e453dfc2a9359cc60c0f627a50d063acb7b7d51cb6aba6ea97abbf20",,,"2022-03-18T21:09:00.000","30","TRAFFIC SIGNAL","FUNCTIONING PROPERLY","RAIN","DARKNESS, LIGHTED ROAD","PEDESTRIAN","DIVIDED - W/MEDIAN (NOT RAISED)",,"STRAIGHT AND LEVEL","WET","NO DEFECTS","ON SCENE","INJURY AND / OR TOW DUE TO CRASH","Y",,,"OVER $1,500","2022-03-18T21:32:00.000","UNABLE TO DETERMINE","NOT APPLICABLE","1802","S","WESTERN AVE","1023",,"Y",,,,,"2","REPORTED, NOT EVIDENT","1","0","0","0","1","1","0","21","6","3","41.857393676","-87.6859589","POINT (-87.685958900178 41.857393676185)"
"c285b35a8df0a26d50679119aff97ccf04c6b6ff6b3f8aa6ef699ac864833a238bf39e1b77288b24383000f52f1e12c9525d4824da92950c0ab54a1cb21be6cb",,,"2022-03-18T21:07:00.000","30","NO CONTROLS","NO CONTROLS","RAIN","DARKNESS, LIGHTED ROAD","SIDESWIPE SAME DIRECTION","NOT DIVIDED",,"STRAIGHT AND LEVEL","WET","NO DEFECTS","NOT ON SCENE (DESK REPORT)","NO INJURY / DRIVE AWAY",,,"Y","$500 OR LESS","2022-03-18T23:50:00.000","UNABLE TO DETERMINE","UNABLE TO DETERMINE","4735","N","CENTRAL PARK AVE","1723",,,,,,,"2","NO INDICATION OF INJURY","0","0","0","0","0","2","0","21","6","3","41.967582378","-87.718081955","POINT (-87.71808195519 41.967582378239)"
"1149cbfdb1565238418d88f565ebe923709409e9bc6594c687b1353d2ae648402554ed2dd172c788c1ac7e58b0b9fd7ef5c28be99a1a1105d4999cc9d7c05aee",,"Y","2022-03-18T21:00:00.000","30","NO CONTROLS","NO CONTROLS","CLEAR","DARKNESS, LIGHTED ROAD","PARKED MOTOR VEHICLE","DIVIDED - W/MEDIAN (NOT RAISED)",,"STRAIGHT AND LEVEL","DRY","UNKNOWN","NOT ON SCENE (DESK REPORT)","NO INJURY / DRIVE AWAY",,,"Y","OVER $1,500","2022-03-21T13:15:00.000","UNABLE TO DETERMINE","UNABLE TO DETERMINE","1750","N","CAMPBELL AVE","1434",,,,,,,"2","NO INDICATION OF INJURY","0","0","0","0","0","1","0","21","6","3","41.91352419","-87.689893635","POINT (-87.689893634604 41.913524189716)"
"86c481938720cb056071b9fb27e521e5cde16060250c7de4c2dfd2a62a146c21098161300badc3b40ea2e2bb12c41caa6ac515385e78d6b65335cb7a5c1fe956",,,"2022-03-18T21:00:00.000","20","NO CONTROLS","NO CONTROLS","CLEAR","DARKNESS, LIGHTED ROAD","FIXED OBJECT","ALLEY",,"STRAIGHT AND LEVEL","DRY","UNKNOWN","NOT ON SCENE (DESK REPORT)","NO INJURY / DRIVE AWAY",,"Y","Y","OVER $1,500","2022-03-21T14:10:00.000","UNABLE TO DETERMINE","UNABLE TO DETERMINE","2614","S","ST LOUIS AVE","1032",,,,,,,"1","NO INDICATION OF INJURY","0","0","0","0","0","1","0","21","6","3","41.843922644","-87.712482488","POINT (-87.712482488 41.843922643754)"
"8913c34107fcda75de3a688ef7c8abeea00ac0075734193f31c4b1c6a46026607822fa262f4ea5b2c636cb32fedc46f1a3c8fff5818763bc03f869c6739db3ec",,,"2022-03-18T21:00:00.000","30","NO CONTROLS","NO CONTROLS","RAIN","UNKNOWN","PARKED MOTOR VEHICLE","NOT DIVIDED",,"STRAIGHT AND LEVEL","WET","NO DEFECTS","ON SCENE","NO INJURY / DRIVE AWAY",,,"Y","$501 - $1,500","2022-03-19T16:20:00.000","UNABLE TO DETERMINE","NOT APPLICABLE","4023","W","31ST ST","1031",,,,,,,"2","NO INDICATION OF INJURY","0","0","0","0","0","1","0","21","6","3","41.836761054","-87.725270355","POINT (-87.725270354732 41.836761054386)"
"c99cc25d547f7c87b1be067468a0d4ec111d37c4c355e1aed161a37d33950b4e9280dc856e9028ed885a164ea86c76433d85731decd3c553b999dd1ce649ceca",,"Y","2022-03-18T21:00:00.000","30","NO CONTROLS","NO CONTROLS","RAIN","UNKNOWN","PARKED MOTOR VEHICLE","ONE-WAY",,"STRAIGHT AND LEVEL","WET","UNKNOWN","NOT ON SCENE (DESK REPORT)","NO INJURY / DRIVE AWAY",,,"Y","OVER $1,500","2022-03-19T12:25:00.000","UNABLE TO DETERMINE","UNABLE TO DETERMINE","7519","S","YALE AVE","623",,,,,,,"2","NO INDICATION OF INJURY","0","0","0","0","0","1","0","21","6","3","41.757379758","-87.631085792","POINT (-87.631085792391 41.757379757796)"
"088333da2789c4099e323cb4b6f547ca7851e44864f05edec9436b65402b57bca8d5bfebf3292230de962bb0f985be261b9d4c82c8bce2dac14b1d4dd8325a51",,,"2022-03-18T20:55:00.000","25","UNKNOWN","UNKNOWN","RAIN","DARKNESS","ANGLE","PARKING LOT",,"STRAIGHT AND LEVEL","WET","UNKNOWN","ON SCENE","NO INJURY / DRIVE AWAY",,"Y",,"OVER $1,500","2022-03-18T23:09:00.000","FAILING TO REDUCE SPEED TO AVOID CRASH","FAILING TO REDUCE SPEED TO AVOID CRASH","4404","W","BERTEAU AVE","1722",,,,,,,"2","NO INDICATION OF INJURY","0","0","0","0","0","2","0","20","6","3","41.957242888","-87.738511234","POINT (-87.73851123386 41.957242888387)"
"dee5096375e5053645303d8aa4f8d6f0621159804acdf9b8cae3cfea1fabcb45997bcefd71611c6b634b917c831255b0e28307b233398055f9f33c098f0c427e",,,"2022-03-18T20:55:00.000","30","TRAFFIC SIGNAL","FUNCTIONING PROPERLY","RAIN","DARKNESS, LIGHTED ROAD","TURNING","NOT DIVIDED",,"STRAIGHT AND LEVEL","WET","NO DEFECTS","NOT ON SCENE (DESK REPORT)","INJURY AND / OR TOW DUE TO CRASH",,,"Y","OVER $1,500","2022-03-18T21:15:00.000","UNABLE TO DETERMINE","NOT APPLICABLE","5200","N","AUSTIN AVE","1622",,,,,,,"2","NO INDICATION OF INJURY","0","0","0","0","0","2","0","20","6","3","41.97576096","-87.778325268","POINT (-87.778325268258 41.975760959522)"
"3100d793573637e783506425f085a87d01862467c03cf10b7bd9ad8a7b7ce7367b0db633575d3f4195c8f5f35891a83d12af6bd5e94422c708e1583c6eb285a6",,,"2022-03-18T20:45:00.000","30","TRAFFIC SIGNAL","FUNCTIONING PROPERLY","CLEAR","DAYLIGHT","ANGLE","ONE-WAY",,"STRAIGHT AND LEVEL","DRY","NO DEFECTS","NOT ON SCENE (DESK REPORT)","NO INJURY / DRIVE AWAY","Y",,"Y","OVER $1,500","2022-03-20T14:00:00.000","FAILING TO YIELD RIGHT-OF-WAY","FAILING TO YIELD RIGHT-OF-WAY","4300","S","MICHIGAN AVE","215",,,,,,,"2","NO INDICATION OF INJURY","0","0","0","0","0","2","0","20","6","3","41.816447072","-87.623175874","POINT (-87.623175873911 41.816447071893)"